     shots,    errors,  discards, seconds,decoder,strong_id,json_metadata,custom_counts
       273,         0,       179,   0.012,PymatchingGapSampler,b5ef05b24abc92d86d9495c0b40efa77873b4d4896413cdea267f9f052052b98,"{""c"":""compiled-3q-multiplier-16-rotated-HXY"",""d1"":3,""d2"":5,""d3"":9,""noise"":""uniform_atoms"",""p"":0.016}","{""C102"":1,""C107"":1,""C113"":2,""C116"":1,""C119"":1,""C123"":1,""C125"":1,""C126"":1,""C128"":3,""C130"":2,""C133"":1,""C135"":1,""C136"":1,""C138"":59,""C69"":1,""C73"":1,""C82"":3,""C83"":3,""C85"":1,""C87"":2,""C91"":1,""C92"":1,""C93"":1,""C98"":2,""C99"":2}"
       273,         0,       163,   0.019,PymatchingGapSampler,4a3d7bda5757f7bb69a442074b5181897af381a3b4dbe9ab72cc3997cc72a4c6,"{""c"":""compiled-3q-multiplier-12-rotated-HXY"",""d1"":3,""d2"":5,""d3"":9,""noise"":""uniform_atoms"",""p"":0.012}","{""C100"":1,""C103"":2,""C104"":1,""C106"":2,""C108"":1,""C112"":1,""C113"":1,""C114"":1,""C115"":1,""C116"":1,""C118"":2,""C128"":1,""C129"":2,""C130"":2,""C131"":1,""C132"":2,""C133"":5,""C134"":1,""C137"":2,""C138"":1,""C139"":67,""C40"":1,""C64"":1,""C77"":1,""C79"":1,""C81"":2,""C85"":1,""C91"":1,""C93"":1,""C96"":1,""C97"":1,""C99"":1}"
       273,         0,       112,   0.018,PymatchingGapSampler,48745cbc9d131ede04aad5a664c79653032f86ac364eb54c884fc483279471f7,"{""c"":""compiled-3q-multiplier-2-rotated-HXY"",""d1"":3,""d2"":5,""d3"":9,""noise"":""uniform_atoms"",""p"":0.002}","{""C100"":2,""C102"":1,""C105"":2,""C107"":2,""C108"":1,""C110"":1,""C116"":2,""C117"":1,""C118"":3,""C119"":1,""C120"":1,""C123"":1,""C124"":1,""C125"":1,""C127"":1,""C129"":1,""C132"":2,""C133"":3,""C134"":1,""C136"":1,""C137"":2,""C138"":3,""C139"":108,""C73"":1,""C77"":1,""C81"":1,""C83"":2,""C84"":3,""C87"":2,""C88"":1,""C89"":1,""C90"":1,""C91"":1,""C97"":2,""C98"":2,""C99"":1}"
      1024,         0,       653,   0.032,PymatchingGapSampler,b5ef05b24abc92d86d9495c0b40efa77873b4d4896413cdea267f9f052052b98,"{""c"":""compiled-3q-multiplier-16-rotated-HXY"",""d1"":3,""d2"":5,""d3"":9,""noise"":""uniform_atoms"",""p"":0.016}","{""C101"":2,""C102"":4,""C103"":1,""C104"":1,""C105"":3,""C106"":1,""C107"":1,""C108"":4,""C109"":1,""C110"":2,""C111"":2,""C112"":2,""C113"":1,""C114"":1,""C115"":1,""C116"":7,""C117"":1,""C118"":3,""C120"":4,""C121"":3,""C123"":5,""C124"":1,""C125"":3,""C126"":1,""C128"":3,""C129"":1,""C130"":3,""C131"":1,""C132"":3,""C133"":2,""C134"":2,""C135"":3,""C138"":253,""C25"":1,""C59"":2,""C70"":1,""C72"":1,""C77"":2,""C81"":3,""C82"":2,""C83"":3,""C84"":1,""C85"":3,""C86"":1,""C87"":1,""C88"":1,""C90"":4,""C91"":1,""C92"":4,""C94"":2,""C96"":10,""C98"":1,""C99"":1}"
      1024,         0,       636,   0.027,PymatchingGapSampler,4a3d7bda5757f7bb69a442074b5181897af381a3b4dbe9ab72cc3997cc72a4c6,"{""c"":""compiled-3q-multiplier-12-rotated-HXY"",""d1"":3,""d2"":5,""d3"":9,""noise"":""uniform_atoms"",""p"":0.012}","{""C100"":2,""C101"":2,""C102"":5,""C103"":2,""C105"":2,""C106"":4,""C107"":2,""C108"":3,""C109"":1,""C110"":1,""C111"":3,""C112"":3,""C114"":5,""C115"":2,""C117"":4,""C118"":1,""C119"":2,""C120"":2,""C121"":3,""C122"":3,""C124"":1,""C125"":2,""C126"":2,""C128"":1,""C130"":3,""C131"":3,""C132"":1,""C133"":3,""C134"":5,""C135"":2,""C136"":6,""C137"":2,""C138"":3,""C139"":261,""C30"":1,""C62"":1,""C67"":1,""C71"":1,""C75"":1,""C79"":1,""C83"":4,""C85"":2,""C86"":3,""C87"":1,""C88"":3,""C89"":1,""C90"":3,""C91"":1,""C92"":2,""C93"":4,""C94"":1,""C95"":1,""C96"":4,""C97"":1,""C98"":1,""C99"":3}"
       273,         0,       137,   0.015,PymatchingGapSampler,fa07acd832628ab615a7950e66d49f62ecef29ab8105ac4c978b008bb87ecdec,"{""c"":""compiled-3q-multiplier-3-rotated-HXY"",""d1"":3,""d2"":5,""d3"":9,""noise"":""uniform_atoms"",""p"":0.003}","{""C102"":2,""C103"":2,""C105"":1,""C108"":2,""C110"":2,""C111"":1,""C113"":2,""C116"":2,""C117"":1,""C119"":1,""C120"":1,""C123"":1,""C128"":1,""C130"":1,""C131"":1,""C132"":1,""C133"":1,""C136"":1,""C138"":1,""C139"":97,""C72"":1,""C80"":1,""C83"":2,""C87"":1,""C88"":1,""C89"":2,""C93"":1,""C95"":2,""C96"":1,""C98"":1,""C99"":1}"
       273,         0,       115,   0.013,PymatchingGapSampler,3b6c05e615564709dbfa395808f2e19641a9b1a0d8cff5bf6b0c54daa36894dc,"{""c"":""compiled-3q-multiplier-1-rotated-HXY"",""d1"":3,""d2"":5,""d3"":9,""noise"":""uniform_atoms"",""p"":0.001}","{""C100"":3,""C103"":2,""C106"":2,""C107"":1,""C108"":2,""C111"":2,""C112"":1,""C114"":2,""C115"":1,""C117"":5,""C118"":2,""C124"":1,""C128"":1,""C129"":1,""C130"":1,""C135"":1,""C136"":2,""C138"":1,""C139"":108,""C53"":2,""C68"":1,""C73"":1,""C83"":6,""C84"":2,""C87"":2,""C88"":1,""C90"":1,""C91"":1,""C95"":1,""C98"":1}"
      1024,         0,       454,   0.042,PymatchingGapSampler,48745cbc9d131ede04aad5a664c79653032f86ac364eb54c884fc483279471f7,"{""c"":""compiled-3q-multiplier-2-rotated-HXY"",""d1"":3,""d2"":5,""d3"":9,""noise"":""uniform_atoms"",""p"":0.002}","{""C100"":4,""C101"":1,""C102"":5,""C103"":7,""C104"":2,""C105"":1,""C106"":3,""C107"":8,""C109"":1,""C110"":2,""C111"":1,""C112"":2,""C113"":3,""C114"":5,""C116"":7,""C117"":3,""C118"":5,""C119"":3,""C120"":4,""C121"":4,""C122"":4,""C123"":4,""C124"":3,""C125"":2,""C126"":5,""C127"":3,""C128"":3,""C129"":7,""C130"":5,""C131"":2,""C132"":7,""C133"":5,""C134"":4,""C135"":2,""C136"":8,""C137"":1,""C138"":4,""C139"":347,""C30"":1,""C34"":1,""C37"":1,""C58"":1,""C61"":2,""C62"":1,""C65"":1,""C67"":1,""C68"":2,""C75"":1,""C76"":1,""C78"":1,""C79"":2,""C80"":2,""C81"":1,""C83"":3,""C84"":4,""C86"":2,""C87"":5,""C88"":4,""C89"":1,""C90"":10,""C91"":4,""C92"":1,""C93"":5,""C94"":6,""C95"":3,""C96"":5,""C97"":2,""C98"":4,""C99"":5}"
      1024,         0,       630,   0.028,PymatchingGapSampler,4a3d7bda5757f7bb69a442074b5181897af381a3b4dbe9ab72cc3997cc72a4c6,"{""c"":""compiled-3q-multiplier-12-rotated-HXY"",""d1"":3,""d2"":5,""d3"":9,""noise"":""uniform_atoms"",""p"":0.012}","{""C100"":2,""C101"":1,""C102"":3,""C103"":4,""C105"":2,""C106"":6,""C107"":5,""C108"":4,""C109"":2,""C111"":2,""C112"":1,""C113"":3,""C114"":5,""C116"":3,""C117"":5,""C118"":1,""C120"":2,""C121"":2,""C122"":1,""C123"":1,""C124"":1,""C125"":3,""C126"":3,""C128"":3,""C129"":5,""C130"":9,""C131"":4,""C133"":3,""C134"":8,""C135"":1,""C136"":3,""C137"":3,""C138"":6,""C139"":241,""C22"":1,""C55"":1,""C74"":1,""C77"":1,""C78"":3,""C79"":1,""C81"":1,""C82"":1,""C83"":5,""C84"":2,""C85"":1,""C86"":2,""C87"":2,""C88"":2,""C89"":1,""C90"":1,""C91"":1,""C92"":1,""C93"":6,""C95"":4,""C96"":2,""C97"":2,""C98"":1,""C99"":3}"
      1024,         0,       677,   0.037,PymatchingGapSampler,b5ef05b24abc92d86d9495c0b40efa77873b4d4896413cdea267f9f052052b98,"{""c"":""compiled-3q-multiplier-16-rotated-HXY"",""d1"":3,""d2"":5,""d3"":9,""noise"":""uniform_atoms"",""p"":0.016}","{""C100"":1,""C101"":1,""C102"":5,""C103"":3,""C105"":3,""C106"":1,""C107"":1,""C108"":5,""C110"":1,""C111"":4,""C112"":1,""C113"":2,""C115"":3,""C116"":4,""C117"":3,""C118"":3,""C119"":1,""C120"":3,""C121"":1,""C123"":1,""C125"":7,""C126"":2,""C128"":4,""C129"":4,""C130"":3,""C131"":3,""C132"":2,""C133"":1,""C134"":4,""C135"":3,""C136"":1,""C137"":2,""C138"":224,""C30"":2,""C47"":1,""C59"":1,""C66"":1,""C72"":1,""C74"":1,""C76"":1,""C77"":1,""C79"":1,""C81"":1,""C83"":3,""C84"":3,""C85"":1,""C86"":4,""C87"":3,""C88"":1,""C90"":4,""C91"":1,""C92"":2,""C94"":1,""C96"":4,""C99"":2}"
      1024,         0,       512,   0.032,PymatchingGapSampler,fa07acd832628ab615a7950e66d49f62ecef29ab8105ac4c978b008bb87ecdec,"{""c"":""compiled-3q-multiplier-3-rotated-HXY"",""d1"":3,""d2"":5,""d3"":9,""noise"":""uniform_atoms"",""p"":0.003}","{""C100"":4,""C101"":1,""C102"":3,""C103"":6,""C104"":2,""C105"":5,""C106"":4,""C107"":4,""C108"":5,""C110"":2,""C111"":4,""C112"":1,""C113"":3,""C114"":1,""C115"":6,""C116"":4,""C117"":2,""C118"":2,""C119"":1,""C120"":6,""C121"":7,""C122"":3,""C123"":5,""C124"":3,""C125"":1,""C126"":1,""C127"":1,""C128"":2,""C129"":2,""C130"":4,""C131"":2,""C132"":5,""C133"":3,""C134"":3,""C135"":6,""C136"":5,""C137"":2,""C138"":4,""C139"":319,""C35"":1,""C39"":1,""C44"":1,""C63"":1,""C69"":1,""C70"":1,""C72"":1,""C76"":1,""C80"":2,""C81"":1,""C83"":11,""C84"":2,""C85"":1,""C86"":2,""C87"":3,""C88"":3,""C89"":1,""C90"":5,""C91"":1,""C92"":2,""C93"":1,""C94"":3,""C95"":2,""C96"":8,""C97"":1,""C98"":5,""C99"":6}"
      1024,         0,       491,   0.027,PymatchingGapSampler,48745cbc9d131ede04aad5a664c79653032f86ac364eb54c884fc483279471f7,"{""c"":""compiled-3q-multiplier-2-rotated-HXY"",""d1"":3,""d2"":5,""d3"":9,""noise"":""uniform_atoms"",""p"":0.002}","{""C100"":2,""C101"":2,""C102"":2,""C103"":3,""C105"":3,""C106"":4,""C107"":7,""C108"":3,""C109"":1,""C110"":4,""C111"":6,""C112"":1,""C113"":5,""C115"":1,""C116"":10,""C117"":2,""C118"":8,""C120"":5,""C121"":4,""C122"":1,""C123"":2,""C124"":2,""C125"":7,""C126"":1,""C127"":1,""C128"":4,""C129"":3,""C130"":2,""C131"":2,""C132"":3,""C133"":3,""C134"":6,""C135"":3,""C136"":4,""C138"":6,""C139"":357,""C32"":1,""C61"":1,""C63"":1,""C64"":1,""C67"":1,""C72"":1,""C74"":1,""C77"":2,""C78"":1,""C80"":3,""C81"":4,""C82"":1,""C83"":5,""C84"":1,""C85"":2,""C89"":1,""C90"":3,""C92"":1,""C93"":3,""C94"":4,""C95"":1,""C96"":1,""C97"":3,""C98"":5,""C99"":5}"
      1024,         0,       588,   0.032,PymatchingGapSampler,4a3d7bda5757f7bb69a442074b5181897af381a3b4dbe9ab72cc3997cc72a4c6,"{""c"":""compiled-3q-multiplier-12-rotated-HXY"",""d1"":3,""d2"":5,""d3"":9,""noise"":""uniform_atoms"",""p"":0.012}","{""C102"":4,""C103"":8,""C105"":2,""C106"":3,""C107"":3,""C108"":2,""C109"":1,""C110"":1,""C111"":2,""C112"":2,""C114"":6,""C115"":3,""C116"":4,""C117"":3,""C118"":4,""C119"":1,""C120"":2,""C121"":1,""C122"":6,""C123"":3,""C124"":2,""C125"":6,""C126"":1,""C127"":3,""C128"":1,""C129"":1,""C130"":4,""C131"":4,""C132"":1,""C133"":2,""C134"":3,""C135"":3,""C136"":6,""C137"":5,""C138"":3,""C139"":279,""C59"":1,""C70"":1,""C74"":1,""C75"":2,""C78"":2,""C79"":1,""C83"":5,""C84"":1,""C86"":3,""C87"":4,""C88"":5,""C90"":4,""C91"":3,""C93"":5,""C94"":2,""C96"":4,""C97"":2,""C98"":2,""C99"":3}"
      1024,         0,       478,   0.043,PymatchingGapSampler,3b6c05e615564709dbfa395808f2e19641a9b1a0d8cff5bf6b0c54daa36894dc,"{""c"":""compiled-3q-multiplier-1-rotated-HXY"",""d1"":3,""d2"":5,""d3"":9,""noise"":""uniform_atoms"",""p"":0.001}","{""C100"":3,""C101"":2,""C103"":4,""C104"":1,""C105"":5,""C106"":5,""C107"":1,""C108"":5,""C109"":3,""C110"":4,""C111"":2,""C112"":5,""C113"":3,""C114"":3,""C115"":2,""C116"":2,""C117"":8,""C118"":2,""C119"":2,""C120"":1,""C121"":3,""C122"":3,""C123"":2,""C124"":1,""C125"":6,""C126"":4,""C127"":1,""C128"":1,""C129"":1,""C130"":7,""C131"":2,""C132"":4,""C133"":5,""C134"":5,""C135"":6,""C136"":11,""C137"":1,""C138"":9,""C139"":354,""C29"":1,""C30"":1,""C45"":1,""C57"":1,""C59"":1,""C65"":1,""C66"":1,""C68"":1,""C73"":1,""C74"":1,""C78"":2,""C80"":1,""C81"":3,""C82"":1,""C83"":3,""C86"":3,""C87"":3,""C88"":3,""C89"":1,""C90"":3,""C91"":1,""C93"":2,""C94"":4,""C95"":1,""C96"":7,""C97"":5,""C98"":1,""C99"":3}"
      2048,         0,      1305,   0.049,PymatchingGapSampler,b5ef05b24abc92d86d9495c0b40efa77873b4d4896413cdea267f9f052052b98,"{""c"":""compiled-3q-multiplier-16-rotated-HXY"",""d1"":3,""d2"":5,""d3"":9,""noise"":""uniform_atoms"",""p"":0.016}","{""C101"":4,""C102"":5,""C103"":2,""C104"":3,""C105"":4,""C106"":5,""C107"":7,""C108"":8,""C109"":5,""C110"":4,""C111"":1,""C112"":1,""C113"":7,""C114"":3,""C115"":4,""C116"":14,""C117"":6,""C118"":2,""C119"":1,""C120"":7,""C121"":4,""C123"":6,""C124"":2,""C125"":10,""C126"":1,""C127"":2,""C128"":6,""C129"":10,""C130"":10,""C131"":5,""C132"":6,""C133"":7,""C134"":5,""C135"":12,""C136"":5,""C137"":3,""C138"":468,""C36"":1,""C53"":1,""C54"":1,""C55"":1,""C63"":1,""C64"":1,""C68"":1,""C69"":1,""C76"":1,""C78"":1,""C81"":3,""C82"":1,""C83"":6,""C84"":3,""C85"":6,""C87"":5,""C88"":2,""C90"":7,""C91"":3,""C92"":4,""C94"":3,""C95"":3,""C96"":13,""C97"":2,""C98"":1,""C99"":16}"
      1024,         0,       502,   0.028,PymatchingGapSampler,fa07acd832628ab615a7950e66d49f62ecef29ab8105ac4c978b008bb87ecdec,"{""c"":""compiled-3q-multiplier-3-rotated-HXY"",""d1"":3,""d2"":5,""d3"":9,""noise"":""uniform_atoms"",""p"":0.003}","{""C100"":2,""C101"":3,""C102"":1,""C103"":5,""C104"":1,""C105"":6,""C106"":1,""C107"":1,""C108"":6,""C109"":3,""C110"":1,""C111"":2,""C112"":1,""C113"":3,""C114"":2,""C115"":2,""C116"":13,""C117"":3,""C118"":6,""C119"":6,""C120"":5,""C122"":1,""C124"":1,""C125"":2,""C126"":3,""C127"":3,""C128"":5,""C129"":3,""C130"":2,""C131"":3,""C132"":4,""C133"":4,""C134"":7,""C135"":5,""C136"":2,""C137"":1,""C138"":4,""C139"":328,""C60"":1,""C63"":1,""C68"":2,""C73"":1,""C77"":1,""C81"":3,""C83"":9,""C84"":4,""C86"":2,""C87"":6,""C88"":4,""C89"":3,""C90"":5,""C91"":4,""C93"":4,""C94"":1,""C95"":3,""C96"":6,""C97"":1,""C98"":8,""C99"":2}"
      1024,         0,       460,   0.039,PymatchingGapSampler,48745cbc9d131ede04aad5a664c79653032f86ac364eb54c884fc483279471f7,"{""c"":""compiled-3q-multiplier-2-rotated-HXY"",""d1"":3,""d2"":5,""d3"":9,""noise"":""uniform_atoms"",""p"":0.002}","{""C101"":2,""C102"":5,""C103"":4,""C104"":2,""C105"":4,""C106"":2,""C107"":4,""C108"":12,""C109"":3,""C110"":4,""C111"":2,""C112"":3,""C113"":3,""C114"":2,""C115"":5,""C116"":6,""C117"":5,""C118"":3,""C119"":4,""C120"":2,""C121"":1,""C122"":1,""C123"":5,""C124"":2,""C125"":5,""C126"":2,""C127"":3,""C128"":2,""C129"":1,""C130"":4,""C131"":4,""C132"":4,""C133"":3,""C134"":3,""C135"":2,""C136"":7,""C138"":5,""C139"":364,""C46"":1,""C50"":1,""C63"":1,""C69"":1,""C72"":1,""C75"":1,""C78"":1,""C79"":2,""C81"":2,""C83"":6,""C84"":6,""C86"":3,""C87"":3,""C88"":4,""C89"":1,""C90"":6,""C91"":3,""C92"":1,""C93"":5,""C94"":1,""C95"":2,""C96"":5,""C97"":4,""C98"":5,""C99"":3}"
      1024,         0,       472,   0.031,PymatchingGapSampler,3b6c05e615564709dbfa395808f2e19641a9b1a0d8cff5bf6b0c54daa36894dc,"{""c"":""compiled-3q-multiplier-1-rotated-HXY"",""d1"":3,""d2"":5,""d3"":9,""noise"":""uniform_atoms"",""p"":0.001}","{""C100"":2,""C101"":2,""C102"":2,""C103"":3,""C104"":3,""C105"":4,""C106"":5,""C107"":3,""C108"":8,""C109"":4,""C110"":1,""C111"":4,""C112"":1,""C113"":1,""C114"":4,""C115"":3,""C116"":5,""C117"":8,""C118"":10,""C119"":2,""C120"":5,""C121"":3,""C122"":3,""C123"":2,""C125"":3,""C126"":6,""C130"":8,""C131"":1,""C132"":8,""C133"":4,""C134"":3,""C135"":4,""C136"":7,""C137"":1,""C138"":3,""C139"":359,""C25"":1,""C50"":1,""C56"":1,""C62"":1,""C72"":2,""C79"":1,""C80"":1,""C81"":3,""C82"":2,""C83"":6,""C84"":1,""C87"":5,""C88"":7,""C90"":5,""C91"":2,""C93"":1,""C94"":2,""C95"":3,""C96"":3,""C97"":6,""C98"":2,""C99"":1}"
      1024,         0,       457,   0.035,PymatchingGapSampler,fa07acd832628ab615a7950e66d49f62ecef29ab8105ac4c978b008bb87ecdec,"{""c"":""compiled-3q-multiplier-3-rotated-HXY"",""d1"":3,""d2"":5,""d3"":9,""noise"":""uniform_atoms"",""p"":0.003}","{""C100"":2,""C101"":6,""C103"":4,""C104"":1,""C105"":2,""C107"":4,""C108"":1,""C110"":8,""C111"":3,""C112"":1,""C113"":5,""C114"":2,""C115"":5,""C116"":5,""C117"":4,""C118"":1,""C119"":1,""C120"":1,""C121"":3,""C122"":5,""C123"":6,""C124"":1,""C125"":4,""C126"":4,""C127"":2,""C128"":2,""C129"":3,""C130"":5,""C131"":2,""C132"":6,""C133"":5,""C134"":4,""C135"":4,""C136"":6,""C137"":2,""C138"":6,""C139"":380,""C31"":1,""C63"":1,""C64"":1,""C67"":1,""C68"":1,""C70"":2,""C71"":1,""C77"":1,""C78"":2,""C79"":1,""C80"":2,""C81"":1,""C82"":1,""C83"":9,""C84"":1,""C86"":2,""C87"":7,""C88"":3,""C89"":3,""C90"":5,""C91"":2,""C92"":1,""C94"":3,""C95"":2,""C96"":4,""C98"":2,""C99"":1}"
      2048,         0,      1355,   0.041,PymatchingGapSampler,b5ef05b24abc92d86d9495c0b40efa77873b4d4896413cdea267f9f052052b98,"{""c"":""compiled-3q-multiplier-16-rotated-HXY"",""d1"":3,""d2"":5,""d3"":9,""noise"":""uniform_atoms"",""p"":0.016}","{""C100"":1,""C101"":3,""C102"":11,""C103"":2,""C104"":3,""C105"":1,""C106"":1,""C107"":4,""C108"":4,""C109"":2,""C110"":2,""C111"":4,""C112"":2,""C113"":4,""C114"":4,""C115"":3,""C116"":12,""C117"":3,""C118"":2,""C119"":3,""C120"":6,""C121"":5,""C122"":2,""C123"":4,""C124"":3,""C125"":7,""C126"":2,""C127"":1,""C128"":5,""C129"":8,""C130"":9,""C131"":2,""C132"":7,""C133"":5,""C134"":2,""C135"":7,""C136"":5,""C137"":2,""C138"":451,""C25"":1,""C48"":1,""C63"":1,""C65"":2,""C66"":1,""C68"":1,""C77"":1,""C79"":1,""C81"":4,""C82"":4,""C83"":6,""C84"":3,""C85"":3,""C86"":3,""C87"":7,""C88"":2,""C89"":3,""C90"":5,""C92"":6,""C93"":3,""C94"":6,""C95"":2,""C96"":9,""C99"":14}"
      2048,         0,      1226,   0.058,PymatchingGapSampler,4a3d7bda5757f7bb69a442074b5181897af381a3b4dbe9ab72cc3997cc72a4c6,"{""c"":""compiled-3q-multiplier-12-rotated-HXY"",""d1"":3,""d2"":5,""d3"":9,""noise"":""uniform_atoms"",""p"":0.012}","{""C100"":5,""C101"":1,""C102"":10,""C103"":7,""C105"":7,""C106"":5,""C107"":1,""C108"":3,""C109"":4,""C110"":1,""C111"":4,""C112"":7,""C113"":6,""C114"":7,""C115"":3,""C116"":12,""C117"":4,""C118"":7,""C119"":2,""C120"":5,""C121"":4,""C122"":3,""C123"":3,""C124"":1,""C125"":9,""C126"":6,""C127"":4,""C128"":8,""C129"":2,""C130"":9,""C131"":5,""C132"":4,""C133"":9,""C134"":5,""C135"":7,""C136"":9,""C137"":4,""C138"":3,""C139"":533,""C14"":1,""C23"":1,""C35"":2,""C58"":1,""C62"":1,""C64"":1,""C66"":2,""C72"":1,""C75"":1,""C78"":3,""C79"":1,""C80"":3,""C81"":3,""C82"":1,""C83"":10,""C84"":7,""C85"":4,""C87"":2,""C88"":9,""C90"":2,""C91"":6,""C93"":6,""C94"":1,""C95"":1,""C96"":8,""C97"":8,""C98"":2,""C99"":5}"
      1024,         0,       460,   0.039,PymatchingGapSampler,48745cbc9d131ede04aad5a664c79653032f86ac364eb54c884fc483279471f7,"{""c"":""compiled-3q-multiplier-2-rotated-HXY"",""d1"":3,""d2"":5,""d3"":9,""noise"":""uniform_atoms"",""p"":0.002}","{""C100"":2,""C101"":2,""C102"":3,""C103"":5,""C105"":4,""C106"":4,""C107"":5,""C108"":5,""C109"":4,""C110"":2,""C111"":7,""C112"":5,""C113"":2,""C114"":1,""C115"":5,""C116"":3,""C117"":3,""C118"":5,""C119"":2,""C120"":5,""C122"":4,""C124"":3,""C125"":5,""C127"":3,""C128"":4,""C129"":2,""C130"":2,""C131"":5,""C132"":6,""C133"":4,""C134"":4,""C135"":1,""C136"":8,""C137"":2,""C138"":8,""C139"":365,""C35"":1,""C41"":1,""C60"":1,""C70"":1,""C80"":2,""C81"":1,""C83"":10,""C84"":4,""C86"":1,""C87"":5,""C90"":5,""C91"":2,""C92"":2,""C93"":3,""C94"":1,""C95"":4,""C96"":4,""C97"":5,""C98"":6,""C99"":5}"
      1024,         0,       446,   0.052,PymatchingGapSampler,3b6c05e615564709dbfa395808f2e19641a9b1a0d8cff5bf6b0c54daa36894dc,"{""c"":""compiled-3q-multiplier-1-rotated-HXY"",""d1"":3,""d2"":5,""d3"":9,""noise"":""uniform_atoms"",""p"":0.001}","{""C100"":7,""C101"":2,""C102"":2,""C103"":8,""C104"":6,""C105"":3,""C106"":9,""C107"":1,""C108"":4,""C109"":6,""C111"":2,""C112"":5,""C113"":1,""C114"":4,""C115"":4,""C116"":4,""C117"":12,""C118"":6,""C119"":1,""C120"":7,""C121"":2,""C122"":2,""C123"":3,""C124"":3,""C125"":7,""C126"":2,""C128"":1,""C129"":2,""C130"":7,""C131"":2,""C132"":4,""C133"":4,""C134"":6,""C135"":4,""C136"":7,""C137"":1,""C138"":7,""C139"":365,""C41"":1,""C61"":1,""C66"":1,""C70"":1,""C76"":1,""C77"":1,""C78"":1,""C81"":4,""C82"":1,""C83"":4,""C84"":4,""C86"":2,""C87"":6,""C88"":4,""C90"":4,""C91"":1,""C93"":2,""C94"":4,""C95"":1,""C96"":2,""C97"":3,""C98"":4,""C99"":2}"
      2048,         0,      1200,   0.060,PymatchingGapSampler,4a3d7bda5757f7bb69a442074b5181897af381a3b4dbe9ab72cc3997cc72a4c6,"{""c"":""compiled-3q-multiplier-12-rotated-HXY"",""d1"":3,""d2"":5,""d3"":9,""noise"":""uniform_atoms"",""p"":0.012}","{""C100"":2,""C101"":4,""C102"":6,""C103"":5,""C105"":5,""C106"":3,""C107"":1,""C108"":7,""C109"":5,""C110"":6,""C111"":6,""C112"":2,""C113"":5,""C114"":13,""C115"":6,""C116"":5,""C117"":8,""C118"":9,""C120"":4,""C121"":7,""C122"":4,""C123"":2,""C125"":7,""C126"":5,""C128"":8,""C129"":1,""C130"":3,""C131"":6,""C132"":6,""C133"":9,""C134"":8,""C135"":6,""C136"":13,""C137"":2,""C138"":5,""C139"":551,""C16"":1,""C21"":1,""C25"":1,""C37"":1,""C39"":1,""C59"":1,""C60"":1,""C66"":1,""C68"":3,""C73"":1,""C75"":1,""C77"":1,""C78"":3,""C81"":2,""C82"":3,""C83"":12,""C84"":3,""C86"":8,""C87"":4,""C88"":6,""C89"":1,""C9"":1,""C90"":7,""C91"":5,""C92"":4,""C93"":4,""C94"":4,""C95"":4,""C96"":7,""C97"":4,""C98"":3,""C99"":4}"
      3072,         0,      1994,   0.066,PymatchingGapSampler,b5ef05b24abc92d86d9495c0b40efa77873b4d4896413cdea267f9f052052b98,"{""c"":""compiled-3q-multiplier-16-rotated-HXY"",""d1"":3,""d2"":5,""d3"":9,""noise"":""uniform_atoms"",""p"":0.016}","{""C101"":8,""C102"":9,""C103"":3,""C104"":3,""C105"":8,""C106"":3,""C107"":5,""C108"":5,""C109"":3,""C110"":4,""C111"":6,""C112"":5,""C113"":10,""C114"":6,""C115"":5,""C116"":14,""C117"":9,""C118"":4,""C119"":5,""C120"":10,""C121"":7,""C122"":3,""C123"":6,""C124"":5,""C125"":19,""C126"":10,""C127"":1,""C128"":11,""C129"":6,""C130"":8,""C131"":4,""C132"":6,""C133"":5,""C134"":4,""C135"":13,""C136"":5,""C137"":10,""C138"":692,""C26"":1,""C28"":1,""C38"":1,""C49"":1,""C58"":1,""C61"":2,""C62"":2,""C70"":1,""C75"":2,""C76"":1,""C77"":2,""C80"":1,""C81"":5,""C82"":6,""C83"":6,""C84"":1,""C85"":8,""C86"":8,""C87"":15,""C88"":3,""C89"":1,""C90"":14,""C91"":4,""C92"":4,""C93"":2,""C94"":4,""C95"":3,""C96"":14,""C97"":4,""C98"":1,""C99"":19}"
      2048,         0,       943,   0.076,PymatchingGapSampler,fa07acd832628ab615a7950e66d49f62ecef29ab8105ac4c978b008bb87ecdec,"{""c"":""compiled-3q-multiplier-3-rotated-HXY"",""d1"":3,""d2"":5,""d3"":9,""noise"":""uniform_atoms"",""p"":0.003}","{""C100"":10,""C101"":7,""C102"":3,""C103"":13,""C104"":2,""C105"":7,""C106"":4,""C107"":9,""C108"":8,""C109"":4,""C110"":5,""C111"":7,""C112"":7,""C113"":8,""C114"":5,""C115"":3,""C116"":18,""C117"":8,""C118"":8,""C119"":4,""C120"":8,""C121"":2,""C122"":4,""C123"":8,""C124"":3,""C125"":8,""C126"":10,""C127"":3,""C128"":2,""C129"":4,""C130"":9,""C131"":6,""C132"":15,""C133"":3,""C134"":6,""C135"":13,""C136"":9,""C137"":2,""C138"":10,""C139"":706,""C30"":2,""C50"":2,""C54"":1,""C61"":1,""C65"":1,""C71"":2,""C72"":1,""C73"":1,""C75"":2,""C77"":2,""C80"":2,""C81"":4,""C82"":1,""C83"":12,""C84"":5,""C86"":2,""C87"":13,""C88"":7,""C89"":9,""C90"":7,""C91"":5,""C92"":1,""C93"":3,""C94"":4,""C95"":9,""C96"":7,""C97"":6,""C98"":12,""C99"":10}"
      2048,         0,       937,   0.062,PymatchingGapSampler,48745cbc9d131ede04aad5a664c79653032f86ac364eb54c884fc483279471f7,"{""c"":""compiled-3q-multiplier-2-rotated-HXY"",""d1"":3,""d2"":5,""d3"":9,""noise"":""uniform_atoms"",""p"":0.002}","{""C100"":3,""C101"":5,""C102"":7,""C103"":9,""C104"":4,""C105"":9,""C106"":7,""C107"":13,""C108"":4,""C109"":5,""C110"":4,""C111"":6,""C112"":3,""C113"":4,""C114"":5,""C115"":8,""C116"":16,""C117"":10,""C118"":9,""C119"":3,""C120"":7,""C121"":9,""C122"":7,""C123"":5,""C124"":6,""C125"":3,""C126"":9,""C127"":3,""C128"":8,""C129"":2,""C130"":11,""C131"":3,""C132"":6,""C133"":13,""C134"":10,""C135"":6,""C136"":16,""C137"":2,""C138"":16,""C139"":690,""C29"":1,""C32"":2,""C57"":1,""C58"":2,""C60"":1,""C66"":1,""C67"":2,""C68"":1,""C70"":1,""C75"":1,""C76"":1,""C77"":2,""C78"":1,""C79"":1,""C80"":4,""C81"":9,""C82"":1,""C83"":12,""C84"":3,""C86"":1,""C87"":14,""C88"":6,""C89"":6,""C90"":11,""C91"":5,""C92"":1,""C93"":9,""C94"":4,""C95"":4,""C96"":5,""C97"":10,""C98"":14,""C99"":8}"
      2048,         0,       920,   0.059,PymatchingGapSampler,3b6c05e615564709dbfa395808f2e19641a9b1a0d8cff5bf6b0c54daa36894dc,"{""c"":""compiled-3q-multiplier-1-rotated-HXY"",""d1"":3,""d2"":5,""d3"":9,""noise"":""uniform_atoms"",""p"":0.001}","{""C100"":9,""C101"":4,""C102"":6,""C103"":11,""C104"":2,""C105"":4,""C106"":9,""C107"":6,""C108"":11,""C109"":4,""C110"":5,""C111"":9,""C112"":7,""C113"":4,""C114"":5,""C115"":6,""C116"":11,""C117"":15,""C118"":12,""C119"":5,""C120"":6,""C121"":4,""C122"":4,""C123"":8,""C124"":3,""C125"":8,""C126"":9,""C127"":7,""C128"":7,""C129"":4,""C130"":6,""C131"":6,""C132"":5,""C133"":16,""C134"":6,""C135"":11,""C136"":11,""C137"":3,""C138"":11,""C139"":737,""C55"":1,""C64"":1,""C74"":1,""C75"":1,""C76"":1,""C77"":7,""C78"":2,""C80"":5,""C81"":3,""C82"":2,""C83"":13,""C84"":5,""C85"":1,""C86"":1,""C87"":7,""C88"":7,""C89"":3,""C90"":14,""C91"":5,""C92"":1,""C93"":4,""C94"":5,""C95"":2,""C96"":2,""C97"":10,""C98"":2,""C99"":5}"
      2048,         0,       992,   0.064,PymatchingGapSampler,fa07acd832628ab615a7950e66d49f62ecef29ab8105ac4c978b008bb87ecdec,"{""c"":""compiled-3q-multiplier-3-rotated-HXY"",""d1"":3,""d2"":5,""d3"":9,""noise"":""uniform_atoms"",""p"":0.003}","{""C101"":2,""C102"":6,""C103"":9,""C104"":5,""C105"":7,""C106"":9,""C107"":9,""C108"":14,""C109"":3,""C110"":2,""C111"":9,""C112"":10,""C113"":7,""C114"":1,""C115"":2,""C116"":13,""C117"":7,""C118"":7,""C119"":5,""C120"":5,""C121"":2,""C122"":3,""C123"":4,""C124"":2,""C125"":8,""C126"":10,""C127"":4,""C128"":4,""C129"":5,""C130"":8,""C131"":5,""C132"":14,""C133"":5,""C134"":12,""C135"":12,""C136"":6,""C138"":9,""C139"":698,""C46"":1,""C47"":1,""C51"":1,""C58"":1,""C60"":1,""C61"":1,""C64"":1,""C65"":1,""C67"":1,""C69"":1,""C71"":1,""C73"":1,""C75"":1,""C77"":1,""C80"":1,""C81"":5,""C83"":10,""C84"":7,""C86"":4,""C87"":6,""C88"":7,""C89"":3,""C90"":10,""C91"":10,""C93"":3,""C94"":4,""C95"":4,""C96"":5,""C97"":3,""C98"":10,""C99"":7}"
      3072,         0,      1861,   0.080,PymatchingGapSampler,4a3d7bda5757f7bb69a442074b5181897af381a3b4dbe9ab72cc3997cc72a4c6,"{""c"":""compiled-3q-multiplier-12-rotated-HXY"",""d1"":3,""d2"":5,""d3"":9,""noise"":""uniform_atoms"",""p"":0.012}","{""C100"":9,""C101"":1,""C102"":15,""C103"":8,""C104"":2,""C105"":4,""C106"":2,""C107"":10,""C108"":7,""C109"":3,""C110"":3,""C111"":9,""C112"":4,""C113"":4,""C114"":13,""C115"":8,""C116"":7,""C117"":7,""C118"":7,""C119"":1,""C120"":7,""C121"":6,""C122"":5,""C123"":6,""C124"":3,""C125"":9,""C126"":6,""C127"":1,""C128"":6,""C129"":4,""C130"":14,""C131"":14,""C132"":3,""C133"":15,""C134"":5,""C135"":7,""C136"":13,""C137"":13,""C138"":9,""C139"":822,""C31"":1,""C40"":1,""C59"":2,""C60"":1,""C65"":1,""C66"":1,""C68"":1,""C69"":1,""C70"":1,""C75"":1,""C76"":3,""C77"":3,""C78"":6,""C79"":3,""C80"":1,""C81"":1,""C82"":1,""C83"":14,""C84"":2,""C85"":1,""C86"":2,""C87"":10,""C88"":12,""C90"":2,""C91"":2,""C92"":3,""C93"":8,""C94"":5,""C95"":4,""C96"":9,""C97"":7,""C98"":3,""C99"":6}"
      4096,         0,      2658,   0.094,PymatchingGapSampler,b5ef05b24abc92d86d9495c0b40efa77873b4d4896413cdea267f9f052052b98,"{""c"":""compiled-3q-multiplier-16-rotated-HXY"",""d1"":3,""d2"":5,""d3"":9,""noise"":""uniform_atoms"",""p"":0.016}","{""C100"":2,""C101"":7,""C102"":14,""C103"":5,""C104"":5,""C105"":11,""C106"":11,""C107"":6,""C108"":12,""C109"":2,""C110"":7,""C111"":13,""C112"":7,""C113"":13,""C114"":4,""C115"":11,""C116"":21,""C117"":12,""C118"":7,""C119"":6,""C120"":13,""C121"":8,""C122"":4,""C123"":8,""C124"":6,""C125"":16,""C126"":5,""C127"":2,""C128"":10,""C129"":8,""C130"":8,""C131"":2,""C132"":11,""C133"":8,""C134"":15,""C135"":29,""C136"":3,""C137"":8,""C138"":920,""C31"":1,""C48"":1,""C55"":1,""C63"":1,""C64"":1,""C66"":1,""C67"":1,""C72"":1,""C73"":1,""C75"":1,""C77"":6,""C78"":4,""C79"":3,""C81"":5,""C82"":7,""C83"":11,""C84"":7,""C85"":8,""C86"":9,""C87"":17,""C88"":11,""C89"":1,""C90"":9,""C91"":6,""C92"":6,""C93"":4,""C94"":6,""C95"":6,""C96"":22,""C97"":3,""C98"":2,""C99"":15}"
      2048,         0,       930,   0.075,PymatchingGapSampler,3b6c05e615564709dbfa395808f2e19641a9b1a0d8cff5bf6b0c54daa36894dc,"{""c"":""compiled-3q-multiplier-1-rotated-HXY"",""d1"":3,""d2"":5,""d3"":9,""noise"":""uniform_atoms"",""p"":0.001}","{""C100"":12,""C101"":8,""C102"":8,""C103"":10,""C104"":3,""C105"":3,""C106"":9,""C107"":8,""C108"":9,""C109"":4,""C110"":3,""C111"":6,""C112"":11,""C113"":5,""C114"":10,""C115"":9,""C116"":8,""C117"":12,""C118"":7,""C119"":5,""C120"":5,""C121"":6,""C122"":6,""C123"":8,""C124"":1,""C125"":11,""C126"":7,""C127"":1,""C128"":6,""C129"":2,""C130"":17,""C131"":6,""C132"":6,""C133"":8,""C134"":6,""C135"":6,""C136"":8,""C137"":1,""C138"":9,""C139"":739,""C45"":1,""C48"":1,""C53"":1,""C58"":2,""C68"":2,""C69"":1,""C70"":1,""C73"":1,""C74"":1,""C77"":3,""C78"":1,""C79"":2,""C80"":3,""C81"":6,""C82"":1,""C83"":17,""C84"":6,""C85"":1,""C87"":5,""C88"":5,""C89"":2,""C90"":10,""C91"":5,""C93"":4,""C94"":8,""C95"":4,""C97"":5,""C98"":7,""C99"":3}"
      3072,         0,      1419,   0.103,PymatchingGapSampler,48745cbc9d131ede04aad5a664c79653032f86ac364eb54c884fc483279471f7,"{""c"":""compiled-3q-multiplier-2-rotated-HXY"",""d1"":3,""d2"":5,""d3"":9,""noise"":""uniform_atoms"",""p"":0.002}","{""C100"":8,""C101"":7,""C102"":10,""C103"":10,""C104"":11,""C105"":6,""C106"":10,""C107"":9,""C108"":13,""C109"":6,""C110"":7,""C111"":8,""C112"":7,""C113"":5,""C114"":2,""C115"":7,""C116"":12,""C117"":7,""C118"":15,""C119"":10,""C120"":12,""C121"":10,""C122"":6,""C123"":6,""C124"":4,""C125"":6,""C126"":20,""C127"":8,""C128"":6,""C129"":8,""C130"":10,""C131"":4,""C132"":24,""C133"":12,""C134"":9,""C135"":13,""C136"":15,""C137"":4,""C138"":19,""C139"":1100,""C31"":1,""C4"":1,""C43"":1,""C45"":1,""C52"":1,""C57"":2,""C59"":1,""C61"":1,""C64"":1,""C65"":1,""C67"":1,""C68"":1,""C69"":1,""C70"":1,""C72"":1,""C73"":1,""C74"":1,""C76"":1,""C77"":6,""C78"":1,""C79"":3,""C81"":7,""C82"":1,""C83"":22,""C84"":14,""C85"":2,""C86"":5,""C87"":12,""C88"":6,""C89"":7,""C90"":10,""C91"":7,""C92"":2,""C93"":5,""C94"":10,""C95"":4,""C96"":10,""C97"":7,""C98"":16,""C99"":11}"
      3072,         0,      1428,   0.111,PymatchingGapSampler,fa07acd832628ab615a7950e66d49f62ecef29ab8105ac4c978b008bb87ecdec,"{""c"":""compiled-3q-multiplier-3-rotated-HXY"",""d1"":3,""d2"":5,""d3"":9,""noise"":""uniform_atoms"",""p"":0.003}","{""C100"":8,""C101"":3,""C102"":16,""C103"":9,""C104"":6,""C105"":15,""C106"":5,""C107"":17,""C108"":20,""C109"":8,""C110"":10,""C111"":2,""C112"":11,""C113"":8,""C114"":4,""C115"":10,""C116"":21,""C117"":8,""C118"":17,""C119"":2,""C120"":11,""C121"":7,""C122"":9,""C123"":8,""C124"":7,""C125"":13,""C126"":16,""C127"":3,""C128"":16,""C129"":4,""C130"":16,""C131"":12,""C132"":16,""C133"":7,""C134"":4,""C135"":21,""C136"":8,""C137"":5,""C138"":23,""C139"":1077,""C26"":1,""C32"":1,""C41"":2,""C49"":1,""C52"":1,""C54"":1,""C57"":1,""C60"":1,""C65"":1,""C66"":1,""C68"":3,""C70"":2,""C71"":1,""C72"":2,""C73"":1,""C74"":1,""C76"":1,""C77"":2,""C78"":2,""C79"":2,""C80"":2,""C81"":2,""C82"":1,""C83"":16,""C84"":7,""C85"":1,""C86"":4,""C87"":7,""C88"":6,""C89"":12,""C90"":8,""C91"":5,""C93"":5,""C94"":8,""C95"":12,""C96"":9,""C97"":3,""C98"":14,""C99"":11}"
      3072,         0,      1343,   0.090,PymatchingGapSampler,3b6c05e615564709dbfa395808f2e19641a9b1a0d8cff5bf6b0c54daa36894dc,"{""c"":""compiled-3q-multiplier-1-rotated-HXY"",""d1"":3,""d2"":5,""d3"":9,""noise"":""uniform_atoms"",""p"":0.001}","{""C100"":10,""C101"":3,""C102"":9,""C103"":17,""C104"":5,""C105"":6,""C106"":17,""C107"":5,""C108"":20,""C109"":8,""C110"":4,""C111"":8,""C112"":3,""C113"":6,""C114"":8,""C115"":16,""C116"":16,""C117"":22,""C118"":10,""C119"":4,""C120"":13,""C121"":7,""C122"":5,""C123"":6,""C124"":6,""C125"":20,""C126"":18,""C127"":6,""C128"":12,""C129"":8,""C130"":19,""C131"":6,""C132"":21,""C133"":18,""C134"":9,""C135"":9,""C136"":21,""C137"":6,""C138"":18,""C139"":1122,""C44"":1,""C51"":2,""C52"":1,""C53"":1,""C54"":1,""C59"":1,""C62"":2,""C65"":1,""C66"":1,""C68"":3,""C69"":3,""C70"":3,""C72"":2,""C73"":2,""C75"":2,""C77"":1,""C78"":2,""C79"":2,""C80"":4,""C81"":4,""C82"":1,""C83"":22,""C84"":11,""C85"":2,""C86"":3,""C87"":9,""C88"":10,""C89"":4,""C9"":1,""C90"":12,""C91"":6,""C92"":3,""C93"":4,""C94"":8,""C95"":9,""C96"":6,""C97"":8,""C98"":8,""C99"":16}"
      5120,         0,      3338,   0.112,PymatchingGapSampler,b5ef05b24abc92d86d9495c0b40efa77873b4d4896413cdea267f9f052052b98,"{""c"":""compiled-3q-multiplier-16-rotated-HXY"",""d1"":3,""d2"":5,""d3"":9,""noise"":""uniform_atoms"",""p"":0.016}","{""C101"":10,""C102"":19,""C103"":10,""C104"":3,""C105"":13,""C106"":10,""C107"":12,""C108"":12,""C109"":8,""C110"":13,""C111"":5,""C112"":11,""C113"":18,""C114"":4,""C115"":8,""C116"":20,""C117"":17,""C118"":8,""C119"":3,""C120"":20,""C121"":8,""C122"":1,""C123"":6,""C124"":6,""C125"":12,""C126"":7,""C127"":1,""C128"":12,""C129"":16,""C130"":19,""C131"":7,""C132"":22,""C133"":14,""C134"":15,""C135"":30,""C136"":10,""C137"":7,""C138"":1142,""C39"":1,""C41"":1,""C42"":1,""C47"":1,""C51"":1,""C52"":1,""C53"":1,""C56"":1,""C59"":1,""C61"":1,""C62"":1,""C64"":1,""C65"":3,""C66"":1,""C67"":2,""C69"":3,""C73"":1,""C74"":2,""C75"":2,""C77"":4,""C78"":4,""C79"":2,""C81"":9,""C82"":8,""C83"":14,""C84"":13,""C85"":11,""C86"":3,""C87"":17,""C88"":16,""C90"":14,""C91"":6,""C92"":11,""C93"":5,""C94"":12,""C95"":2,""C96"":16,""C97"":4,""C98"":4,""C99"":22}"
      5120,         0,      3085,   0.125,PymatchingGapSampler,4a3d7bda5757f7bb69a442074b5181897af381a3b4dbe9ab72cc3997cc72a4c6,"{""c"":""compiled-3q-multiplier-12-rotated-HXY"",""d1"":3,""d2"":5,""d3"":9,""noise"":""uniform_atoms"",""p"":0.012}","{""C100"":21,""C101"":1,""C102"":26,""C103"":23,""C104"":3,""C105"":7,""C106"":13,""C107"":10,""C108"":13,""C109"":5,""C110"":6,""C111"":13,""C112"":13,""C113"":6,""C114"":19,""C115"":9,""C116"":16,""C117"":12,""C118"":15,""C119"":3,""C120"":16,""C121"":10,""C122"":5,""C123"":7,""C124"":11,""C125"":14,""C126"":9,""C127"":6,""C128"":11,""C129"":11,""C130"":26,""C131"":11,""C132"":7,""C133"":22,""C134"":8,""C135"":19,""C136"":26,""C137"":9,""C138"":14,""C139"":1296,""C24"":1,""C31"":1,""C35"":1,""C37"":1,""C39"":1,""C43"":1,""C45"":1,""C47"":1,""C49"":1,""C51"":1,""C53"":1,""C58"":1,""C60"":1,""C62"":1,""C63"":1,""C65"":1,""C66"":1,""C67"":3,""C68"":2,""C70"":1,""C72"":1,""C74"":1,""C76"":2,""C77"":6,""C78"":5,""C79"":1,""C80"":2,""C81"":13,""C82"":4,""C83"":17,""C84"":18,""C85"":7,""C86"":21,""C87"":14,""C88"":25,""C89"":1,""C90"":11,""C91"":13,""C92"":7,""C93"":15,""C94"":9,""C95"":5,""C96"":11,""C97"":18,""C98"":3,""C99"":10}"
      4096,         1,      1861,   0.136,PymatchingGapSampler,48745cbc9d131ede04aad5a664c79653032f86ac364eb54c884fc483279471f7,"{""c"":""compiled-3q-multiplier-2-rotated-HXY"",""d1"":3,""d2"":5,""d3"":9,""noise"":""uniform_atoms"",""p"":0.002}","{""C0"":1,""C100"":10,""C101"":11,""C102"":14,""C103"":15,""C104"":9,""C105"":18,""C106"":15,""C107"":20,""C108"":18,""C109"":8,""C110"":6,""C111"":9,""C112"":3,""C113"":14,""C114"":9,""C115"":13,""C116"":28,""C117"":13,""C118"":13,""C119"":8,""C12"":1,""C120"":21,""C121"":14,""C122"":13,""C123"":9,""C124"":9,""C125"":17,""C126"":23,""C127"":6,""C128"":20,""C129"":10,""C130"":16,""C131"":13,""C132"":21,""C133"":22,""C134"":16,""C135"":21,""C136"":25,""C137"":2,""C138"":19,""C139"":1462,""C31"":1,""C35"":1,""C39"":1,""C44"":1,""C50"":1,""C51"":1,""C53"":1,""C55"":1,""C56"":1,""C58"":1,""C60"":2,""C61"":1,""C62"":1,""C68"":1,""C69"":3,""C70"":1,""C71"":2,""C73"":1,""C74"":2,""C76"":1,""C77"":1,""C78"":2,""C79"":3,""C80"":7,""C81"":7,""C83"":22,""C84"":14,""C86"":5,""C87"":9,""C88"":12,""C89"":5,""C90"":16,""C91"":7,""C92"":1,""C93"":8,""C94"":9,""C95"":7,""C96"":13,""C97"":12,""C98"":21,""C99"":13,""E20"":1}"
      3072,         0,      1394,   0.110,PymatchingGapSampler,fa07acd832628ab615a7950e66d49f62ecef29ab8105ac4c978b008bb87ecdec,"{""c"":""compiled-3q-multiplier-3-rotated-HXY"",""d1"":3,""d2"":5,""d3"":9,""noise"":""uniform_atoms"",""p"":0.003}","{""C100"":4,""C101"":6,""C102"":6,""C103"":14,""C104"":4,""C105"":8,""C106"":11,""C107"":10,""C108"":11,""C109"":7,""C110"":10,""C111"":4,""C112"":10,""C113"":8,""C114"":5,""C115"":17,""C116"":21,""C117"":12,""C118"":14,""C119"":3,""C120"":9,""C121"":7,""C122"":10,""C123"":12,""C124"":4,""C125"":11,""C126"":13,""C127"":6,""C128"":14,""C129"":6,""C130"":9,""C131"":7,""C132"":14,""C133"":12,""C134"":8,""C135"":15,""C136"":15,""C137"":3,""C138"":14,""C139"":1090,""C41"":1,""C52"":2,""C58"":1,""C60"":1,""C69"":1,""C70"":2,""C72"":1,""C74"":4,""C75"":2,""C77"":2,""C78"":3,""C79"":1,""C80"":5,""C81"":7,""C83"":26,""C84"":13,""C85"":3,""C86"":3,""C87"":20,""C88"":8,""C89"":14,""C90"":11,""C91"":8,""C93"":18,""C94"":4,""C95"":12,""C96"":9,""C97"":1,""C98"":14,""C99"":17}"
      4096,         0,      1845,   0.128,PymatchingGapSampler,3b6c05e615564709dbfa395808f2e19641a9b1a0d8cff5bf6b0c54daa36894dc,"{""c"":""compiled-3q-multiplier-1-rotated-HXY"",""d1"":3,""d2"":5,""d3"":9,""noise"":""uniform_atoms"",""p"":0.001}","{""C100"":15,""C101"":6,""C102"":14,""C103"":24,""C104"":9,""C105"":4,""C106"":27,""C107"":20,""C108"":17,""C109"":11,""C110"":6,""C111"":10,""C112"":11,""C113"":9,""C114"":15,""C115"":14,""C116"":16,""C117"":22,""C118"":20,""C119"":8,""C120"":15,""C121"":9,""C122"":10,""C123"":7,""C124"":3,""C125"":16,""C126"":17,""C127"":5,""C128"":22,""C129"":8,""C130"":22,""C131"":7,""C132"":22,""C133"":21,""C134"":21,""C135"":12,""C136"":34,""C137"":2,""C138"":28,""C139"":1463,""C35"":1,""C40"":1,""C46"":1,""C49"":1,""C52"":1,""C54"":1,""C56"":1,""C60"":1,""C61"":1,""C62"":2,""C64"":1,""C65"":1,""C66"":4,""C67"":1,""C69"":1,""C70"":2,""C72"":1,""C73"":2,""C74"":2,""C75"":3,""C76"":1,""C77"":1,""C78"":4,""C79"":1,""C80"":6,""C81"":14,""C82"":3,""C83"":13,""C84"":9,""C85"":1,""C86"":5,""C87"":13,""C88"":13,""C89"":7,""C90"":14,""C91"":14,""C92"":1,""C93"":10,""C94"":10,""C95"":8,""C96"":7,""C97"":18,""C98"":16,""C99"":11}"
      6144,         0,      3984,   0.146,PymatchingGapSampler,b5ef05b24abc92d86d9495c0b40efa77873b4d4896413cdea267f9f052052b98,"{""c"":""compiled-3q-multiplier-16-rotated-HXY"",""d1"":3,""d2"":5,""d3"":9,""noise"":""uniform_atoms"",""p"":0.016}","{""C101"":9,""C102"":21,""C103"":15,""C104"":8,""C105"":15,""C106"":11,""C107"":14,""C108"":14,""C109"":3,""C110"":8,""C111"":14,""C112"":14,""C113"":22,""C114"":9,""C115"":16,""C116"":30,""C117"":12,""C118"":12,""C119"":4,""C120"":19,""C121"":11,""C122"":5,""C123"":12,""C124"":8,""C125"":28,""C126"":15,""C127"":3,""C128"":18,""C129"":12,""C130"":23,""C131"":8,""C132"":15,""C133"":11,""C134"":23,""C135"":38,""C136"":10,""C137"":10,""C138"":1417,""C39"":1,""C40"":1,""C45"":1,""C53"":1,""C54"":1,""C55"":1,""C56"":2,""C61"":1,""C62"":2,""C63"":1,""C65"":3,""C66"":1,""C68"":1,""C69"":4,""C72"":1,""C73"":1,""C75"":3,""C77"":4,""C78"":3,""C79"":3,""C81"":10,""C82"":6,""C83"":9,""C84"":12,""C85"":7,""C86"":7,""C87"":23,""C88"":4,""C89"":1,""C90"":13,""C91"":6,""C92"":22,""C93"":5,""C94"":10,""C95"":7,""C96"":19,""C97"":3,""C98"":3,""C99"":20}"
      6144,         0,      3801,   0.158,PymatchingGapSampler,4a3d7bda5757f7bb69a442074b5181897af381a3b4dbe9ab72cc3997cc72a4c6,"{""c"":""compiled-3q-multiplier-12-rotated-HXY"",""d1"":3,""d2"":5,""d3"":9,""noise"":""uniform_atoms"",""p"":0.012}","{""C100"":17,""C101"":3,""C102"":19,""C103"":29,""C104"":2,""C105"":14,""C106"":19,""C107"":11,""C108"":14,""C109"":9,""C110"":6,""C111"":18,""C112"":18,""C113"":16,""C114"":20,""C115"":7,""C116"":22,""C117"":11,""C118"":19,""C119"":1,""C120"":20,""C121"":14,""C122"":14,""C123"":7,""C124"":7,""C125"":18,""C126"":9,""C127"":6,""C128"":15,""C129"":9,""C130"":39,""C131"":13,""C132"":10,""C133"":28,""C134"":13,""C135"":13,""C136"":19,""C137"":4,""C138"":14,""C139"":1517,""C33"":1,""C34"":1,""C36"":1,""C38"":1,""C43"":1,""C48"":1,""C50"":1,""C57"":2,""C58"":1,""C59"":1,""C61"":1,""C64"":1,""C65"":1,""C66"":1,""C67"":2,""C68"":2,""C69"":1,""C70"":1,""C72"":1,""C73"":1,""C74"":3,""C75"":3,""C76"":3,""C77"":2,""C78"":7,""C79"":2,""C80"":2,""C81"":11,""C82"":5,""C83"":26,""C84"":7,""C85"":5,""C86"":23,""C87"":7,""C88"":23,""C89"":1,""C90"":15,""C91"":16,""C92"":9,""C93"":17,""C94"":10,""C95"":8,""C96"":16,""C97"":17,""C98"":4,""C99"":14}"
      5120,         0,      2303,   0.180,PymatchingGapSampler,48745cbc9d131ede04aad5a664c79653032f86ac364eb54c884fc483279471f7,"{""c"":""compiled-3q-multiplier-2-rotated-HXY"",""d1"":3,""d2"":5,""d3"":9,""noise"":""uniform_atoms"",""p"":0.002}","{""C100"":9,""C101"":10,""C102"":38,""C103"":24,""C104"":10,""C105"":14,""C106"":13,""C107"":22,""C108"":29,""C109"":11,""C110"":13,""C111"":7,""C112"":13,""C113"":13,""C114"":9,""C115"":16,""C116"":37,""C117"":10,""C118"":29,""C119"":14,""C120"":16,""C121"":15,""C122"":4,""C123"":15,""C124"":14,""C125"":15,""C126"":20,""C127"":9,""C128"":18,""C129"":7,""C130"":16,""C131"":18,""C132"":33,""C133"":22,""C134"":17,""C135"":14,""C136"":32,""C137"":5,""C138"":25,""C139"":1840,""C30"":1,""C33"":1,""C35"":2,""C39"":1,""C44"":1,""C45"":1,""C50"":1,""C51"":1,""C52"":1,""C53"":1,""C58"":2,""C60"":1,""C61"":1,""C62"":2,""C63"":1,""C64"":1,""C65"":2,""C66"":1,""C67"":2,""C68"":2,""C69"":1,""C70"":1,""C72"":1,""C73"":2,""C74"":1,""C76"":4,""C77"":4,""C78"":3,""C79"":3,""C80"":5,""C81"":12,""C82"":1,""C83"":27,""C84"":17,""C85"":1,""C86"":4,""C87"":21,""C88"":16,""C89"":8,""C90"":29,""C91"":7,""C92"":3,""C93"":19,""C94"":16,""C95"":8,""C96"":15,""C97"":20,""C98"":25,""C99"":21}"
      4096,         0,      1956,   0.146,PymatchingGapSampler,fa07acd832628ab615a7950e66d49f62ecef29ab8105ac4c978b008bb87ecdec,"{""c"":""compiled-3q-multiplier-3-rotated-HXY"",""d1"":3,""d2"":5,""d3"":9,""noise"":""uniform_atoms"",""p"":0.003}","{""C100"":8,""C101"":4,""C102"":21,""C103"":12,""C104"":6,""C105"":15,""C106"":8,""C107"":17,""C108"":17,""C109"":6,""C110"":15,""C111"":10,""C112"":8,""C113"":15,""C114"":2,""C115"":9,""C116"":21,""C117"":13,""C118"":17,""C119"":12,""C120"":17,""C121"":7,""C122"":10,""C123"":16,""C124"":5,""C125"":11,""C126"":21,""C127"":6,""C128"":6,""C129"":10,""C130"":23,""C131"":6,""C132"":28,""C133"":14,""C134"":15,""C135"":27,""C136"":14,""C137"":3,""C138"":25,""C139"":1408,""C33"":1,""C35"":1,""C36"":1,""C47"":1,""C55"":1,""C56"":1,""C58"":1,""C63"":1,""C65"":2,""C66"":1,""C67"":2,""C68"":1,""C69"":1,""C72"":1,""C74"":2,""C75"":1,""C76"":7,""C77"":3,""C78"":3,""C79"":3,""C80"":4,""C81"":13,""C82"":1,""C83"":23,""C84"":10,""C85"":1,""C86"":6,""C87"":19,""C88"":12,""C89"":10,""C90"":14,""C91"":5,""C92"":3,""C93"":11,""C94"":7,""C95"":9,""C96"":12,""C97"":3,""C98"":16,""C99"":18}"
      4096,         0,      1814,   0.163,PymatchingGapSampler,3b6c05e615564709dbfa395808f2e19641a9b1a0d8cff5bf6b0c54daa36894dc,"{""c"":""compiled-3q-multiplier-1-rotated-HXY"",""d1"":3,""d2"":5,""d3"":9,""noise"":""uniform_atoms"",""p"":0.001}","{""C100"":15,""C101"":8,""C102"":14,""C103"":18,""C104"":9,""C105"":11,""C106"":10,""C107"":10,""C108"":23,""C109"":6,""C110"":10,""C111"":19,""C112"":7,""C113"":14,""C114"":19,""C115"":9,""C116"":14,""C117"":34,""C118"":18,""C119"":9,""C120"":9,""C121"":14,""C122"":8,""C123"":7,""C124"":2,""C125"":22,""C126"":21,""C127"":10,""C128"":14,""C129"":10,""C130"":23,""C131"":12,""C132"":17,""C133"":17,""C134"":15,""C135"":26,""C136"":17,""C137"":9,""C138"":24,""C139"":1508,""C26"":1,""C29"":1,""C32"":1,""C35"":1,""C36"":1,""C38"":1,""C39"":1,""C44"":1,""C45"":1,""C48"":1,""C52"":1,""C53"":1,""C54"":1,""C61"":1,""C62"":1,""C66"":1,""C67"":1,""C68"":1,""C69"":2,""C71"":3,""C72"":1,""C73"":2,""C74"":1,""C76"":1,""C77"":5,""C78"":2,""C79"":1,""C80"":7,""C81"":8,""C82"":3,""C83"":24,""C84"":10,""C86"":8,""C87"":12,""C88"":12,""C89"":5,""C90"":11,""C91"":10,""C92"":3,""C93"":7,""C94"":13,""C95"":5,""C96"":5,""C97"":15,""C98"":12,""C99"":14}"
       273,         0,       237,   0.019,PymatchingGapSampler,336e25b1bec4b5b4d72a9b8b647208d8cd41e0a3b6f91162b5875e89139d6d8d,"{""c"":""compiled-3q-multiplier-1-rotated-HXY"",""d1"":3,""d2"":5,""d3"":9,""noise"":""uniform"",""p"":0.001}","{""C102"":1,""C119"":1,""C120"":1,""C122"":1,""C124"":21,""C66"":1,""C69"":1,""C74"":1,""C85"":2,""C89"":2,""C92"":1,""C95"":1,""C99"":2}"
        17,         0,        16,   0.007,PymatchingGapSampler,1799c3c0da3f62a62293dfcbce86ec31d862d6c965fb2bd8efc8492863084f95,"{""c"":""compiled-3q-multiplier-12-rotated-HXY"",""d1"":3,""d2"":5,""d3"":9,""noise"":""uniform"",""p"":0.012}","{""C124"":1}"
      8192,         0,      5238,   0.203,PymatchingGapSampler,b5ef05b24abc92d86d9495c0b40efa77873b4d4896413cdea267f9f052052b98,"{""c"":""compiled-3q-multiplier-16-rotated-HXY"",""d1"":3,""d2"":5,""d3"":9,""noise"":""uniform_atoms"",""p"":0.016}","{""C100"":1,""C101"":10,""C102"":40,""C103"":14,""C104"":13,""C105"":26,""C106"":18,""C107"":17,""C108"":8,""C109"":12,""C110"":18,""C111"":18,""C112"":12,""C113"":32,""C114"":8,""C115"":18,""C116"":37,""C117"":19,""C118"":12,""C119"":14,""C120"":28,""C121"":20,""C122"":5,""C123"":15,""C124"":11,""C125"":25,""C126"":12,""C127"":4,""C128"":27,""C129"":16,""C130"":28,""C131"":5,""C132"":23,""C133"":13,""C134"":23,""C135"":34,""C136"":17,""C137"":17,""C138"":1913,""C24"":1,""C27"":1,""C30"":1,""C31"":1,""C33"":1,""C34"":2,""C39"":1,""C40"":2,""C41"":1,""C42"":1,""C44"":1,""C45"":1,""C48"":1,""C52"":1,""C53"":1,""C55"":2,""C57"":1,""C61"":1,""C62"":1,""C64"":1,""C65"":3,""C66"":1,""C67"":1,""C68"":2,""C69"":2,""C70"":2,""C71"":2,""C72"":3,""C73"":3,""C75"":4,""C76"":1,""C77"":14,""C78"":6,""C79"":2,""C80"":1,""C81"":16,""C82"":9,""C83"":25,""C84"":14,""C85"":21,""C86"":11,""C87"":32,""C88"":18,""C89"":5,""C90"":27,""C91"":6,""C92"":20,""C93"":13,""C94"":12,""C95"":6,""C96"":29,""C97"":3,""C98"":5,""C99"":29}"
       273,         0,       237,   0.014,PymatchingGapSampler,ca1e269eb7e3cc81d333b9abe3cfa92061b38c0a57f57b74a7d59e6aebdb7133,"{""c"":""compiled-3q-multiplier-2-rotated-HXY"",""d1"":3,""d2"":5,""d3"":9,""noise"":""uniform"",""p"":0.002}","{""C106"":2,""C109"":1,""C113"":2,""C114"":1,""C124"":23,""C68"":2,""C73"":1,""C86"":2,""C90"":1,""C99"":1}"
      1024,         0,       915,   0.046,PymatchingGapSampler,336e25b1bec4b5b4d72a9b8b647208d8cd41e0a3b6f91162b5875e89139d6d8d,"{""c"":""compiled-3q-multiplier-1-rotated-HXY"",""d1"":3,""d2"":5,""d3"":9,""noise"":""uniform"",""p"":0.001}","{""C100"":1,""C102"":1,""C104"":1,""C105"":2,""C107"":1,""C110"":2,""C113"":7,""C115"":1,""C117"":1,""C118"":1,""C120"":1,""C124"":67,""C47"":1,""C61"":1,""C67"":2,""C68"":2,""C69"":1,""C73"":1,""C76"":1,""C77"":2,""C82"":2,""C84"":2,""C85"":1,""C86"":2,""C87"":1,""C94"":2,""C97"":1,""C99"":1}"
       273,         0,       255,   0.016,PymatchingGapSampler,ad2b3a1a92770969f6aee591103a546cc8e262147c3de1fdc372b0a74e048f37,"{""c"":""compiled-3q-multiplier-16-rotated-HXY"",""d1"":3,""d2"":5,""d3"":9,""noise"":""uniform"",""p"":0.016}","{""C100"":1,""C107"":1,""C110"":1,""C124"":8,""C30"":1,""C62"":1,""C68"":2,""C70"":1,""C85"":1,""C86"":1}"
       273,         0,       243,   0.014,PymatchingGapSampler,f72b3c9b18e2657f6ba8a9e93dcf58e1295b123d787cf6e64894244511c6ee4c,"{""c"":""compiled-3q-multiplier-3-rotated-HXY"",""d1"":3,""d2"":5,""d3"":9,""noise"":""uniform"",""p"":0.003}","{""C110"":1,""C123"":1,""C124"":20,""C33"":1,""C58"":1,""C68"":1,""C70"":1,""C82"":1,""C85"":1,""C87"":1,""C95"":1}"
      9216,         0,      5527,   0.223,PymatchingGapSampler,4a3d7bda5757f7bb69a442074b5181897af381a3b4dbe9ab72cc3997cc72a4c6,"{""c"":""compiled-3q-multiplier-12-rotated-HXY"",""d1"":3,""d2"":5,""d3"":9,""noise"":""uniform_atoms"",""p"":0.012}","{""C100"":32,""C102"":23,""C103"":38,""C104"":4,""C105"":24,""C106"":29,""C107"":23,""C108"":35,""C109"":14,""C110"":13,""C111"":18,""C112"":11,""C113"":24,""C114"":24,""C115"":23,""C116"":33,""C117"":28,""C118"":28,""C119"":7,""C120"":36,""C121"":17,""C122"":18,""C123"":15,""C124"":8,""C125"":31,""C126"":20,""C127"":9,""C128"":26,""C129"":7,""C130"":54,""C131"":25,""C132"":12,""C133"":38,""C134"":30,""C135"":25,""C136"":50,""C137"":19,""C138"":28,""C139"":2362,""C16"":1,""C24"":1,""C25"":1,""C26"":1,""C27"":1,""C28"":1,""C32"":1,""C37"":1,""C39"":1,""C40"":1,""C42"":1,""C50"":1,""C55"":1,""C56"":2,""C59"":1,""C60"":1,""C61"":1,""C63"":2,""C64"":2,""C65"":3,""C66"":1,""C67"":2,""C68"":2,""C69"":2,""C70"":2,""C71"":3,""C72"":1,""C73"":1,""C74"":3,""C75"":2,""C76"":1,""C77"":9,""C78"":8,""C79"":3,""C80"":3,""C81"":19,""C82"":6,""C83"":32,""C84"":17,""C85"":4,""C86"":24,""C87"":25,""C88"":43,""C89"":5,""C90"":18,""C91"":22,""C92"":10,""C93"":30,""C94"":9,""C95"":19,""C96"":24,""C97"":35,""C98"":4,""C99"":14}"
      1280,         0,      1193,   0.056,PymatchingGapSampler,1799c3c0da3f62a62293dfcbce86ec31d862d6c965fb2bd8efc8492863084f95,"{""c"":""compiled-3q-multiplier-12-rotated-HXY"",""d1"":3,""d2"":5,""d3"":9,""noise"":""uniform"",""p"":0.012}","{""C101"":1,""C103"":1,""C105"":1,""C107"":1,""C110"":4,""C112"":2,""C113"":3,""C115"":1,""C118"":1,""C119"":1,""C122"":1,""C124"":41,""C63"":1,""C64"":1,""C66"":1,""C67"":4,""C70"":1,""C72"":1,""C76"":1,""C77"":1,""C80"":1,""C81"":1,""C82"":1,""C83"":1,""C84"":1,""C85"":3,""C86"":1,""C87"":2,""C89"":4,""C94"":1,""C96"":1,""C97"":1}"
      1024,         0,       919,   0.035,PymatchingGapSampler,336e25b1bec4b5b4d72a9b8b647208d8cd41e0a3b6f91162b5875e89139d6d8d,"{""c"":""compiled-3q-multiplier-1-rotated-HXY"",""d1"":3,""d2"":5,""d3"":9,""noise"":""uniform"",""p"":0.001}","{""C102"":3,""C103"":2,""C104"":2,""C109"":1,""C110"":1,""C111"":1,""C113"":1,""C115"":2,""C116"":1,""C120"":1,""C122"":1,""C123"":1,""C124"":52,""C53"":1,""C55"":1,""C56"":1,""C63"":1,""C65"":1,""C68"":2,""C70"":1,""C72"":1,""C75"":1,""C76"":1,""C78"":1,""C79"":3,""C82"":1,""C84"":2,""C85"":6,""C86"":2,""C87"":1,""C89"":1,""C90"":2,""C92"":2,""C94"":2,""C97"":2}"
      1024,         0,       936,   0.034,PymatchingGapSampler,f72b3c9b18e2657f6ba8a9e93dcf58e1295b123d787cf6e64894244511c6ee4c,"{""c"":""compiled-3q-multiplier-3-rotated-HXY"",""d1"":3,""d2"":5,""d3"":9,""noise"":""uniform"",""p"":0.003}","{""C102"":2,""C104"":1,""C105"":2,""C108"":1,""C113"":1,""C115"":2,""C116"":3,""C119"":1,""C124"":57,""C60"":1,""C64"":1,""C68"":1,""C73"":1,""C74"":1,""C79"":2,""C84"":2,""C85"":2,""C89"":1,""C90"":3,""C92"":1,""C98"":1,""C99"":1}"
      1024,         0,       904,   0.051,PymatchingGapSampler,ca1e269eb7e3cc81d333b9abe3cfa92061b38c0a57f57b74a7d59e6aebdb7133,"{""c"":""compiled-3q-multiplier-2-rotated-HXY"",""d1"":3,""d2"":5,""d3"":9,""noise"":""uniform"",""p"":0.002}","{""C102"":1,""C103"":1,""C104"":1,""C105"":2,""C107"":3,""C109"":2,""C110"":1,""C112"":2,""C113"":3,""C114"":1,""C116"":3,""C117"":3,""C118"":1,""C119"":1,""C120"":4,""C124"":62,""C15"":1,""C45"":1,""C65"":1,""C68"":2,""C69"":1,""C71"":1,""C72"":1,""C75"":1,""C76"":3,""C79"":1,""C82"":2,""C84"":3,""C85"":1,""C86"":1,""C87"":1,""C89"":1,""C90"":2,""C93"":1,""C96"":1,""C98"":2,""C99"":1}"
      1024,         0,       953,   0.052,PymatchingGapSampler,ad2b3a1a92770969f6aee591103a546cc8e262147c3de1fdc372b0a74e048f37,"{""c"":""compiled-3q-multiplier-16-rotated-HXY"",""d1"":3,""d2"":5,""d3"":9,""noise"":""uniform"",""p"":0.016}","{""C100"":1,""C103"":1,""C104"":1,""C105"":1,""C106"":1,""C110"":1,""C112"":1,""C113"":2,""C117"":1,""C121"":1,""C122"":1,""C124"":36,""C48"":1,""C64"":1,""C65"":2,""C68"":1,""C70"":1,""C76"":2,""C78"":1,""C79"":1,""C81"":1,""C85"":2,""C88"":1,""C89"":4,""C92"":1,""C96"":2,""C97"":2}"
      1024,         0,       949,   0.037,PymatchingGapSampler,1799c3c0da3f62a62293dfcbce86ec31d862d6c965fb2bd8efc8492863084f95,"{""c"":""compiled-3q-multiplier-12-rotated-HXY"",""d1"":3,""d2"":5,""d3"":9,""noise"":""uniform"",""p"":0.012}","{""C100"":1,""C103"":2,""C104"":1,""C105"":2,""C108"":1,""C112"":1,""C114"":1,""C117"":2,""C119"":1,""C122"":2,""C124"":36,""C30"":1,""C54"":1,""C65"":1,""C68"":2,""C70"":1,""C72"":2,""C74"":1,""C79"":1,""C81"":1,""C84"":1,""C85"":3,""C87"":1,""C88"":1,""C89"":1,""C92"":2,""C93"":1,""C94"":1,""C97"":1,""C99"":2}"
      6144,         0,      2937,   0.204,PymatchingGapSampler,fa07acd832628ab615a7950e66d49f62ecef29ab8105ac4c978b008bb87ecdec,"{""c"":""compiled-3q-multiplier-3-rotated-HXY"",""d1"":3,""d2"":5,""d3"":9,""noise"":""uniform_atoms"",""p"":0.003}","{""C10"":1,""C100"":10,""C101"":11,""C102"":29,""C103"":25,""C104"":8,""C105"":20,""C106"":19,""C107"":23,""C108"":31,""C109"":8,""C110"":19,""C111"":14,""C112"":13,""C113"":15,""C114"":7,""C115"":21,""C116"":39,""C117"":20,""C118"":22,""C119"":13,""C120"":21,""C121"":11,""C122"":9,""C123"":17,""C124"":6,""C125"":15,""C126"":21,""C127"":10,""C128"":13,""C129"":17,""C130"":33,""C131"":20,""C132"":40,""C133"":13,""C134"":26,""C135"":37,""C136"":20,""C137"":11,""C138"":32,""C139"":2103,""C26"":1,""C30"":1,""C35"":2,""C37"":2,""C39"":1,""C40"":1,""C41"":1,""C42"":1,""C44"":1,""C45"":1,""C47"":2,""C48"":2,""C54"":1,""C55"":1,""C56"":1,""C57"":2,""C58"":1,""C59"":1,""C61"":1,""C62"":1,""C63"":1,""C68"":1,""C69"":1,""C70"":1,""C71"":2,""C72"":1,""C74"":1,""C75"":2,""C76"":1,""C77"":6,""C78"":6,""C79"":5,""C8"":1,""C80"":7,""C81"":14,""C82"":1,""C83"":37,""C84"":15,""C85"":3,""C86"":10,""C87"":30,""C88"":23,""C89"":14,""C90"":18,""C91"":11,""C92"":1,""C93"":10,""C94"":14,""C95"":17,""C96"":24,""C97"":4,""C98"":31,""C99"":26}"
      6144,         0,      2779,   0.210,PymatchingGapSampler,48745cbc9d131ede04aad5a664c79653032f86ac364eb54c884fc483279471f7,"{""c"":""compiled-3q-multiplier-2-rotated-HXY"",""d1"":3,""d2"":5,""d3"":9,""noise"":""uniform_atoms"",""p"":0.002}","{""C100"":10,""C101"":17,""C102"":23,""C103"":28,""C104"":18,""C105"":17,""C106"":19,""C107"":25,""C108"":28,""C109"":5,""C110"":17,""C111"":16,""C112"":22,""C113"":20,""C114"":14,""C115"":21,""C116"":36,""C117"":20,""C118"":27,""C119"":14,""C120"":17,""C121"":18,""C122"":13,""C123"":10,""C124"":16,""C125"":29,""C126"":26,""C127"":13,""C128"":16,""C129"":13,""C130"":25,""C131"":11,""C132"":33,""C133"":26,""C134"":28,""C135"":24,""C136"":39,""C137"":7,""C138"":24,""C139"":2215,""C19"":1,""C25"":2,""C31"":2,""C33"":1,""C35"":1,""C42"":2,""C44"":1,""C46"":1,""C47"":1,""C50"":1,""C55"":1,""C57"":1,""C61"":1,""C62"":3,""C65"":1,""C66"":2,""C67"":5,""C68"":2,""C69"":2,""C70"":3,""C71"":1,""C72"":2,""C73"":3,""C74"":1,""C75"":1,""C76"":3,""C77"":2,""C78"":2,""C79"":1,""C80"":12,""C81"":14,""C82"":2,""C83"":35,""C84"":16,""C85"":5,""C86"":12,""C87"":27,""C88"":22,""C89"":6,""C90"":24,""C91"":13,""C92"":7,""C93"":15,""C94"":24,""C95"":7,""C96"":9,""C97"":15,""C98"":28,""C99"":22}"
      1024,         0,       893,   0.042,PymatchingGapSampler,f72b3c9b18e2657f6ba8a9e93dcf58e1295b123d787cf6e64894244511c6ee4c,"{""c"":""compiled-3q-multiplier-3-rotated-HXY"",""d1"":3,""d2"":5,""d3"":9,""noise"":""uniform"",""p"":0.003}","{""C100"":2,""C103"":1,""C104"":2,""C105"":4,""C106"":1,""C108"":2,""C109"":2,""C110"":2,""C112"":1,""C113"":6,""C114"":1,""C115"":2,""C119"":2,""C123"":1,""C124"":67,""C55"":1,""C58"":1,""C62"":1,""C65"":1,""C67"":1,""C68"":4,""C69"":1,""C70"":1,""C71"":1,""C73"":1,""C76"":2,""C79"":1,""C81"":1,""C82"":1,""C84"":2,""C85"":3,""C86"":2,""C87"":3,""C89"":1,""C90"":3,""C95"":2,""C97"":1}"
      1024,         0,       917,   0.048,PymatchingGapSampler,336e25b1bec4b5b4d72a9b8b647208d8cd41e0a3b6f91162b5875e89139d6d8d,"{""c"":""compiled-3q-multiplier-1-rotated-HXY"",""d1"":3,""d2"":5,""d3"":9,""noise"":""uniform"",""p"":0.001}","{""C100"":1,""C101"":1,""C103"":1,""C105"":1,""C106"":2,""C107"":2,""C110"":4,""C112"":4,""C113"":4,""C114"":1,""C115"":1,""C116"":1,""C120"":1,""C122"":1,""C124"":57,""C26"":1,""C42"":1,""C43"":1,""C45"":1,""C60"":1,""C68"":1,""C71"":1,""C74"":1,""C77"":1,""C78"":1,""C79"":1,""C81"":1,""C82"":1,""C85"":2,""C86"":3,""C87"":1,""C88"":2,""C90"":1,""C95"":1,""C97"":1,""C98"":1}"
      1024,         0,       940,   0.040,PymatchingGapSampler,ad2b3a1a92770969f6aee591103a546cc8e262147c3de1fdc372b0a74e048f37,"{""c"":""compiled-3q-multiplier-16-rotated-HXY"",""d1"":3,""d2"":5,""d3"":9,""noise"":""uniform"",""p"":0.016}","{""C100"":1,""C102"":1,""C103"":1,""C104"":2,""C106"":1,""C111"":1,""C112"":2,""C113"":1,""C114"":1,""C116"":1,""C119"":1,""C120"":1,""C124"":49,""C55"":1,""C60"":1,""C66"":1,""C67"":2,""C68"":2,""C70"":1,""C79"":1,""C80"":2,""C82"":2,""C85"":3,""C89"":1,""C91"":1,""C95"":1,""C96"":1,""C98"":1}"
      1024,         0,       902,   0.052,PymatchingGapSampler,ca1e269eb7e3cc81d333b9abe3cfa92061b38c0a57f57b74a7d59e6aebdb7133,"{""c"":""compiled-3q-multiplier-2-rotated-HXY"",""d1"":3,""d2"":5,""d3"":9,""noise"":""uniform"",""p"":0.002}","{""C102"":1,""C103"":2,""C104"":1,""C105"":2,""C106"":1,""C107"":2,""C110"":3,""C111"":1,""C112"":1,""C113"":1,""C114"":1,""C115"":1,""C117"":3,""C118"":1,""C121"":1,""C124"":59,""C27"":1,""C35"":1,""C43"":1,""C52"":1,""C56"":1,""C57"":1,""C67"":2,""C68"":3,""C69"":3,""C70"":1,""C73"":1,""C75"":1,""C76"":1,""C78"":2,""C79"":1,""C81"":2,""C82"":1,""C84"":3,""C85"":5,""C86"":1,""C87"":2,""C90"":2,""C92"":1,""C94"":2,""C95"":1}"
      1024,         0,       952,   0.049,PymatchingGapSampler,1799c3c0da3f62a62293dfcbce86ec31d862d6c965fb2bd8efc8492863084f95,"{""c"":""compiled-3q-multiplier-12-rotated-HXY"",""d1"":3,""d2"":5,""d3"":9,""noise"":""uniform"",""p"":0.012}","{""C101"":2,""C104"":2,""C106"":1,""C110"":2,""C113"":3,""C114"":1,""C115"":1,""C117"":1,""C118"":2,""C119"":1,""C120"":1,""C124"":36,""C51"":1,""C56"":1,""C58"":1,""C69"":1,""C73"":1,""C77"":1,""C79"":1,""C82"":2,""C83"":1,""C84"":1,""C85"":3,""C86"":1,""C87"":1,""C89"":1,""C93"":1,""C97"":1}"
      1024,         0,       931,   0.036,PymatchingGapSampler,f72b3c9b18e2657f6ba8a9e93dcf58e1295b123d787cf6e64894244511c6ee4c,"{""c"":""compiled-3q-multiplier-3-rotated-HXY"",""d1"":3,""d2"":5,""d3"":9,""noise"":""uniform"",""p"":0.003}","{""C100"":1,""C101"":2,""C102"":2,""C109"":1,""C110"":1,""C111"":2,""C112"":1,""C113"":2,""C115"":1,""C118"":1,""C120"":1,""C121"":1,""C124"":49,""C26"":1,""C42"":1,""C63"":1,""C66"":1,""C67"":3,""C68"":2,""C69"":1,""C73"":1,""C80"":1,""C84"":2,""C85"":2,""C87"":1,""C88"":2,""C90"":2,""C91"":1,""C92"":2,""C96"":1,""C97"":1,""C98"":1,""C99"":1}"
      1024,         0,       957,   0.034,PymatchingGapSampler,ad2b3a1a92770969f6aee591103a546cc8e262147c3de1fdc372b0a74e048f37,"{""c"":""compiled-3q-multiplier-16-rotated-HXY"",""d1"":3,""d2"":5,""d3"":9,""noise"":""uniform"",""p"":0.016}","{""C100"":1,""C101"":2,""C103"":1,""C104"":1,""C105"":1,""C106"":1,""C109"":2,""C112"":2,""C113"":1,""C115"":1,""C122"":1,""C124"":35,""C65"":1,""C66"":1,""C67"":2,""C73"":1,""C75"":2,""C81"":1,""C82"":1,""C85"":5,""C86"":1,""C91"":2,""C99"":1}"
      6144,         0,      2620,   0.223,PymatchingGapSampler,3b6c05e615564709dbfa395808f2e19641a9b1a0d8cff5bf6b0c54daa36894dc,"{""c"":""compiled-3q-multiplier-1-rotated-HXY"",""d1"":3,""d2"":5,""d3"":9,""noise"":""uniform_atoms"",""p"":0.001}","{""C100"":31,""C101"":14,""C102"":30,""C103"":31,""C104"":15,""C105"":11,""C106"":25,""C107"":26,""C108"":28,""C109"":11,""C110"":16,""C111"":23,""C112"":24,""C113"":17,""C114"":21,""C115"":18,""C116"":27,""C117"":48,""C118"":21,""C119"":9,""C120"":21,""C121"":18,""C122"":17,""C123"":11,""C124"":6,""C125"":28,""C126"":33,""C127"":14,""C128"":14,""C129"":12,""C130"":27,""C131"":8,""C132"":35,""C133"":35,""C134"":14,""C135"":23,""C136"":39,""C137"":12,""C138"":46,""C139"":2282,""C22"":1,""C31"":1,""C32"":1,""C48"":1,""C50"":3,""C51"":1,""C53"":1,""C56"":1,""C57"":1,""C60"":2,""C62"":3,""C63"":4,""C64"":8,""C65"":3,""C66"":3,""C67"":1,""C68"":1,""C69"":4,""C70"":1,""C72"":3,""C75"":1,""C76"":2,""C77"":2,""C78"":3,""C80"":10,""C81"":20,""C82"":5,""C83"":50,""C84"":27,""C85"":1,""C86"":8,""C87"":29,""C88"":25,""C89"":11,""C90"":31,""C91"":12,""C92"":7,""C93"":3,""C94"":8,""C95"":15,""C96"":11,""C97"":22,""C98"":19,""C99"":17}"
      1024,         0,       942,   0.042,PymatchingGapSampler,1799c3c0da3f62a62293dfcbce86ec31d862d6c965fb2bd8efc8492863084f95,"{""c"":""compiled-3q-multiplier-12-rotated-HXY"",""d1"":3,""d2"":5,""d3"":9,""noise"":""uniform"",""p"":0.012}","{""C102"":1,""C103"":2,""C104"":1,""C105"":1,""C107"":1,""C108"":1,""C109"":1,""C111"":1,""C113"":1,""C114"":1,""C116"":1,""C118"":1,""C120"":1,""C122"":1,""C124"":44,""C33"":1,""C40"":1,""C43"":1,""C51"":1,""C68"":1,""C70"":1,""C72"":2,""C80"":1,""C81"":1,""C82"":1,""C83"":2,""C85"":4,""C86"":1,""C87"":1,""C92"":1,""C97"":2,""C98"":1}"
      1024,         1,       916,   0.053,PymatchingGapSampler,ca1e269eb7e3cc81d333b9abe3cfa92061b38c0a57f57b74a7d59e6aebdb7133,"{""c"":""compiled-3q-multiplier-2-rotated-HXY"",""d1"":3,""d2"":5,""d3"":9,""noise"":""uniform"",""p"":0.002}","{""C100"":1,""C103"":4,""C105"":2,""C107"":1,""C109"":2,""C110"":2,""C112"":1,""C113"":2,""C116"":1,""C117"":3,""C120"":1,""C122"":1,""C123"":1,""C124"":58,""C47"":1,""C59"":1,""C68"":1,""C70"":1,""C71"":1,""C75"":1,""C79"":1,""C82"":7,""C84"":2,""C85"":3,""C86"":1,""C92"":1,""C93"":2,""C94"":1,""C96"":1,""C97"":1,""C99"":1,""E34"":1}"
      2048,         0,      1820,   0.075,PymatchingGapSampler,336e25b1bec4b5b4d72a9b8b647208d8cd41e0a3b6f91162b5875e89139d6d8d,"{""c"":""compiled-3q-multiplier-1-rotated-HXY"",""d1"":3,""d2"":5,""d3"":9,""noise"":""uniform"",""p"":0.001}","{""C100"":1,""C102"":1,""C103"":4,""C104"":7,""C105"":2,""C106"":3,""C107"":4,""C108"":1,""C109"":2,""C110"":2,""C112"":2,""C113"":4,""C114"":2,""C116"":2,""C119"":1,""C120"":4,""C122"":2,""C123"":1,""C124"":114,""C49"":1,""C58"":2,""C62"":1,""C64"":1,""C66"":1,""C67"":1,""C68"":5,""C69"":1,""C73"":2,""C74"":2,""C75"":1,""C77"":1,""C79"":1,""C80"":2,""C81"":2,""C82"":4,""C83"":1,""C84"":4,""C85"":6,""C86"":6,""C87"":3,""C89"":7,""C90"":1,""C94"":4,""C95"":1,""C96"":2,""C97"":2,""C98"":2,""C99"":2}"
      1024,         0,       962,   0.041,PymatchingGapSampler,ad2b3a1a92770969f6aee591103a546cc8e262147c3de1fdc372b0a74e048f37,"{""c"":""compiled-3q-multiplier-16-rotated-HXY"",""d1"":3,""d2"":5,""d3"":9,""noise"":""uniform"",""p"":0.016}","{""C101"":1,""C106"":1,""C107"":1,""C110"":1,""C111"":1,""C112"":2,""C113"":4,""C114"":1,""C124"":30,""C28"":1,""C64"":1,""C67"":1,""C69"":1,""C72"":1,""C73"":1,""C75"":2,""C77"":2,""C79"":1,""C80"":1,""C82"":3,""C83"":1,""C84"":1,""C85"":3}"
      2048,         1,      1815,   0.073,PymatchingGapSampler,f72b3c9b18e2657f6ba8a9e93dcf58e1295b123d787cf6e64894244511c6ee4c,"{""c"":""compiled-3q-multiplier-3-rotated-HXY"",""d1"":3,""d2"":5,""d3"":9,""noise"":""uniform"",""p"":0.003}","{""C100"":1,""C101"":1,""C102"":1,""C104"":8,""C105"":4,""C106"":1,""C109"":2,""C110"":4,""C112"":3,""C113"":5,""C115"":1,""C116"":2,""C117"":3,""C118"":1,""C119"":3,""C120"":2,""C121"":4,""C122"":1,""C123"":1,""C124"":122,""C23"":1,""C27"":1,""C37"":1,""C54"":2,""C57"":1,""C58"":1,""C63"":1,""C65"":1,""C67"":3,""C68"":5,""C70"":3,""C72"":1,""C73"":4,""C76"":1,""C78"":1,""C79"":1,""C81"":3,""C82"":1,""C83"":1,""C84"":6,""C85"":3,""C86"":2,""C87"":3,""C89"":6,""C90"":1,""C92"":2,""C93"":2,""C95"":2,""C97"":1,""C99"":1,""E4"":1}"
      1024,         0,       903,   0.038,PymatchingGapSampler,ca1e269eb7e3cc81d333b9abe3cfa92061b38c0a57f57b74a7d59e6aebdb7133,"{""c"":""compiled-3q-multiplier-2-rotated-HXY"",""d1"":3,""d2"":5,""d3"":9,""noise"":""uniform"",""p"":0.002}","{""C101"":1,""C103"":1,""C104"":3,""C105"":2,""C107"":4,""C110"":2,""C113"":3,""C114"":1,""C117"":1,""C120"":3,""C122"":1,""C123"":1,""C124"":70,""C21"":1,""C41"":1,""C47"":1,""C68"":1,""C69"":1,""C70"":2,""C72"":1,""C77"":1,""C79"":1,""C83"":2,""C84"":2,""C85"":1,""C86"":3,""C87"":1,""C89"":4,""C93"":2,""C95"":1,""C97"":2}"
      2048,         0,      1886,   0.071,PymatchingGapSampler,1799c3c0da3f62a62293dfcbce86ec31d862d6c965fb2bd8efc8492863084f95,"{""c"":""compiled-3q-multiplier-12-rotated-HXY"",""d1"":3,""d2"":5,""d3"":9,""noise"":""uniform"",""p"":0.012}","{""C100"":1,""C102"":1,""C103"":3,""C104"":2,""C105"":4,""C108"":1,""C109"":4,""C110"":1,""C112"":2,""C114"":1,""C115"":2,""C116"":3,""C117"":3,""C119"":1,""C122"":1,""C123"":2,""C124"":87,""C36"":1,""C65"":2,""C66"":2,""C67"":2,""C68"":2,""C70"":5,""C72"":3,""C78"":1,""C79"":1,""C82"":2,""C84"":2,""C85"":8,""C86"":3,""C87"":2,""C89"":1,""C92"":2,""C93"":1,""C95"":1,""C96"":1,""C97"":1}"
      2048,         0,      1831,   0.080,PymatchingGapSampler,336e25b1bec4b5b4d72a9b8b647208d8cd41e0a3b6f91162b5875e89139d6d8d,"{""c"":""compiled-3q-multiplier-1-rotated-HXY"",""d1"":3,""d2"":5,""d3"":9,""noise"":""uniform"",""p"":0.001}","{""C100"":1,""C101"":2,""C102"":1,""C103"":1,""C104"":3,""C105"":1,""C106"":3,""C107"":1,""C109"":3,""C110"":5,""C111"":1,""C112"":3,""C113"":6,""C115"":1,""C116"":3,""C117"":3,""C118"":2,""C119"":2,""C121"":1,""C122"":1,""C123"":1,""C124"":116,""C28"":1,""C39"":1,""C40"":1,""C60"":1,""C64"":1,""C67"":1,""C68"":6,""C70"":2,""C73"":1,""C75"":2,""C77"":2,""C78"":1,""C80"":1,""C82"":2,""C83"":1,""C84"":3,""C85"":6,""C86"":6,""C87"":1,""C89"":5,""C93"":1,""C94"":2,""C96"":3,""C97"":1,""C98"":2,""C99"":2}"
      2048,         0,      1899,   0.088,PymatchingGapSampler,ad2b3a1a92770969f6aee591103a546cc8e262147c3de1fdc372b0a74e048f37,"{""c"":""compiled-3q-multiplier-16-rotated-HXY"",""d1"":3,""d2"":5,""d3"":9,""noise"":""uniform"",""p"":0.016}","{""C101"":3,""C102"":3,""C103"":1,""C104"":1,""C105"":3,""C109"":1,""C111"":2,""C112"":3,""C113"":2,""C114"":3,""C115"":1,""C116"":2,""C117"":3,""C119"":3,""C120"":1,""C124"":83,""C30"":1,""C45"":1,""C49"":1,""C50"":1,""C57"":1,""C59"":1,""C65"":1,""C68"":2,""C70"":1,""C71"":1,""C72"":1,""C76"":1,""C78"":1,""C82"":2,""C83"":2,""C84"":1,""C85"":1,""C86"":1,""C87"":1,""C88"":3,""C89"":2,""C90"":2,""C92"":1,""C95"":1,""C96"":2,""C99"":1}"
      2048,         0,      1865,   0.082,PymatchingGapSampler,f72b3c9b18e2657f6ba8a9e93dcf58e1295b123d787cf6e64894244511c6ee4c,"{""c"":""compiled-3q-multiplier-3-rotated-HXY"",""d1"":3,""d2"":5,""d3"":9,""noise"":""uniform"",""p"":0.003}","{""C101"":1,""C102"":2,""C103"":2,""C104"":10,""C105"":7,""C107"":1,""C109"":4,""C11"":1,""C110"":3,""C111"":2,""C112"":3,""C113"":4,""C115"":1,""C119"":1,""C120"":1,""C122"":2,""C123"":1,""C124"":88,""C28"":1,""C47"":1,""C57"":1,""C65"":1,""C67"":1,""C68"":2,""C70"":1,""C72"":1,""C73"":1,""C76"":1,""C78"":2,""C79"":2,""C81"":4,""C82"":3,""C84"":3,""C85"":7,""C86"":2,""C87"":1,""C89"":1,""C90"":3,""C91"":1,""C92"":3,""C93"":2,""C94"":1,""C95"":1,""C97"":1,""C99"":1}"
      2048,         1,      1821,   0.082,PymatchingGapSampler,ca1e269eb7e3cc81d333b9abe3cfa92061b38c0a57f57b74a7d59e6aebdb7133,"{""c"":""compiled-3q-multiplier-2-rotated-HXY"",""d1"":3,""d2"":5,""d3"":9,""noise"":""uniform"",""p"":0.002}","{""C101"":1,""C102"":1,""C103"":1,""C104"":2,""C105"":4,""C106"":2,""C107"":1,""C109"":1,""C110"":2,""C111"":1,""C112"":2,""C113"":4,""C114"":2,""C116"":1,""C117"":1,""C119"":2,""C120"":3,""C121"":1,""C123"":4,""C124"":120,""C55"":1,""C57"":1,""C59"":1,""C64"":1,""C66"":2,""C67"":5,""C68"":1,""C70"":1,""C72"":2,""C73"":1,""C74"":1,""C77"":1,""C78"":1,""C79"":3,""C81"":5,""C82"":4,""C84"":4,""C85"":10,""C86"":4,""C87"":2,""C89"":2,""C90"":3,""C91"":2,""C92"":1,""C93"":2,""C94"":1,""C95"":2,""C96"":3,""C98"":1,""C99"":2,""E35"":1}"
     12288,         0,      7982,   0.278,PymatchingGapSampler,b5ef05b24abc92d86d9495c0b40efa77873b4d4896413cdea267f9f052052b98,"{""c"":""compiled-3q-multiplier-16-rotated-HXY"",""d1"":3,""d2"":5,""d3"":9,""noise"":""uniform_atoms"",""p"":0.016}","{""C100"":4,""C101"":16,""C102"":44,""C103"":17,""C104"":20,""C105"":35,""C106"":24,""C107"":18,""C108"":23,""C109"":10,""C110"":21,""C111"":28,""C112"":24,""C113"":31,""C114"":22,""C115"":19,""C116"":52,""C117"":25,""C118"":16,""C119"":4,""C120"":41,""C121"":28,""C122"":5,""C123"":17,""C124"":22,""C125"":40,""C126"":21,""C127"":7,""C128"":39,""C129"":42,""C130"":25,""C131"":16,""C132"":50,""C133"":34,""C134"":25,""C135"":64,""C136"":23,""C137"":15,""C138"":2805,""C26"":2,""C27"":1,""C28"":1,""C37"":1,""C39"":2,""C40"":1,""C42"":1,""C45"":1,""C47"":1,""C48"":1,""C50"":2,""C52"":2,""C53"":2,""C55"":3,""C56"":1,""C57"":3,""C58"":2,""C60"":3,""C63"":1,""C64"":2,""C65"":2,""C67"":2,""C68"":2,""C69"":4,""C70"":2,""C71"":2,""C73"":2,""C74"":5,""C75"":1,""C76"":6,""C77"":15,""C78"":5,""C79"":6,""C80"":3,""C81"":19,""C82"":23,""C83"":25,""C84"":22,""C85"":31,""C86"":13,""C87"":44,""C88"":18,""C89"":4,""C90"":47,""C91"":14,""C92"":25,""C93"":12,""C94"":20,""C95"":12,""C96"":47,""C97"":10,""C98"":12,""C99"":46}"
      2048,         0,      1878,   0.081,PymatchingGapSampler,1799c3c0da3f62a62293dfcbce86ec31d862d6c965fb2bd8efc8492863084f95,"{""c"":""compiled-3q-multiplier-12-rotated-HXY"",""d1"":3,""d2"":5,""d3"":9,""noise"":""uniform"",""p"":0.012}","{""C100"":1,""C102"":2,""C104"":2,""C105"":6,""C106"":2,""C107"":3,""C109"":1,""C110"":2,""C112"":1,""C113"":3,""C114"":3,""C116"":3,""C117"":2,""C119"":3,""C120"":1,""C121"":1,""C122"":1,""C124"":93,""C24"":1,""C31"":1,""C59"":1,""C66"":2,""C67"":1,""C68"":1,""C70"":1,""C72"":1,""C73"":1,""C74"":2,""C76"":1,""C78"":2,""C82"":1,""C83"":1,""C84"":3,""C85"":5,""C86"":1,""C87"":2,""C88"":1,""C90"":1,""C91"":2,""C93"":1,""C94"":1,""C95"":2,""C96"":3,""C98"":1}"
     11264,         0,      6700,   0.278,PymatchingGapSampler,4a3d7bda5757f7bb69a442074b5181897af381a3b4dbe9ab72cc3997cc72a4c6,"{""c"":""compiled-3q-multiplier-12-rotated-HXY"",""d1"":3,""d2"":5,""d3"":9,""noise"":""uniform_atoms"",""p"":0.012}","{""C100"":43,""C101"":7,""C102"":48,""C103"":40,""C104"":4,""C105"":34,""C106"":42,""C107"":17,""C108"":32,""C109"":17,""C110"":17,""C111"":25,""C112"":18,""C113"":9,""C114"":35,""C115"":30,""C116"":24,""C117"":46,""C118"":39,""C119"":4,""C120"":35,""C121"":24,""C122"":22,""C123"":12,""C124"":11,""C125"":48,""C126"":26,""C127"":14,""C128"":37,""C129"":23,""C130"":63,""C131"":32,""C132"":13,""C133"":51,""C134"":28,""C135"":46,""C136"":51,""C137"":24,""C138"":40,""C139"":2918,""C26"":1,""C30"":1,""C31"":1,""C33"":1,""C35"":1,""C36"":1,""C37"":1,""C39"":1,""C42"":1,""C43"":1,""C45"":1,""C46"":2,""C49"":1,""C50"":1,""C53"":3,""C55"":2,""C56"":4,""C57"":3,""C58"":2,""C59"":1,""C60"":1,""C61"":2,""C62"":5,""C64"":2,""C65"":1,""C66"":2,""C67"":3,""C69"":3,""C70"":3,""C71"":1,""C73"":3,""C74"":2,""C75"":4,""C76"":2,""C77"":6,""C78"":17,""C79"":3,""C80"":6,""C81"":16,""C82"":12,""C83"":54,""C84"":10,""C85"":5,""C86"":43,""C87"":25,""C88"":48,""C89"":5,""C90"":28,""C91"":19,""C92"":8,""C93"":31,""C94"":14,""C95"":19,""C96"":22,""C97"":31,""C98"":8,""C99"":21}"
      2048,         0,      1826,   0.079,PymatchingGapSampler,336e25b1bec4b5b4d72a9b8b647208d8cd41e0a3b6f91162b5875e89139d6d8d,"{""c"":""compiled-3q-multiplier-1-rotated-HXY"",""d1"":3,""d2"":5,""d3"":9,""noise"":""uniform"",""p"":0.001}","{""C101"":2,""C102"":2,""C103"":2,""C104"":3,""C105"":2,""C106"":3,""C108"":1,""C109"":3,""C110"":4,""C112"":6,""C113"":3,""C114"":3,""C116"":2,""C118"":1,""C119"":2,""C120"":3,""C121"":1,""C122"":2,""C123"":2,""C124"":110,""C24"":1,""C36"":2,""C45"":1,""C57"":1,""C58"":1,""C60"":1,""C64"":1,""C67"":3,""C68"":3,""C69"":2,""C70"":3,""C71"":1,""C73"":2,""C76"":3,""C78"":2,""C79"":2,""C80"":2,""C81"":3,""C82"":3,""C84"":5,""C85"":6,""C86"":4,""C87"":1,""C89"":4,""C90"":4,""C93"":1,""C94"":1,""C98"":2}"
      2048,         0,      1904,   0.084,PymatchingGapSampler,ad2b3a1a92770969f6aee591103a546cc8e262147c3de1fdc372b0a74e048f37,"{""c"":""compiled-3q-multiplier-16-rotated-HXY"",""d1"":3,""d2"":5,""d3"":9,""noise"":""uniform"",""p"":0.016}","{""C101"":1,""C102"":2,""C103"":2,""C104"":2,""C105"":2,""C107"":2,""C109"":3,""C110"":2,""C112"":1,""C113"":2,""C114"":1,""C115"":4,""C116"":1,""C117"":1,""C118"":1,""C121"":1,""C123"":1,""C124"":79,""C32"":1,""C49"":1,""C60"":1,""C63"":1,""C64"":1,""C66"":2,""C67"":1,""C68"":1,""C70"":1,""C71"":1,""C78"":1,""C79"":1,""C80"":2,""C82"":1,""C83"":2,""C85"":9,""C86"":1,""C87"":1,""C89"":1,""C92"":1,""C93"":2,""C95"":1,""C96"":1,""C98"":1}"
      2048,         0,      1833,   0.081,PymatchingGapSampler,ca1e269eb7e3cc81d333b9abe3cfa92061b38c0a57f57b74a7d59e6aebdb7133,"{""c"":""compiled-3q-multiplier-2-rotated-HXY"",""d1"":3,""d2"":5,""d3"":9,""noise"":""uniform"",""p"":0.002}","{""C100"":1,""C102"":1,""C103"":2,""C104"":5,""C105"":7,""C106"":3,""C107"":1,""C109"":2,""C110"":4,""C112"":2,""C113"":6,""C115"":2,""C116"":1,""C119"":1,""C120"":3,""C122"":2,""C123"":1,""C124"":112,""C29"":1,""C42"":2,""C54"":1,""C66"":1,""C67"":2,""C68"":4,""C70"":1,""C74"":1,""C75"":3,""C76"":2,""C77"":2,""C82"":5,""C84"":2,""C85"":7,""C86"":2,""C87"":5,""C89"":3,""C90"":4,""C92"":2,""C93"":3,""C95"":1,""C96"":2,""C97"":2,""C99"":1}"
      9216,         0,      4366,   0.285,PymatchingGapSampler,fa07acd832628ab615a7950e66d49f62ecef29ab8105ac4c978b008bb87ecdec,"{""c"":""compiled-3q-multiplier-3-rotated-HXY"",""d1"":3,""d2"":5,""d3"":9,""noise"":""uniform_atoms"",""p"":0.003}","{""C100"":14,""C101"":20,""C102"":36,""C103"":43,""C104"":20,""C105"":34,""C106"":31,""C107"":35,""C108"":32,""C109"":24,""C110"":27,""C111"":32,""C112"":27,""C113"":28,""C114"":24,""C115"":27,""C116"":67,""C117"":24,""C118"":41,""C119"":20,""C120"":42,""C121"":23,""C122"":19,""C123"":32,""C124"":21,""C125"":28,""C126"":38,""C127"":11,""C128"":24,""C129"":13,""C130"":41,""C131"":29,""C132"":51,""C133"":33,""C134"":28,""C135"":52,""C136"":40,""C137"":7,""C138"":56,""C139"":3133,""C26"":1,""C33"":1,""C35"":1,""C40"":1,""C43"":1,""C47"":1,""C51"":2,""C53"":2,""C54"":2,""C56"":1,""C58"":3,""C59"":2,""C60"":2,""C61"":3,""C62"":4,""C63"":1,""C64"":1,""C65"":3,""C66"":4,""C67"":5,""C68"":7,""C69"":3,""C70"":2,""C71"":3,""C72"":2,""C73"":2,""C74"":3,""C75"":3,""C76"":2,""C78"":16,""C79"":8,""C80"":11,""C81"":16,""C82"":1,""C83"":46,""C84"":23,""C85"":4,""C86"":8,""C87"":39,""C88"":19,""C89"":22,""C90"":23,""C91"":13,""C92"":4,""C93"":16,""C94"":15,""C95"":38,""C96"":34,""C97"":15,""C98"":41,""C99"":43}"
      3072,         0,      2752,   0.107,PymatchingGapSampler,f72b3c9b18e2657f6ba8a9e93dcf58e1295b123d787cf6e64894244511c6ee4c,"{""c"":""compiled-3q-multiplier-3-rotated-HXY"",""d1"":3,""d2"":5,""d3"":9,""noise"":""uniform"",""p"":0.003}","{""C100"":1,""C101"":1,""C102"":5,""C103"":2,""C104"":6,""C105"":4,""C106"":3,""C107"":1,""C108"":1,""C109"":5,""C110"":3,""C111"":1,""C112"":3,""C113"":9,""C114"":2,""C116"":2,""C117"":1,""C120"":1,""C121"":1,""C122"":2,""C123"":2,""C124"":185,""C43"":1,""C45"":1,""C57"":1,""C58"":1,""C60"":1,""C67"":1,""C68"":7,""C69"":1,""C70"":4,""C71"":1,""C72"":3,""C75"":1,""C78"":2,""C79"":1,""C81"":4,""C82"":2,""C84"":6,""C85"":9,""C86"":3,""C87"":3,""C89"":5,""C90"":2,""C91"":1,""C92"":4,""C93"":2,""C94"":2,""C95"":1,""C97"":5,""C98"":2,""C99"":2}"
      9216,         0,      4194,   0.313,PymatchingGapSampler,48745cbc9d131ede04aad5a664c79653032f86ac364eb54c884fc483279471f7,"{""c"":""compiled-3q-multiplier-2-rotated-HXY"",""d1"":3,""d2"":5,""d3"":9,""noise"":""uniform_atoms"",""p"":0.002}","{""C100"":20,""C101"":14,""C102"":47,""C103"":35,""C104"":28,""C105"":25,""C106"":27,""C107"":40,""C108"":38,""C109"":17,""C110"":23,""C111"":27,""C112"":17,""C113"":29,""C114"":19,""C115"":25,""C116"":69,""C117"":38,""C118"":32,""C119"":17,""C120"":30,""C121"":16,""C122"":24,""C123"":29,""C124"":21,""C125"":33,""C126"":40,""C127"":19,""C128"":27,""C129"":19,""C130"":47,""C131"":13,""C132"":49,""C133"":42,""C134"":41,""C135"":43,""C136"":72,""C137"":4,""C138"":55,""C139"":3218,""C34"":1,""C37"":1,""C42"":3,""C43"":1,""C44"":1,""C45"":1,""C47"":2,""C48"":1,""C50"":3,""C51"":2,""C53"":2,""C54"":1,""C58"":2,""C59"":2,""C60"":1,""C61"":1,""C62"":5,""C63"":3,""C64"":3,""C65"":2,""C66"":2,""C67"":4,""C68"":4,""C69"":2,""C70"":3,""C71"":3,""C72"":2,""C73"":1,""C74"":1,""C75"":4,""C76"":6,""C77"":4,""C78"":7,""C79"":7,""C80"":18,""C81"":25,""C82"":2,""C83"":51,""C84"":36,""C85"":2,""C86"":13,""C87"":39,""C88"":28,""C89"":12,""C9"":1,""C90"":41,""C91"":25,""C92"":5,""C93"":29,""C94"":30,""C95"":10,""C96"":33,""C97"":22,""C98"":42,""C99"":41}"
      3072,         0,      2769,   0.108,PymatchingGapSampler,336e25b1bec4b5b4d72a9b8b647208d8cd41e0a3b6f91162b5875e89139d6d8d,"{""c"":""compiled-3q-multiplier-1-rotated-HXY"",""d1"":3,""d2"":5,""d3"":9,""noise"":""uniform"",""p"":0.001}","{""C101"":3,""C102"":6,""C103"":1,""C104"":3,""C105"":3,""C106"":2,""C107"":3,""C108"":1,""C109"":2,""C110"":2,""C111"":3,""C112"":4,""C113"":8,""C114"":2,""C116"":2,""C117"":2,""C118"":2,""C119"":2,""C120"":2,""C121"":1,""C122"":2,""C123"":2,""C124"":162,""C27"":1,""C28"":2,""C40"":1,""C42"":1,""C47"":1,""C48"":1,""C49"":1,""C57"":1,""C60"":1,""C62"":1,""C66"":1,""C68"":8,""C69"":1,""C70"":2,""C71"":1,""C72"":2,""C73"":2,""C74"":3,""C78"":3,""C79"":3,""C80"":2,""C81"":2,""C82"":1,""C84"":6,""C85"":9,""C86"":2,""C87"":1,""C9"":1,""C90"":5,""C91"":1,""C92"":3,""C93"":2,""C94"":1,""C95"":3,""C96"":1,""C97"":4,""C98"":1,""C99"":1}"
      3072,         0,      2837,   0.137,PymatchingGapSampler,1799c3c0da3f62a62293dfcbce86ec31d862d6c965fb2bd8efc8492863084f95,"{""c"":""compiled-3q-multiplier-12-rotated-HXY"",""d1"":3,""d2"":5,""d3"":9,""noise"":""uniform"",""p"":0.012}","{""C100"":1,""C102"":1,""C103"":1,""C104"":3,""C105"":2,""C109"":4,""C110"":2,""C111"":3,""C112"":1,""C113"":5,""C114"":1,""C115"":1,""C116"":3,""C117"":2,""C119"":2,""C120"":3,""C122"":2,""C123"":2,""C124"":125,""C47"":2,""C50"":1,""C54"":1,""C57"":1,""C61"":1,""C63"":1,""C64"":1,""C65"":1,""C66"":3,""C67"":2,""C68"":2,""C69"":1,""C70"":3,""C72"":3,""C76"":1,""C78"":6,""C80"":2,""C81"":1,""C82"":1,""C83"":1,""C84"":4,""C85"":8,""C86"":7,""C87"":2,""C88"":1,""C89"":1,""C91"":3,""C92"":2,""C93"":2,""C94"":1,""C95"":1,""C97"":4}"
      9216,         0,      3974,   0.314,PymatchingGapSampler,3b6c05e615564709dbfa395808f2e19641a9b1a0d8cff5bf6b0c54daa36894dc,"{""c"":""compiled-3q-multiplier-1-rotated-HXY"",""d1"":3,""d2"":5,""d3"":9,""noise"":""uniform_atoms"",""p"":0.001}","{""C100"":46,""C101"":13,""C102"":35,""C103"":50,""C104"":22,""C105"":18,""C106"":42,""C107"":21,""C108"":62,""C109"":13,""C110"":20,""C111"":51,""C112"":21,""C113"":16,""C114"":27,""C115"":31,""C116"":44,""C117"":60,""C118"":39,""C119"":18,""C120"":24,""C121"":28,""C122"":19,""C123"":29,""C124"":14,""C125"":49,""C126"":44,""C127"":13,""C128"":29,""C129"":18,""C130"":41,""C131"":23,""C132"":32,""C133"":54,""C134"":46,""C135"":29,""C136"":54,""C137"":6,""C138"":60,""C139"":3442,""C22"":1,""C29"":2,""C30"":1,""C31"":2,""C32"":1,""C33"":1,""C36"":2,""C37"":3,""C38"":1,""C39"":1,""C40"":2,""C44"":2,""C45"":1,""C46"":1,""C50"":1,""C52"":2,""C53"":1,""C54"":1,""C55"":1,""C57"":1,""C59"":1,""C60"":3,""C61"":1,""C63"":3,""C64"":3,""C66"":1,""C67"":1,""C68"":3,""C69"":2,""C70"":1,""C71"":3,""C72"":4,""C73"":2,""C74"":1,""C75"":4,""C76"":4,""C77"":6,""C78"":5,""C79"":5,""C80"":9,""C81"":19,""C82"":1,""C83"":59,""C84"":27,""C85"":1,""C86"":15,""C87"":38,""C88"":40,""C89"":16,""C90"":38,""C91"":21,""C92"":3,""C93"":18,""C94"":36,""C95"":15,""C96"":20,""C97"":30,""C98"":27,""C99"":25}"
      3072,         0,      2836,   0.124,PymatchingGapSampler,ad2b3a1a92770969f6aee591103a546cc8e262147c3de1fdc372b0a74e048f37,"{""c"":""compiled-3q-multiplier-16-rotated-HXY"",""d1"":3,""d2"":5,""d3"":9,""noise"":""uniform"",""p"":0.016}","{""C100"":1,""C101"":1,""C102"":2,""C103"":3,""C104"":4,""C105"":6,""C106"":2,""C108"":1,""C109"":2,""C110"":2,""C111"":1,""C112"":8,""C113"":3,""C114"":2,""C116"":3,""C117"":2,""C119"":3,""C121"":1,""C122"":1,""C124"":115,""C18"":1,""C38"":1,""C45"":1,""C47"":1,""C49"":1,""C58"":1,""C63"":1,""C64"":1,""C66"":4,""C67"":3,""C68"":8,""C70"":4,""C71"":1,""C72"":1,""C73"":1,""C76"":2,""C77"":1,""C78"":1,""C79"":1,""C81"":4,""C82"":3,""C83"":1,""C84"":3,""C85"":6,""C87"":1,""C89"":5,""C90"":2,""C91"":1,""C92"":4,""C93"":2,""C94"":1,""C95"":2,""C97"":1,""C98"":1,""C99"":1}"
      3072,         0,      2768,   0.126,PymatchingGapSampler,ca1e269eb7e3cc81d333b9abe3cfa92061b38c0a57f57b74a7d59e6aebdb7133,"{""c"":""compiled-3q-multiplier-2-rotated-HXY"",""d1"":3,""d2"":5,""d3"":9,""noise"":""uniform"",""p"":0.002}","{""C100"":2,""C101"":2,""C102"":2,""C103"":2,""C104"":4,""C105"":3,""C106"":1,""C107"":4,""C108"":2,""C109"":1,""C110"":3,""C111"":1,""C112"":1,""C113"":9,""C114"":4,""C115"":2,""C116"":2,""C117"":2,""C120"":2,""C121"":2,""C122"":1,""C124"":173,""C17"":2,""C24"":1,""C25"":1,""C29"":1,""C34"":1,""C43"":1,""C49"":2,""C56"":1,""C58"":1,""C63"":1,""C65"":1,""C68"":10,""C69"":1,""C70"":3,""C71"":2,""C72"":1,""C73"":1,""C74"":1,""C75"":1,""C76"":2,""C77"":1,""C78"":1,""C80"":1,""C81"":2,""C82"":2,""C84"":4,""C85"":7,""C86"":4,""C87"":1,""C88"":1,""C89"":4,""C90"":3,""C91"":1,""C92"":1,""C93"":3,""C94"":1,""C96"":2,""C97"":2,""C99"":3}"
      3072,         0,      2738,   0.126,PymatchingGapSampler,f72b3c9b18e2657f6ba8a9e93dcf58e1295b123d787cf6e64894244511c6ee4c,"{""c"":""compiled-3q-multiplier-3-rotated-HXY"",""d1"":3,""d2"":5,""d3"":9,""noise"":""uniform"",""p"":0.003}","{""C101"":2,""C102"":3,""C103"":5,""C104"":1,""C105"":4,""C106"":1,""C107"":3,""C108"":2,""C109"":4,""C110"":5,""C111"":2,""C112"":4,""C113"":7,""C114"":4,""C115"":1,""C116"":2,""C117"":1,""C120"":1,""C122"":2,""C123"":2,""C124"":185,""C28"":1,""C45"":1,""C47"":1,""C56"":1,""C61"":1,""C65"":2,""C67"":2,""C68"":5,""C69"":3,""C70"":4,""C71"":1,""C72"":1,""C73"":2,""C74"":1,""C75"":1,""C76"":3,""C78"":1,""C79"":4,""C80"":2,""C81"":3,""C82"":2,""C83"":1,""C84"":9,""C85"":10,""C86"":2,""C87"":3,""C88"":2,""C89"":4,""C90"":3,""C91"":3,""C92"":1,""C93"":3,""C94"":1,""C95"":2,""C96"":1,""C97"":2,""C99"":4}"
      4096,         0,      3645,   0.154,PymatchingGapSampler,336e25b1bec4b5b4d72a9b8b647208d8cd41e0a3b6f91162b5875e89139d6d8d,"{""c"":""compiled-3q-multiplier-1-rotated-HXY"",""d1"":3,""d2"":5,""d3"":9,""noise"":""uniform"",""p"":0.001}","{""C100"":2,""C101"":2,""C102"":3,""C103"":7,""C104"":9,""C105"":5,""C106"":6,""C107"":1,""C108"":1,""C109"":5,""C110"":3,""C112"":5,""C113"":10,""C114"":5,""C115"":2,""C116"":4,""C117"":9,""C119"":2,""C120"":3,""C122"":6,""C123"":3,""C124"":251,""C30"":2,""C45"":2,""C51"":1,""C58"":2,""C61"":1,""C65"":1,""C66"":1,""C67"":2,""C68"":6,""C69"":1,""C70"":4,""C71"":3,""C72"":2,""C73"":3,""C75"":1,""C76"":4,""C77"":2,""C79"":2,""C80"":1,""C81"":4,""C82"":7,""C83"":1,""C84"":7,""C85"":13,""C86"":4,""C87"":3,""C89"":6,""C90"":4,""C91"":2,""C92"":2,""C93"":1,""C94"":4,""C96"":2,""C97"":5,""C99"":1}"
      4096,         0,      3759,   0.155,PymatchingGapSampler,1799c3c0da3f62a62293dfcbce86ec31d862d6c965fb2bd8efc8492863084f95,"{""c"":""compiled-3q-multiplier-12-rotated-HXY"",""d1"":3,""d2"":5,""d3"":9,""noise"":""uniform"",""p"":0.012}","{""C100"":3,""C101"":3,""C102"":3,""C103"":9,""C104"":4,""C105"":3,""C106"":2,""C107"":3,""C109"":3,""C110"":3,""C111"":4,""C112"":3,""C113"":6,""C114"":5,""C115"":2,""C116"":2,""C117"":5,""C118"":2,""C119"":2,""C120"":1,""C122"":3,""C123"":3,""C124"":178,""C35"":1,""C37"":1,""C43"":1,""C45"":1,""C55"":1,""C64"":1,""C66"":2,""C67"":4,""C68"":3,""C69"":1,""C70"":3,""C72"":2,""C74"":2,""C75"":1,""C76"":2,""C77"":2,""C79"":2,""C80"":4,""C81"":2,""C82"":2,""C83"":2,""C84"":5,""C85"":10,""C86"":2,""C87"":3,""C88"":1,""C89"":2,""C91"":3,""C92"":4,""C93"":5,""C97"":2,""C98"":3,""C99"":5}"
      4096,         0,      3828,   0.165,PymatchingGapSampler,ad2b3a1a92770969f6aee591103a546cc8e262147c3de1fdc372b0a74e048f37,"{""c"":""compiled-3q-multiplier-16-rotated-HXY"",""d1"":3,""d2"":5,""d3"":9,""noise"":""uniform"",""p"":0.016}","{""C100"":3,""C101"":1,""C102"":2,""C103"":1,""C104"":4,""C105"":4,""C106"":2,""C108"":2,""C109"":2,""C110"":4,""C111"":1,""C112"":5,""C113"":4,""C114"":4,""C115"":3,""C116"":2,""C117"":2,""C118"":1,""C119"":1,""C120"":1,""C122"":1,""C123"":1,""C124"":150,""C35"":1,""C37"":2,""C40"":1,""C45"":1,""C53"":2,""C54"":1,""C58"":1,""C60"":1,""C61"":2,""C64"":2,""C65"":1,""C66"":1,""C67"":2,""C68"":3,""C69"":1,""C70"":2,""C71"":1,""C72"":5,""C73"":3,""C74"":2,""C77"":3,""C80"":1,""C81"":1,""C82"":2,""C83"":1,""C84"":7,""C85"":6,""C87"":2,""C88"":1,""C90"":1,""C91"":1,""C93"":2,""C94"":1,""C95"":2,""C96"":1}"
      4096,         0,      3668,   0.156,PymatchingGapSampler,ca1e269eb7e3cc81d333b9abe3cfa92061b38c0a57f57b74a7d59e6aebdb7133,"{""c"":""compiled-3q-multiplier-2-rotated-HXY"",""d1"":3,""d2"":5,""d3"":9,""noise"":""uniform"",""p"":0.002}","{""C100"":1,""C101"":1,""C102"":2,""C103"":7,""C104"":5,""C105"":9,""C106"":7,""C107"":2,""C108"":1,""C109"":2,""C110"":8,""C111"":3,""C112"":5,""C113"":8,""C114"":4,""C115"":4,""C116"":3,""C117"":5,""C118"":1,""C119"":1,""C120"":1,""C122"":2,""C123"":1,""C124"":228,""C21"":1,""C37"":1,""C39"":1,""C42"":1,""C44"":1,""C47"":1,""C50"":1,""C51"":1,""C57"":2,""C58"":1,""C59"":1,""C67"":3,""C68"":9,""C69"":5,""C70"":1,""C71"":1,""C72"":1,""C73"":4,""C74"":2,""C76"":1,""C77"":2,""C78"":1,""C79"":1,""C80"":1,""C81"":2,""C82"":5,""C83"":2,""C84"":4,""C85"":17,""C86"":5,""C87"":3,""C89"":9,""C90"":5,""C91"":3,""C92"":3,""C93"":2,""C94"":1,""C96"":1,""C97"":2,""C98"":3,""C99"":6}"
      4096,         0,      3660,   0.167,PymatchingGapSampler,f72b3c9b18e2657f6ba8a9e93dcf58e1295b123d787cf6e64894244511c6ee4c,"{""c"":""compiled-3q-multiplier-3-rotated-HXY"",""d1"":3,""d2"":5,""d3"":9,""noise"":""uniform"",""p"":0.003}","{""C100"":3,""C101"":7,""C102"":4,""C103"":3,""C104"":4,""C105"":5,""C106"":3,""C107"":1,""C109"":12,""C110"":7,""C111"":2,""C113"":9,""C114"":4,""C115"":2,""C116"":2,""C117"":1,""C118"":1,""C120"":4,""C122"":1,""C123"":4,""C124"":233,""C17"":1,""C23"":1,""C28"":2,""C30"":1,""C34"":1,""C40"":1,""C45"":1,""C50"":1,""C51"":1,""C52"":1,""C55"":2,""C59"":1,""C62"":1,""C63"":2,""C64"":3,""C65"":1,""C66"":1,""C67"":2,""C68"":11,""C69"":2,""C70"":6,""C71"":3,""C72"":1,""C73"":2,""C74"":1,""C75"":2,""C76"":4,""C77"":3,""C79"":2,""C81"":2,""C82"":8,""C83"":1,""C84"":4,""C85"":11,""C86"":4,""C87"":6,""C89"":5,""C90"":5,""C91"":2,""C92"":4,""C93"":1,""C95"":1,""C96"":3,""C97"":4,""C98"":1,""C99"":1}"
     17408,         0,     11247,   0.408,PymatchingGapSampler,b5ef05b24abc92d86d9495c0b40efa77873b4d4896413cdea267f9f052052b98,"{""c"":""compiled-3q-multiplier-16-rotated-HXY"",""d1"":3,""d2"":5,""d3"":9,""noise"":""uniform_atoms"",""p"":0.016}","{""C100"":2,""C101"":27,""C102"":62,""C103"":23,""C104"":18,""C105"":40,""C106"":42,""C107"":32,""C108"":47,""C109"":22,""C110"":30,""C111"":30,""C112"":33,""C113"":56,""C114"":19,""C115"":34,""C116"":89,""C117"":40,""C118"":21,""C119"":13,""C120"":64,""C121"":24,""C122"":14,""C123"":20,""C124"":29,""C125"":61,""C126"":28,""C127"":9,""C128"":53,""C129"":58,""C130"":50,""C131"":23,""C132"":46,""C133"":36,""C134"":50,""C135"":71,""C136"":32,""C137"":24,""C138"":4059,""C19"":1,""C21"":1,""C26"":1,""C31"":1,""C34"":1,""C35"":1,""C40"":1,""C41"":2,""C45"":2,""C48"":4,""C50"":1,""C51"":2,""C52"":1,""C53"":1,""C54"":5,""C56"":2,""C57"":1,""C58"":3,""C59"":1,""C60"":2,""C61"":1,""C62"":3,""C63"":5,""C64"":3,""C65"":2,""C66"":1,""C67"":6,""C68"":5,""C69"":4,""C70"":2,""C71"":3,""C72"":1,""C73"":4,""C74"":1,""C75"":5,""C76"":4,""C77"":20,""C78"":7,""C79"":10,""C80"":5,""C81"":27,""C82"":32,""C83"":33,""C84"":25,""C85"":38,""C86"":17,""C87"":63,""C88"":30,""C89"":2,""C90"":58,""C91"":21,""C92"":55,""C93"":20,""C94"":26,""C95"":10,""C96"":65,""C97"":6,""C98"":8,""C99"":68}"
     15360,         0,      9118,   0.397,PymatchingGapSampler,4a3d7bda5757f7bb69a442074b5181897af381a3b4dbe9ab72cc3997cc72a4c6,"{""c"":""compiled-3q-multiplier-12-rotated-HXY"",""d1"":3,""d2"":5,""d3"":9,""noise"":""uniform_atoms"",""p"":0.012}","{""C100"":44,""C101"":5,""C102"":49,""C103"":61,""C104"":11,""C105"":38,""C106"":47,""C107"":37,""C108"":46,""C109"":22,""C110"":20,""C111"":48,""C112"":35,""C113"":30,""C114"":46,""C115"":36,""C116"":50,""C117"":58,""C118"":68,""C119"":6,""C120"":53,""C121"":45,""C122"":42,""C123"":33,""C124"":21,""C125"":56,""C126"":42,""C127"":14,""C128"":31,""C129"":26,""C130"":91,""C131"":43,""C132"":12,""C133"":68,""C134"":37,""C135"":43,""C136"":70,""C137"":43,""C138"":46,""C139"":3964,""C20"":1,""C21"":1,""C22"":1,""C27"":1,""C30"":3,""C31"":1,""C39"":1,""C40"":1,""C41"":1,""C42"":3,""C43"":1,""C44"":1,""C45"":1,""C47"":1,""C48"":1,""C51"":2,""C52"":2,""C53"":1,""C55"":2,""C56"":1,""C57"":2,""C58"":2,""C59"":1,""C61"":2,""C62"":1,""C63"":3,""C65"":2,""C66"":2,""C67"":2,""C68"":3,""C69"":7,""C70"":1,""C71"":4,""C72"":3,""C73"":5,""C75"":3,""C76"":1,""C77"":6,""C78"":22,""C79"":11,""C80"":13,""C81"":17,""C82"":8,""C83"":70,""C84"":14,""C85"":10,""C86"":45,""C87"":44,""C88"":68,""C89"":10,""C90"":35,""C91"":36,""C92"":23,""C93"":44,""C94"":20,""C95"":20,""C96"":32,""C97"":45,""C98"":9,""C99"":32}"
     13312,         0,      6232,   0.403,PymatchingGapSampler,fa07acd832628ab615a7950e66d49f62ecef29ab8105ac4c978b008bb87ecdec,"{""c"":""compiled-3q-multiplier-3-rotated-HXY"",""d1"":3,""d2"":5,""d3"":9,""noise"":""uniform_atoms"",""p"":0.003}","{""C100"":23,""C101"":41,""C102"":33,""C103"":47,""C104"":42,""C105"":50,""C106"":37,""C107"":56,""C108"":59,""C109"":21,""C11"":1,""C110"":29,""C111"":38,""C112"":29,""C113"":35,""C114"":19,""C115"":50,""C116"":94,""C117"":57,""C118"":60,""C119"":34,""C120"":52,""C121"":31,""C122"":29,""C123"":36,""C124"":21,""C125"":37,""C126"":50,""C127"":21,""C128"":41,""C129"":30,""C130"":55,""C131"":42,""C132"":57,""C133"":43,""C134"":39,""C135"":76,""C136"":60,""C137"":13,""C138"":66,""C139"":4689,""C23"":1,""C25"":1,""C31"":1,""C33"":3,""C34"":1,""C35"":1,""C42"":4,""C48"":1,""C51"":4,""C52"":3,""C53"":2,""C54"":2,""C55"":3,""C57"":3,""C59"":3,""C60"":2,""C62"":2,""C63"":2,""C64"":3,""C65"":4,""C66"":5,""C67"":3,""C68"":7,""C69"":1,""C70"":1,""C71"":3,""C72"":7,""C73"":6,""C74"":3,""C75"":6,""C76"":3,""C77"":10,""C78"":8,""C79"":11,""C80"":17,""C81"":27,""C82"":3,""C83"":74,""C84"":29,""C85"":7,""C86"":16,""C87"":42,""C88"":32,""C89"":32,""C90"":55,""C91"":22,""C92"":5,""C93"":47,""C94"":19,""C95"":44,""C96"":36,""C97"":18,""C98"":60,""C99"":32}"
      5120,         0,      4547,   0.217,PymatchingGapSampler,336e25b1bec4b5b4d72a9b8b647208d8cd41e0a3b6f91162b5875e89139d6d8d,"{""c"":""compiled-3q-multiplier-1-rotated-HXY"",""d1"":3,""d2"":5,""d3"":9,""noise"":""uniform"",""p"":0.001}","{""C100"":1,""C101"":1,""C102"":4,""C103"":5,""C104"":9,""C105"":8,""C106"":4,""C107"":2,""C108"":2,""C109"":6,""C110"":6,""C112"":8,""C113"":13,""C114"":4,""C115"":2,""C116"":5,""C117"":5,""C118"":2,""C119"":2,""C120"":1,""C122"":9,""C123"":1,""C124"":312,""C28"":1,""C44"":2,""C47"":1,""C59"":2,""C60"":1,""C62"":2,""C63"":4,""C64"":1,""C65"":1,""C67"":7,""C68"":10,""C69"":5,""C70"":5,""C71"":2,""C72"":2,""C73"":3,""C74"":3,""C75"":3,""C76"":2,""C77"":2,""C78"":4,""C79"":3,""C81"":3,""C82"":3,""C83"":3,""C84"":5,""C85"":19,""C86"":7,""C87"":4,""C88"":2,""C89"":11,""C90"":7,""C91"":1,""C92"":5,""C93"":2,""C94"":8,""C95"":1,""C96"":1,""C97"":7,""C98"":3,""C99"":3}"
     13312,         0,      6160,   0.424,PymatchingGapSampler,48745cbc9d131ede04aad5a664c79653032f86ac364eb54c884fc483279471f7,"{""c"":""compiled-3q-multiplier-2-rotated-HXY"",""d1"":3,""d2"":5,""d3"":9,""noise"":""uniform_atoms"",""p"":0.002}","{""C100"":23,""C101"":31,""C102"":54,""C103"":54,""C104"":28,""C105"":60,""C106"":44,""C107"":56,""C108"":53,""C109"":25,""C110"":45,""C111"":43,""C112"":40,""C113"":37,""C114"":29,""C115"":39,""C116"":102,""C117"":59,""C118"":52,""C119"":22,""C120"":52,""C121"":38,""C122"":33,""C123"":38,""C124"":33,""C125"":39,""C126"":54,""C127"":27,""C128"":42,""C129"":24,""C130"":64,""C131"":14,""C132"":70,""C133"":67,""C134"":44,""C135"":46,""C136"":76,""C137"":20,""C138"":85,""C139"":4589,""C31"":1,""C35"":2,""C39"":1,""C41"":1,""C42"":2,""C43"":1,""C45"":1,""C47"":1,""C50"":2,""C52"":3,""C53"":2,""C54"":3,""C55"":1,""C57"":4,""C60"":3,""C61"":4,""C62"":5,""C63"":5,""C64"":2,""C65"":3,""C66"":4,""C67"":5,""C68"":4,""C69"":2,""C70"":2,""C71"":7,""C72"":3,""C73"":5,""C74"":2,""C75"":5,""C76"":6,""C77"":14,""C78"":8,""C79"":8,""C80"":21,""C81"":27,""C82"":3,""C83"":74,""C84"":35,""C85"":3,""C86"":16,""C87"":61,""C88"":38,""C89"":17,""C90"":63,""C91"":29,""C92"":5,""C93"":42,""C94"":34,""C95"":21,""C96"":34,""C97"":32,""C98"":74,""C99"":50}"
      6144,         1,      5713,   0.229,PymatchingGapSampler,1799c3c0da3f62a62293dfcbce86ec31d862d6c965fb2bd8efc8492863084f95,"{""c"":""compiled-3q-multiplier-12-rotated-HXY"",""d1"":3,""d2"":5,""d3"":9,""noise"":""uniform"",""p"":0.012}","{""C100"":1,""C101"":1,""C102"":8,""C103"":2,""C104"":5,""C105"":5,""C106"":3,""C107"":3,""C109"":4,""C110"":9,""C112"":6,""C113"":6,""C114"":4,""C115"":4,""C116"":3,""C117"":1,""C118"":3,""C119"":4,""C120"":5,""C121"":2,""C122"":3,""C123"":2,""C124"":230,""C28"":1,""C32"":1,""C45"":1,""C48"":1,""C50"":1,""C55"":1,""C58"":1,""C64"":1,""C65"":1,""C67"":7,""C68"":5,""C69"":1,""C70"":7,""C71"":2,""C72"":2,""C73"":1,""C75"":2,""C76"":3,""C78"":2,""C79"":2,""C80"":3,""C81"":5,""C82"":4,""C83"":3,""C84"":2,""C85"":15,""C86"":4,""C87"":7,""C88"":3,""C89"":6,""C90"":2,""C92"":3,""C93"":3,""C94"":4,""C95"":3,""C96"":1,""C97"":3,""C98"":1,""C99"":1,""E28"":1}"
     11264,         0,      4935,   0.400,PymatchingGapSampler,3b6c05e615564709dbfa395808f2e19641a9b1a0d8cff5bf6b0c54daa36894dc,"{""c"":""compiled-3q-multiplier-1-rotated-HXY"",""d1"":3,""d2"":5,""d3"":9,""noise"":""uniform_atoms"",""p"":0.001}","{""C100"":56,""C101"":22,""C102"":39,""C103"":54,""C104"":23,""C105"":21,""C106"":56,""C107"":33,""C108"":66,""C109"":29,""C110"":21,""C111"":42,""C112"":35,""C113"":23,""C114"":43,""C115"":43,""C116"":50,""C117"":83,""C118"":52,""C119"":23,""C120"":47,""C121"":27,""C122"":30,""C123"":33,""C124"":12,""C125"":50,""C126"":48,""C127"":22,""C128"":42,""C129"":27,""C130"":61,""C131"":27,""C132"":62,""C133"":57,""C134"":45,""C135"":37,""C136"":59,""C137"":11,""C138"":71,""C139"":4112,""C29"":1,""C30"":1,""C32"":1,""C39"":1,""C40"":1,""C42"":1,""C43"":1,""C44"":1,""C47"":1,""C48"":4,""C50"":3,""C53"":2,""C55"":1,""C57"":1,""C58"":1,""C59"":1,""C60"":1,""C61"":2,""C62"":4,""C63"":1,""C64"":2,""C65"":5,""C66"":2,""C67"":2,""C68"":3,""C69"":1,""C70"":5,""C71"":6,""C72"":1,""C73"":4,""C74"":3,""C75"":4,""C76"":4,""C77"":13,""C78"":7,""C79"":3,""C80"":21,""C81"":26,""C83"":63,""C84"":37,""C85"":3,""C86"":15,""C87"":38,""C88"":35,""C89"":13,""C90"":44,""C91"":35,""C92"":4,""C93"":19,""C94"":40,""C95"":17,""C96"":19,""C97"":45,""C98"":29,""C99"":37}"
      5120,         0,      4518,   0.211,PymatchingGapSampler,ca1e269eb7e3cc81d333b9abe3cfa92061b38c0a57f57b74a7d59e6aebdb7133,"{""c"":""compiled-3q-multiplier-2-rotated-HXY"",""d1"":3,""d2"":5,""d3"":9,""noise"":""uniform"",""p"":0.002}","{""C100"":5,""C101"":4,""C102"":5,""C103"":4,""C104"":7,""C105"":8,""C106"":2,""C107"":1,""C108"":2,""C109"":10,""C110"":12,""C111"":2,""C112"":10,""C113"":12,""C114"":5,""C115"":1,""C116"":3,""C117"":5,""C118"":2,""C119"":2,""C120"":5,""C122"":2,""C123"":3,""C124"":325,""C27"":1,""C33"":1,""C34"":1,""C40"":1,""C42"":1,""C48"":1,""C49"":1,""C51"":1,""C52"":1,""C53"":1,""C58"":1,""C61"":2,""C62"":1,""C64"":2,""C65"":3,""C67"":4,""C68"":10,""C69"":1,""C70"":8,""C71"":2,""C72"":3,""C73"":6,""C74"":2,""C75"":1,""C76"":1,""C77"":3,""C78"":3,""C79"":4,""C80"":3,""C81"":4,""C82"":7,""C83"":2,""C84"":10,""C85"":13,""C86"":13,""C87"":7,""C89"":9,""C90"":2,""C91"":4,""C92"":5,""C93"":2,""C94"":4,""C95"":2,""C96"":6,""C97"":3,""C98"":1,""C99"":1}"
      6144,         0,      5743,   0.224,PymatchingGapSampler,ad2b3a1a92770969f6aee591103a546cc8e262147c3de1fdc372b0a74e048f37,"{""c"":""compiled-3q-multiplier-16-rotated-HXY"",""d1"":3,""d2"":5,""d3"":9,""noise"":""uniform"",""p"":0.016}","{""C100"":1,""C101"":3,""C102"":2,""C103"":8,""C104"":9,""C105"":3,""C107"":3,""C109"":2,""C110"":6,""C111"":2,""C112"":6,""C113"":5,""C114"":5,""C115"":1,""C116"":4,""C117"":4,""C119"":7,""C121"":2,""C123"":1,""C124"":214,""C29"":1,""C41"":1,""C46"":1,""C47"":1,""C49"":1,""C55"":1,""C57"":1,""C58"":2,""C61"":1,""C64"":1,""C66"":3,""C67"":7,""C68"":4,""C69"":1,""C70"":1,""C72"":4,""C73"":2,""C76"":2,""C77"":2,""C78"":1,""C79"":2,""C80"":5,""C81"":2,""C82"":6,""C83"":2,""C84"":3,""C85"":20,""C86"":4,""C87"":5,""C88"":2,""C89"":7,""C91"":2,""C92"":4,""C93"":5,""C94"":3,""C95"":1,""C96"":1,""C99"":1}"
      5120,         0,      4584,   0.216,PymatchingGapSampler,f72b3c9b18e2657f6ba8a9e93dcf58e1295b123d787cf6e64894244511c6ee4c,"{""c"":""compiled-3q-multiplier-3-rotated-HXY"",""d1"":3,""d2"":5,""d3"":9,""noise"":""uniform"",""p"":0.003}","{""C100"":4,""C101"":3,""C102"":3,""C103"":12,""C104"":7,""C105"":10,""C106"":3,""C107"":3,""C108"":1,""C109"":6,""C110"":3,""C111"":2,""C112"":7,""C113"":6,""C114"":3,""C115"":3,""C116"":2,""C117"":7,""C118"":1,""C119"":3,""C120"":4,""C121"":1,""C122"":7,""C123"":2,""C124"":279,""C24"":1,""C25"":1,""C28"":1,""C29"":1,""C35"":1,""C43"":1,""C45"":1,""C47"":2,""C48"":1,""C50"":1,""C52"":1,""C58"":2,""C65"":1,""C66"":1,""C67"":3,""C68"":6,""C69"":4,""C70"":2,""C71"":1,""C72"":1,""C73"":1,""C75"":2,""C76"":1,""C77"":1,""C78"":7,""C79"":3,""C80"":2,""C81"":6,""C82"":5,""C83"":1,""C84"":12,""C85"":14,""C86"":12,""C87"":7,""C88"":1,""C89"":8,""C90"":7,""C91"":3,""C92"":5,""C93"":5,""C95"":1,""C96"":7,""C97"":4,""C98"":2,""C99"":4}"
      8192,         0,      7315,   0.290,PymatchingGapSampler,336e25b1bec4b5b4d72a9b8b647208d8cd41e0a3b6f91162b5875e89139d6d8d,"{""c"":""compiled-3q-multiplier-1-rotated-HXY"",""d1"":3,""d2"":5,""d3"":9,""noise"":""uniform"",""p"":0.001}","{""C100"":6,""C101"":4,""C102"":2,""C103"":8,""C104"":11,""C105"":10,""C106"":16,""C107"":4,""C108"":1,""C109"":17,""C110"":10,""C111"":1,""C112"":8,""C113"":17,""C114"":10,""C115"":5,""C116"":4,""C117"":9,""C118"":1,""C119"":2,""C120"":8,""C121"":1,""C122"":1,""C123"":6,""C124"":474,""C24"":1,""C26"":1,""C27"":2,""C28"":2,""C45"":2,""C46"":1,""C48"":1,""C51"":1,""C54"":2,""C56"":1,""C58"":2,""C61"":3,""C62"":1,""C63"":2,""C65"":2,""C66"":2,""C67"":7,""C68"":12,""C69"":5,""C70"":6,""C71"":1,""C72"":2,""C73"":12,""C74"":2,""C75"":1,""C76"":1,""C77"":2,""C78"":7,""C79"":3,""C80"":4,""C81"":3,""C82"":12,""C83"":1,""C84"":8,""C85"":29,""C86"":22,""C87"":5,""C88"":1,""C89"":14,""C9"":1,""C90"":16,""C91"":2,""C92"":5,""C93"":3,""C94"":7,""C95"":1,""C96"":6,""C97"":6,""C98"":6,""C99"":2}"
      7168,         0,      6586,   0.287,PymatchingGapSampler,1799c3c0da3f62a62293dfcbce86ec31d862d6c965fb2bd8efc8492863084f95,"{""c"":""compiled-3q-multiplier-12-rotated-HXY"",""d1"":3,""d2"":5,""d3"":9,""noise"":""uniform"",""p"":0.012}","{""C100"":6,""C101"":6,""C102"":7,""C103"":3,""C104"":10,""C105"":8,""C106"":4,""C107"":3,""C108"":1,""C109"":5,""C11"":1,""C110"":11,""C111"":2,""C112"":10,""C113"":8,""C114"":7,""C115"":4,""C116"":6,""C117"":3,""C118"":3,""C119"":1,""C120"":3,""C121"":3,""C122"":5,""C123"":2,""C124"":311,""C27"":1,""C28"":2,""C40"":1,""C48"":1,""C56"":2,""C57"":1,""C58"":3,""C59"":1,""C64"":1,""C65"":1,""C66"":1,""C67"":6,""C68"":6,""C69"":1,""C70"":4,""C72"":4,""C73"":2,""C74"":4,""C75"":1,""C76"":1,""C77"":1,""C78"":2,""C79"":4,""C80"":9,""C82"":5,""C83"":5,""C84"":5,""C85"":17,""C86"":8,""C87"":7,""C88"":4,""C89"":8,""C90"":3,""C91"":3,""C92"":10,""C93"":5,""C94"":1,""C97"":4,""C98"":2,""C99"":2}"
      7168,         0,      6673,   0.280,PymatchingGapSampler,ad2b3a1a92770969f6aee591103a546cc8e262147c3de1fdc372b0a74e048f37,"{""c"":""compiled-3q-multiplier-16-rotated-HXY"",""d1"":3,""d2"":5,""d3"":9,""noise"":""uniform"",""p"":0.016}","{""C100"":1,""C101"":1,""C102"":5,""C103"":6,""C104"":8,""C105"":9,""C106"":4,""C107"":3,""C108"":3,""C109"":4,""C110"":5,""C111"":1,""C112"":5,""C113"":12,""C114"":3,""C115"":5,""C116"":3,""C117"":5,""C118"":1,""C119"":4,""C120"":2,""C121"":1,""C122"":3,""C123"":4,""C124"":265,""C37"":1,""C39"":1,""C42"":1,""C47"":2,""C54"":2,""C56"":1,""C58"":3,""C65"":1,""C67"":6,""C68"":3,""C69"":2,""C70"":4,""C72"":5,""C73"":3,""C74"":2,""C75"":4,""C76"":3,""C77"":2,""C78"":2,""C80"":2,""C81"":4,""C82"":8,""C83"":2,""C84"":5,""C85"":22,""C86"":2,""C87"":5,""C88"":4,""C89"":6,""C90"":2,""C91"":1,""C92"":1,""C93"":7,""C94"":3,""C95"":3,""C96"":1,""C97"":3,""C98"":2,""C99"":1}"
      7168,         0,      6398,   0.292,PymatchingGapSampler,ca1e269eb7e3cc81d333b9abe3cfa92061b38c0a57f57b74a7d59e6aebdb7133,"{""c"":""compiled-3q-multiplier-2-rotated-HXY"",""d1"":3,""d2"":5,""d3"":9,""noise"":""uniform"",""p"":0.002}","{""C10"":1,""C100"":6,""C101"":6,""C102"":5,""C103"":6,""C104"":13,""C105"":13,""C107"":2,""C108"":1,""C109"":7,""C110"":12,""C111"":3,""C112"":3,""C113"":10,""C114"":5,""C115"":3,""C116"":9,""C117"":6,""C119"":4,""C12"":1,""C120"":7,""C122"":4,""C123"":6,""C124"":428,""C18"":1,""C24"":1,""C28"":1,""C33"":1,""C34"":1,""C45"":1,""C48"":1,""C49"":1,""C51"":1,""C52"":1,""C56"":1,""C58"":1,""C62"":1,""C64"":1,""C65"":5,""C66"":2,""C67"":7,""C68"":22,""C69"":1,""C70"":3,""C71"":3,""C73"":6,""C74"":2,""C75"":6,""C76"":3,""C77"":5,""C78"":2,""C79"":7,""C80"":1,""C81"":4,""C82"":5,""C83"":6,""C84"":13,""C85"":25,""C86"":8,""C87"":5,""C88"":2,""C89"":10,""C90"":9,""C91"":4,""C92"":6,""C93"":3,""C94"":1,""C95"":4,""C96"":8,""C97"":4,""C98"":1,""C99"":2}"
      7168,         0,      6429,   0.286,PymatchingGapSampler,f72b3c9b18e2657f6ba8a9e93dcf58e1295b123d787cf6e64894244511c6ee4c,"{""c"":""compiled-3q-multiplier-3-rotated-HXY"",""d1"":3,""d2"":5,""d3"":9,""noise"":""uniform"",""p"":0.003}","{""C100"":2,""C101"":2,""C102"":5,""C103"":6,""C104"":11,""C105"":10,""C106"":2,""C107"":10,""C108"":1,""C109"":7,""C110"":13,""C111"":4,""C112"":8,""C113"":16,""C114"":3,""C115"":2,""C116"":5,""C117"":5,""C118"":1,""C119"":5,""C120"":5,""C121"":1,""C122"":6,""C123"":3,""C124"":406,""C14"":1,""C24"":1,""C29"":1,""C31"":1,""C38"":1,""C43"":1,""C45"":1,""C49"":1,""C50"":1,""C51"":1,""C53"":2,""C55"":1,""C57"":2,""C58"":3,""C63"":2,""C64"":1,""C66"":2,""C67"":10,""C68"":10,""C69"":9,""C70"":6,""C71"":3,""C72"":4,""C73"":3,""C74"":1,""C75"":2,""C76"":2,""C77"":2,""C78"":3,""C79"":10,""C80"":2,""C81"":6,""C82"":8,""C83"":1,""C84"":5,""C85"":22,""C86"":8,""C87"":9,""C89"":11,""C90"":5,""C91"":5,""C92"":5,""C93"":5,""C94"":5,""C95"":1,""C96"":4,""C97"":6,""C98"":1,""C99"":3}"
     19456,         0,     12397,   0.538,PymatchingGapSampler,b5ef05b24abc92d86d9495c0b40efa77873b4d4896413cdea267f9f052052b98,"{""c"":""compiled-3q-multiplier-16-rotated-HXY"",""d1"":3,""d2"":5,""d3"":9,""noise"":""uniform_atoms"",""p"":0.016}","{""C100"":5,""C101"":32,""C102"":67,""C103"":27,""C104"":28,""C105"":47,""C106"":45,""C107"":34,""C108"":41,""C109"":15,""C110"":37,""C111"":47,""C112"":35,""C113"":56,""C114"":22,""C115"":47,""C116"":86,""C117"":57,""C118"":29,""C119"":18,""C120"":79,""C121"":41,""C122"":13,""C123"":34,""C124"":26,""C125"":55,""C126"":26,""C127"":13,""C128"":56,""C129"":61,""C130"":53,""C131"":22,""C132"":55,""C133"":47,""C134"":51,""C135"":110,""C136"":30,""C137"":35,""C138"":4612,""C25"":1,""C26"":1,""C28"":1,""C30"":2,""C35"":1,""C36"":1,""C39"":1,""C4"":1,""C40"":1,""C44"":1,""C46"":1,""C48"":3,""C50"":1,""C51"":1,""C52"":2,""C53"":3,""C54"":2,""C56"":4,""C57"":4,""C59"":2,""C60"":3,""C61"":2,""C62"":3,""C63"":4,""C64"":4,""C65"":3,""C66"":1,""C67"":1,""C68"":4,""C69"":2,""C70"":6,""C71"":3,""C72"":5,""C73"":3,""C74"":6,""C75"":4,""C76"":6,""C77"":29,""C78"":10,""C79"":5,""C80"":6,""C81"":34,""C82"":41,""C83"":42,""C84"":22,""C85"":37,""C86"":20,""C87"":70,""C88"":33,""C89"":3,""C90"":62,""C91"":27,""C92"":42,""C93"":21,""C94"":25,""C95"":20,""C96"":82,""C97"":14,""C98"":13,""C99"":113}"
     19456,         0,     11654,   0.517,PymatchingGapSampler,4a3d7bda5757f7bb69a442074b5181897af381a3b4dbe9ab72cc3997cc72a4c6,"{""c"":""compiled-3q-multiplier-12-rotated-HXY"",""d1"":3,""d2"":5,""d3"":9,""noise"":""uniform_atoms"",""p"":0.012}","{""C10"":1,""C100"":54,""C101"":17,""C102"":60,""C103"":74,""C104"":5,""C105"":51,""C106"":66,""C107"":35,""C108"":64,""C109"":34,""C110"":21,""C111"":42,""C112"":52,""C113"":27,""C114"":56,""C115"":44,""C116"":58,""C117"":59,""C118"":78,""C119"":10,""C120"":55,""C121"":51,""C122"":42,""C123"":34,""C124"":23,""C125"":60,""C126"":51,""C127"":14,""C128"":38,""C129"":33,""C130"":112,""C131"":50,""C132"":41,""C133"":66,""C134"":59,""C135"":49,""C136"":69,""C137"":38,""C138"":58,""C139"":5029,""C26"":1,""C30"":1,""C35"":2,""C37"":2,""C39"":2,""C40"":2,""C41"":2,""C46"":2,""C49"":2,""C50"":1,""C51"":1,""C52"":2,""C53"":4,""C54"":2,""C55"":2,""C57"":6,""C58"":2,""C59"":2,""C60"":2,""C61"":3,""C62"":1,""C63"":3,""C64"":6,""C65"":4,""C66"":3,""C67"":6,""C68"":2,""C69"":8,""C70"":5,""C71"":1,""C72"":8,""C73"":7,""C74"":3,""C75"":4,""C76"":5,""C77"":12,""C78"":23,""C79"":12,""C80"":12,""C81"":36,""C82"":10,""C83"":84,""C84"":31,""C85"":14,""C86"":68,""C87"":31,""C88"":84,""C89"":14,""C90"":48,""C91"":34,""C92"":27,""C93"":46,""C94"":30,""C95"":36,""C96"":48,""C97"":51,""C98"":11,""C99"":51}"
     15360,         0,      7271,   0.539,PymatchingGapSampler,fa07acd832628ab615a7950e66d49f62ecef29ab8105ac4c978b008bb87ecdec,"{""c"":""compiled-3q-multiplier-3-rotated-HXY"",""d1"":3,""d2"":5,""d3"":9,""noise"":""uniform_atoms"",""p"":0.003}","{""C100"":35,""C101"":40,""C102"":60,""C103"":52,""C104"":33,""C105"":56,""C106"":31,""C107"":40,""C108"":45,""C109"":19,""C110"":37,""C111"":48,""C112"":37,""C113"":43,""C114"":39,""C115"":65,""C116"":126,""C117"":46,""C118"":75,""C119"":27,""C120"":62,""C121"":38,""C122"":33,""C123"":43,""C124"":18,""C125"":54,""C126"":62,""C127"":28,""C128"":49,""C129"":24,""C130"":54,""C131"":28,""C132"":90,""C133"":46,""C134"":42,""C135"":56,""C136"":61,""C137"":13,""C138"":99,""C139"":5339,""C20"":1,""C26"":1,""C35"":2,""C36"":1,""C38"":1,""C39"":1,""C41"":1,""C44"":3,""C45"":1,""C48"":1,""C49"":1,""C5"":1,""C50"":1,""C51"":1,""C52"":5,""C53"":2,""C54"":1,""C57"":2,""C58"":4,""C59"":2,""C60"":2,""C61"":2,""C62"":5,""C63"":1,""C64"":6,""C65"":5,""C66"":6,""C67"":3,""C68"":7,""C69"":3,""C70"":9,""C71"":2,""C72"":4,""C73"":9,""C74"":3,""C75"":7,""C76"":6,""C77"":12,""C78"":6,""C79"":7,""C80"":14,""C81"":29,""C82"":4,""C83"":95,""C84"":44,""C85"":2,""C86"":22,""C87"":56,""C88"":42,""C89"":56,""C90"":46,""C91"":24,""C92"":12,""C93"":48,""C94"":18,""C95"":48,""C96"":53,""C97"":11,""C98"":70,""C99"":64}"
     16384,         0,      7393,   0.535,PymatchingGapSampler,48745cbc9d131ede04aad5a664c79653032f86ac364eb54c884fc483279471f7,"{""c"":""compiled-3q-multiplier-2-rotated-HXY"",""d1"":3,""d2"":5,""d3"":9,""noise"":""uniform_atoms"",""p"":0.002}","{""C100"":29,""C101"":39,""C102"":83,""C103"":56,""C104"":33,""C105"":82,""C106"":60,""C107"":75,""C108"":68,""C109"":25,""C110"":41,""C111"":49,""C112"":49,""C113"":49,""C114"":35,""C115"":47,""C116"":107,""C117"":55,""C118"":67,""C119"":35,""C120"":59,""C121"":50,""C122"":36,""C123"":42,""C124"":31,""C125"":62,""C126"":57,""C127"":21,""C128"":55,""C129"":38,""C130"":85,""C131"":22,""C132"":83,""C133"":85,""C134"":52,""C135"":59,""C136"":103,""C137"":14,""C138"":88,""C139"":5895,""C20"":1,""C22"":1,""C28"":2,""C29"":1,""C30"":1,""C33"":1,""C34"":1,""C35"":1,""C37"":2,""C39"":2,""C41"":1,""C42"":1,""C44"":1,""C45"":1,""C46"":2,""C47"":1,""C48"":1,""C49"":1,""C50"":1,""C51"":1,""C52"":2,""C53"":3,""C54"":1,""C55"":2,""C56"":1,""C57"":2,""C58"":2,""C60"":3,""C61"":2,""C62"":2,""C63"":2,""C64"":1,""C65"":4,""C66"":5,""C67"":7,""C68"":3,""C69"":3,""C70"":8,""C71"":8,""C72"":6,""C73"":1,""C74"":6,""C75"":6,""C76"":4,""C77"":15,""C78"":15,""C79"":15,""C80"":16,""C81"":48,""C82"":4,""C83"":90,""C84"":41,""C85"":2,""C86"":24,""C87"":57,""C88"":36,""C89"":30,""C90"":86,""C91"":43,""C92"":12,""C93"":55,""C94"":57,""C95"":24,""C96"":39,""C97"":34,""C98"":80,""C99"":39}"
     15360,         1,      6746,   0.541,PymatchingGapSampler,3b6c05e615564709dbfa395808f2e19641a9b1a0d8cff5bf6b0c54daa36894dc,"{""c"":""compiled-3q-multiplier-1-rotated-HXY"",""d1"":3,""d2"":5,""d3"":9,""noise"":""uniform_atoms"",""p"":0.001}","{""C100"":70,""C101"":26,""C102"":50,""C103"":68,""C104"":38,""C105"":31,""C106"":69,""C107"":51,""C108"":83,""C109"":30,""C110"":16,""C111"":82,""C112"":44,""C113"":29,""C114"":56,""C115"":45,""C116"":79,""C117"":115,""C118"":64,""C119"":25,""C120"":59,""C121"":30,""C122"":37,""C123"":49,""C124"":23,""C125"":71,""C126"":66,""C127"":35,""C128"":49,""C129"":29,""C130"":72,""C131"":36,""C132"":64,""C133"":79,""C134"":58,""C135"":54,""C136"":97,""C137"":11,""C138"":87,""C139"":5615,""C21"":1,""C22"":1,""C23"":1,""C27"":1,""C28"":1,""C29"":1,""C31"":2,""C33"":2,""C34"":2,""C36"":2,""C37"":1,""C38"":1,""C39"":1,""C40"":1,""C41"":1,""C43"":1,""C44"":2,""C45"":1,""C47"":2,""C49"":1,""C50"":1,""C51"":1,""C52"":1,""C53"":1,""C54"":3,""C55"":1,""C56"":4,""C57"":2,""C58"":1,""C60"":2,""C61"":4,""C62"":1,""C63"":3,""C64"":7,""C65"":3,""C66"":5,""C67"":5,""C68"":5,""C69"":1,""C70"":7,""C71"":2,""C72"":5,""C73"":10,""C74"":5,""C75"":5,""C76"":9,""C77"":15,""C78"":11,""C79"":3,""C80"":19,""C81"":30,""C82"":11,""C83"":107,""C84"":48,""C85"":5,""C86"":13,""C87"":64,""C88"":63,""C89"":24,""C90"":67,""C91"":33,""C92"":9,""C93"":21,""C94"":37,""C95"":32,""C96"":38,""C97"":65,""C98"":42,""C99"":44,""E18"":1}"
     10240,         0,      9450,   0.394,PymatchingGapSampler,1799c3c0da3f62a62293dfcbce86ec31d862d6c965fb2bd8efc8492863084f95,"{""c"":""compiled-3q-multiplier-12-rotated-HXY"",""d1"":3,""d2"":5,""d3"":9,""noise"":""uniform"",""p"":0.012}","{""C100"":6,""C101"":4,""C102"":4,""C103"":12,""C104"":9,""C105"":8,""C106"":3,""C107"":5,""C109"":8,""C110"":18,""C111"":7,""C112"":12,""C113"":11,""C114"":8,""C115"":8,""C116"":6,""C117"":7,""C118"":3,""C119"":7,""C120"":4,""C122"":9,""C123"":7,""C124"":415,""C29"":1,""C35"":1,""C43"":1,""C46"":2,""C49"":1,""C58"":2,""C63"":1,""C64"":4,""C65"":1,""C66"":3,""C67"":16,""C68"":12,""C69"":1,""C70"":10,""C71"":4,""C72"":5,""C73"":1,""C74"":1,""C76"":3,""C77"":2,""C78"":2,""C79"":3,""C80"":8,""C81"":5,""C82"":8,""C83"":4,""C84"":6,""C85"":21,""C86"":12,""C87"":9,""C88"":5,""C89"":11,""C90"":7,""C91"":2,""C92"":4,""C93"":4,""C95"":2,""C96"":5,""C97"":10,""C98"":1,""C99"":8}"
      9216,         0,      8234,   0.393,PymatchingGapSampler,336e25b1bec4b5b4d72a9b8b647208d8cd41e0a3b6f91162b5875e89139d6d8d,"{""c"":""compiled-3q-multiplier-1-rotated-HXY"",""d1"":3,""d2"":5,""d3"":9,""noise"":""uniform"",""p"":0.001}","{""C100"":10,""C101"":6,""C102"":5,""C103"":6,""C104"":20,""C105"":13,""C106"":9,""C107"":5,""C108"":1,""C109"":16,""C110"":16,""C111"":2,""C112"":11,""C113"":15,""C114"":2,""C115"":6,""C116"":9,""C117"":8,""C118"":3,""C119"":8,""C120"":4,""C121"":3,""C122"":5,""C123"":4,""C124"":520,""C24"":1,""C29"":1,""C31"":1,""C38"":1,""C39"":1,""C51"":1,""C53"":1,""C56"":1,""C57"":3,""C58"":3,""C59"":2,""C60"":1,""C61"":4,""C62"":4,""C63"":2,""C64"":1,""C65"":2,""C66"":2,""C67"":9,""C68"":19,""C69"":9,""C70"":5,""C71"":3,""C72"":1,""C73"":8,""C75"":3,""C76"":1,""C77"":8,""C78"":4,""C79"":9,""C80"":2,""C81"":9,""C82"":13,""C83"":8,""C84"":12,""C85"":19,""C86"":20,""C87"":11,""C89"":13,""C90"":7,""C91"":3,""C92"":8,""C93"":5,""C94"":5,""C95"":4,""C96"":3,""C97"":11,""C98"":4,""C99"":7}"
      9216,         0,      8605,   0.390,PymatchingGapSampler,ad2b3a1a92770969f6aee591103a546cc8e262147c3de1fdc372b0a74e048f37,"{""c"":""compiled-3q-multiplier-16-rotated-HXY"",""d1"":3,""d2"":5,""d3"":9,""noise"":""uniform"",""p"":0.016}","{""C100"":4,""C101"":3,""C102"":4,""C103"":9,""C104"":9,""C105"":12,""C106"":3,""C107"":4,""C108"":1,""C109"":6,""C110"":13,""C111"":2,""C112"":7,""C113"":16,""C114"":11,""C115"":1,""C116"":7,""C117"":7,""C119"":7,""C120"":3,""C121"":1,""C122"":3,""C123"":1,""C124"":317,""C15"":1,""C24"":1,""C28"":1,""C38"":1,""C41"":1,""C46"":1,""C47"":2,""C48"":1,""C49"":1,""C50"":1,""C53"":1,""C54"":2,""C55"":1,""C58"":1,""C62"":2,""C63"":1,""C64"":1,""C66"":6,""C67"":9,""C68"":12,""C69"":1,""C70"":5,""C71"":1,""C72"":1,""C73"":2,""C74"":1,""C75"":1,""C76"":1,""C77"":5,""C78"":1,""C79"":2,""C80"":7,""C81"":4,""C82"":1,""C83"":1,""C84"":7,""C85"":27,""C86"":2,""C87"":4,""C88"":3,""C89"":5,""C90"":7,""C91"":3,""C92"":4,""C93"":4,""C94"":1,""C96"":4,""C97"":4,""C98"":2,""C99"":2}"
      8192,         1,      7358,   0.375,PymatchingGapSampler,ca1e269eb7e3cc81d333b9abe3cfa92061b38c0a57f57b74a7d59e6aebdb7133,"{""c"":""compiled-3q-multiplier-2-rotated-HXY"",""d1"":3,""d2"":5,""d3"":9,""noise"":""uniform"",""p"":0.002}","{""C100"":5,""C101"":2,""C102"":3,""C103"":6,""C104"":8,""C105"":14,""C106"":5,""C107"":6,""C108"":2,""C109"":10,""C110"":6,""C111"":1,""C112"":16,""C113"":27,""C114"":7,""C115"":3,""C116"":8,""C117"":3,""C118"":4,""C119"":3,""C120"":2,""C121"":3,""C122"":12,""C123"":6,""C124"":453,""C16"":1,""C24"":1,""C27"":1,""C28"":1,""C32"":1,""C38"":1,""C39"":2,""C43"":1,""C44"":2,""C48"":1,""C49"":1,""C52"":1,""C53"":1,""C54"":1,""C58"":1,""C59"":2,""C63"":1,""C64"":5,""C65"":2,""C66"":1,""C67"":5,""C68"":17,""C69"":6,""C70"":4,""C71"":5,""C72"":1,""C73"":7,""C74"":3,""C75"":2,""C76"":2,""C77"":5,""C78"":4,""C79"":2,""C80"":3,""C81"":4,""C82"":6,""C83"":2,""C84"":12,""C85"":25,""C86"":9,""C87"":8,""C88"":3,""C89"":12,""C90"":7,""C91"":2,""C92"":4,""C93"":3,""C94"":3,""C95"":2,""C96"":5,""C97"":7,""C98"":6,""C99"":4,""E3"":1}"
      8192,         0,      7399,   0.383,PymatchingGapSampler,f72b3c9b18e2657f6ba8a9e93dcf58e1295b123d787cf6e64894244511c6ee4c,"{""c"":""compiled-3q-multiplier-3-rotated-HXY"",""d1"":3,""d2"":5,""d3"":9,""noise"":""uniform"",""p"":0.003}","{""C100"":4,""C101"":3,""C102"":6,""C103"":7,""C104"":8,""C105"":9,""C106"":7,""C107"":9,""C109"":7,""C110"":7,""C111"":2,""C112"":5,""C113"":14,""C114"":5,""C115"":6,""C116"":9,""C117"":9,""C119"":3,""C120"":3,""C121"":2,""C122"":6,""C123"":3,""C124"":434,""C27"":1,""C31"":1,""C33"":1,""C39"":1,""C41"":1,""C43"":1,""C44"":1,""C45"":1,""C49"":1,""C53"":2,""C55"":2,""C57"":2,""C58"":1,""C59"":1,""C63"":2,""C64"":1,""C65"":2,""C67"":3,""C68"":17,""C69"":1,""C70"":14,""C71"":1,""C73"":8,""C74"":2,""C75"":3,""C76"":5,""C77"":2,""C78"":4,""C79"":6,""C80"":3,""C81"":4,""C82"":12,""C83"":4,""C84"":15,""C85"":23,""C86"":16,""C87"":7,""C89"":9,""C90"":8,""C91"":2,""C92"":5,""C93"":3,""C94"":3,""C95"":1,""C96"":4,""C97"":8,""C98"":1,""C99"":9}"
     28672,         0,     18312,   0.726,PymatchingGapSampler,b5ef05b24abc92d86d9495c0b40efa77873b4d4896413cdea267f9f052052b98,"{""c"":""compiled-3q-multiplier-16-rotated-HXY"",""d1"":3,""d2"":5,""d3"":9,""noise"":""uniform_atoms"",""p"":0.016}","{""C0"":1,""C100"":4,""C101"":50,""C102"":121,""C103"":36,""C104"":31,""C105"":78,""C106"":52,""C107"":63,""C108"":65,""C109"":30,""C110"":57,""C111"":38,""C112"":60,""C113"":97,""C114"":23,""C115"":58,""C116"":140,""C117"":78,""C118"":42,""C119"":33,""C120"":109,""C121"":54,""C122"":16,""C123"":59,""C124"":38,""C125"":78,""C126"":49,""C127"":12,""C128"":91,""C129"":81,""C130"":91,""C131"":40,""C132"":75,""C133"":60,""C134"":62,""C135"":158,""C136"":64,""C137"":50,""C138"":6729,""C17"":1,""C29"":3,""C30"":1,""C31"":2,""C33"":3,""C34"":2,""C36"":4,""C37"":3,""C38"":2,""C40"":2,""C41"":2,""C42"":1,""C45"":2,""C47"":1,""C48"":2,""C49"":1,""C50"":5,""C51"":2,""C53"":2,""C54"":1,""C55"":3,""C56"":2,""C57"":1,""C58"":6,""C59"":1,""C60"":2,""C61"":5,""C62"":6,""C63"":5,""C64"":6,""C65"":5,""C66"":4,""C67"":4,""C68"":3,""C69"":8,""C70"":5,""C71"":5,""C72"":5,""C73"":6,""C74"":5,""C75"":3,""C76"":11,""C77"":37,""C78"":13,""C79"":9,""C80"":7,""C81"":58,""C82"":56,""C83"":67,""C84"":36,""C85"":54,""C86"":33,""C87"":114,""C88"":65,""C89"":13,""C90"":88,""C91"":40,""C92"":67,""C93"":32,""C94"":37,""C95"":30,""C96"":133,""C97"":11,""C98"":13,""C99"":131}"
     23552,         0,     14076,   0.721,PymatchingGapSampler,4a3d7bda5757f7bb69a442074b5181897af381a3b4dbe9ab72cc3997cc72a4c6,"{""c"":""compiled-3q-multiplier-12-rotated-HXY"",""d1"":3,""d2"":5,""d3"":9,""noise"":""uniform_atoms"",""p"":0.012}","{""C100"":67,""C101"":16,""C102"":57,""C103"":95,""C104"":4,""C105"":57,""C106"":68,""C107"":47,""C108"":64,""C109"":33,""C110"":27,""C111"":61,""C112"":61,""C113"":43,""C114"":85,""C115"":50,""C116"":85,""C117"":82,""C118"":98,""C119"":20,""C120"":70,""C121"":54,""C122"":53,""C123"":39,""C124"":26,""C125"":74,""C126"":60,""C127"":25,""C128"":51,""C129"":29,""C130"":123,""C131"":61,""C132"":35,""C133"":94,""C134"":57,""C135"":90,""C136"":94,""C137"":52,""C138"":75,""C139"":6137,""C26"":1,""C27"":1,""C29"":2,""C31"":1,""C32"":1,""C35"":1,""C36"":4,""C37"":2,""C38"":1,""C40"":1,""C41"":2,""C42"":1,""C44"":1,""C45"":2,""C46"":2,""C48"":2,""C49"":2,""C50"":3,""C51"":3,""C52"":1,""C54"":1,""C55"":4,""C56"":2,""C57"":1,""C58"":2,""C59"":4,""C60"":5,""C61"":5,""C63"":5,""C64"":1,""C65"":3,""C66"":9,""C67"":3,""C68"":7,""C69"":7,""C70"":7,""C71"":3,""C72"":2,""C73"":4,""C74"":3,""C75"":4,""C76"":3,""C77"":11,""C78"":20,""C79"":17,""C80"":11,""C81"":40,""C82"":11,""C83"":102,""C84"":34,""C85"":20,""C86"":67,""C87"":53,""C88"":96,""C89"":10,""C90"":52,""C91"":48,""C92"":28,""C93"":66,""C94"":37,""C95"":30,""C96"":61,""C97"":76,""C98"":11,""C99"":37}"
     11264,         0,     10371,   0.515,PymatchingGapSampler,1799c3c0da3f62a62293dfcbce86ec31d862d6c965fb2bd8efc8492863084f95,"{""c"":""compiled-3q-multiplier-12-rotated-HXY"",""d1"":3,""d2"":5,""d3"":9,""noise"":""uniform"",""p"":0.012}","{""C100"":3,""C101"":2,""C102"":7,""C103"":12,""C104"":17,""C105"":9,""C106"":3,""C107"":6,""C108"":1,""C109"":7,""C110"":3,""C111"":5,""C112"":7,""C113"":11,""C114"":16,""C115"":12,""C116"":8,""C117"":10,""C118"":1,""C119"":7,""C120"":2,""C121"":2,""C122"":5,""C123"":9,""C124"":474,""C14"":1,""C28"":1,""C32"":1,""C40"":1,""C41"":1,""C42"":2,""C43"":1,""C45"":1,""C55"":1,""C56"":1,""C57"":1,""C58"":1,""C60"":1,""C61"":2,""C63"":4,""C64"":2,""C65"":1,""C66"":3,""C67"":11,""C68"":13,""C70"":10,""C71"":1,""C72"":10,""C73"":3,""C74"":1,""C75"":1,""C76"":3,""C77"":6,""C78"":3,""C79"":5,""C80"":5,""C81"":5,""C82"":7,""C83"":6,""C84"":13,""C85"":25,""C86"":13,""C87"":10,""C88"":10,""C89"":13,""C90"":7,""C91"":4,""C92"":10,""C93"":9,""C94"":6,""C95"":2,""C96"":6,""C97"":4,""C98"":2,""C99"":4}"
     11264,         0,     10434,   0.522,PymatchingGapSampler,ad2b3a1a92770969f6aee591103a546cc8e262147c3de1fdc372b0a74e048f37,"{""c"":""compiled-3q-multiplier-16-rotated-HXY"",""d1"":3,""d2"":5,""d3"":9,""noise"":""uniform"",""p"":0.016}","{""C100"":7,""C101"":3,""C102"":13,""C103"":6,""C104"":15,""C105"":8,""C106"":1,""C107"":2,""C108"":2,""C109"":14,""C110"":10,""C111"":2,""C112"":21,""C113"":11,""C114"":13,""C115"":4,""C116"":3,""C117"":11,""C118"":2,""C119"":3,""C120"":3,""C122"":4,""C123"":2,""C124"":427,""C14"":1,""C16"":1,""C20"":1,""C23"":1,""C27"":1,""C28"":1,""C32"":1,""C33"":1,""C43"":1,""C46"":1,""C49"":1,""C50"":2,""C52"":3,""C56"":2,""C58"":2,""C59"":1,""C60"":1,""C62"":2,""C64"":3,""C65"":2,""C66"":8,""C67"":7,""C68"":15,""C69"":2,""C70"":5,""C71"":3,""C72"":7,""C73"":1,""C74"":3,""C75"":1,""C76"":4,""C77"":7,""C78"":4,""C79"":7,""C8"":1,""C80"":1,""C81"":7,""C82"":7,""C83"":9,""C84"":10,""C85"":28,""C86"":6,""C87"":8,""C88"":6,""C89"":13,""C90"":8,""C91"":3,""C92"":9,""C93"":2,""C95"":3,""C96"":3,""C97"":5,""C98"":6,""C99"":5}"
     12288,         2,     10896,   0.589,PymatchingGapSampler,336e25b1bec4b5b4d72a9b8b647208d8cd41e0a3b6f91162b5875e89139d6d8d,"{""c"":""compiled-3q-multiplier-1-rotated-HXY"",""d1"":3,""d2"":5,""d3"":9,""noise"":""uniform"",""p"":0.001}","{""C100"":5,""C101"":4,""C102"":6,""C103"":14,""C104"":18,""C105"":22,""C106"":8,""C107"":7,""C108"":2,""C109"":16,""C110"":15,""C111"":2,""C112"":17,""C113"":30,""C114"":15,""C115"":5,""C116"":7,""C117"":14,""C118"":2,""C119"":9,""C120"":15,""C121"":2,""C122"":15,""C123"":1,""C124"":768,""C20"":1,""C24"":1,""C26"":1,""C28"":1,""C31"":1,""C32"":3,""C35"":2,""C42"":1,""C43"":1,""C46"":1,""C48"":4,""C49"":4,""C50"":2,""C51"":2,""C52"":2,""C53"":2,""C55"":1,""C57"":3,""C58"":2,""C60"":1,""C61"":1,""C63"":3,""C64"":5,""C65"":2,""C66"":4,""C67"":3,""C68"":21,""C69"":17,""C70"":10,""C71"":5,""C72"":4,""C73"":8,""C74"":4,""C75"":7,""C76"":6,""C77"":2,""C78"":12,""C79"":8,""C80"":2,""C81"":16,""C82"":16,""C83"":4,""C84"":17,""C85"":34,""C86"":16,""C87"":18,""C88"":4,""C89"":21,""C90"":10,""C91"":7,""C92"":11,""C93"":2,""C94"":5,""C95"":5,""C96"":6,""C97"":8,""C98"":8,""C99"":3,""E33"":1,""E4"":1}"
     19456,         0,      9217,   0.761,PymatchingGapSampler,fa07acd832628ab615a7950e66d49f62ecef29ab8105ac4c978b008bb87ecdec,"{""c"":""compiled-3q-multiplier-3-rotated-HXY"",""d1"":3,""d2"":5,""d3"":9,""noise"":""uniform_atoms"",""p"":0.003}","{""C100"":35,""C101"":32,""C102"":79,""C103"":69,""C104"":31,""C105"":60,""C106"":53,""C107"":76,""C108"":87,""C109"":47,""C110"":58,""C111"":48,""C112"":53,""C113"":52,""C114"":35,""C115"":62,""C116"":125,""C117"":60,""C118"":77,""C119"":47,""C120"":80,""C121"":32,""C122"":29,""C123"":65,""C124"":37,""C125"":61,""C126"":73,""C127"":37,""C128"":57,""C129"":49,""C130"":95,""C131"":48,""C132"":100,""C133"":54,""C134"":71,""C135"":106,""C136"":76,""C137"":15,""C138"":102,""C139"":6720,""C15"":1,""C23"":1,""C25"":1,""C28"":1,""C31"":1,""C32"":1,""C35"":1,""C36"":1,""C37"":2,""C39"":1,""C41"":1,""C42"":1,""C43"":1,""C44"":1,""C45"":1,""C46"":1,""C47"":3,""C48"":1,""C50"":2,""C51"":2,""C52"":2,""C53"":2,""C55"":6,""C57"":1,""C58"":4,""C59"":4,""C60"":6,""C61"":6,""C62"":4,""C63"":7,""C64"":3,""C65"":4,""C66"":4,""C67"":7,""C68"":5,""C69"":9,""C70"":8,""C71"":2,""C72"":4,""C73"":4,""C74"":3,""C75"":7,""C76"":9,""C77"":12,""C78"":11,""C79"":16,""C80"":22,""C81"":51,""C82"":7,""C83"":120,""C84"":55,""C85"":9,""C86"":41,""C87"":55,""C88"":42,""C89"":49,""C90"":69,""C91"":34,""C92"":7,""C93"":53,""C94"":38,""C95"":60,""C96"":70,""C97"":21,""C98"":80,""C99"":88}"
     12288,         0,     10973,   0.558,PymatchingGapSampler,ca1e269eb7e3cc81d333b9abe3cfa92061b38c0a57f57b74a7d59e6aebdb7133,"{""c"":""compiled-3q-multiplier-2-rotated-HXY"",""d1"":3,""d2"":5,""d3"":9,""noise"":""uniform"",""p"":0.002}","{""C100"":4,""C101"":6,""C102"":5,""C103"":16,""C104"":20,""C105"":21,""C106"":8,""C107"":12,""C108"":2,""C109"":10,""C110"":15,""C111"":7,""C112"":24,""C113"":27,""C114"":10,""C115"":4,""C116"":9,""C117"":14,""C118"":4,""C119"":9,""C120"":6,""C121"":2,""C122"":8,""C123"":5,""C124"":710,""C30"":2,""C31"":1,""C36"":1,""C40"":3,""C41"":3,""C42"":1,""C43"":1,""C45"":1,""C49"":3,""C51"":3,""C55"":1,""C57"":3,""C58"":1,""C59"":3,""C61"":1,""C62"":1,""C63"":1,""C64"":5,""C65"":2,""C67"":14,""C68"":25,""C69"":4,""C70"":13,""C71"":5,""C72"":1,""C73"":10,""C74"":2,""C75"":2,""C76"":2,""C77"":4,""C78"":8,""C79"":10,""C80"":4,""C81"":9,""C82"":20,""C83"":8,""C84"":23,""C85"":35,""C86"":15,""C87"":12,""C88"":2,""C89"":11,""C90"":17,""C91"":4,""C92"":12,""C93"":8,""C94"":9,""C95"":4,""C96"":7,""C97"":12,""C98"":3,""C99"":5}"
     18432,         0,      8361,   0.738,PymatchingGapSampler,48745cbc9d131ede04aad5a664c79653032f86ac364eb54c884fc483279471f7,"{""c"":""compiled-3q-multiplier-2-rotated-HXY"",""d1"":3,""d2"":5,""d3"":9,""noise"":""uniform_atoms"",""p"":0.002}","{""C100"":36,""C101"":30,""C102"":69,""C103"":77,""C104"":43,""C105"":65,""C106"":59,""C107"":64,""C108"":86,""C109"":32,""C110"":54,""C111"":41,""C112"":45,""C113"":52,""C114"":36,""C115"":47,""C116"":104,""C117"":73,""C118"":76,""C119"":36,""C120"":76,""C121"":47,""C122"":52,""C123"":51,""C124"":40,""C125"":64,""C126"":64,""C127"":40,""C128"":76,""C129"":52,""C130"":72,""C131"":21,""C132"":72,""C133"":89,""C134"":79,""C135"":77,""C136"":113,""C137"":21,""C138"":103,""C139"":6554,""C14"":1,""C2"":1,""C21"":1,""C25"":2,""C27"":1,""C29"":2,""C31"":2,""C32"":1,""C33"":1,""C34"":1,""C36"":2,""C37"":1,""C38"":1,""C39"":2,""C42"":1,""C45"":2,""C47"":2,""C48"":2,""C49"":1,""C50"":4,""C51"":3,""C52"":3,""C53"":2,""C54"":2,""C55"":3,""C56"":3,""C57"":5,""C58"":5,""C59"":3,""C60"":4,""C61"":5,""C62"":1,""C63"":4,""C64"":5,""C65"":2,""C66"":4,""C67"":6,""C68"":4,""C69"":10,""C70"":3,""C71"":6,""C72"":7,""C73"":7,""C74"":7,""C75"":9,""C76"":3,""C77"":18,""C78"":13,""C79"":14,""C80"":16,""C81"":44,""C82"":4,""C83"":134,""C84"":51,""C85"":7,""C86"":30,""C87"":79,""C88"":60,""C89"":28,""C90"":84,""C91"":42,""C92"":17,""C93"":52,""C94"":53,""C95"":26,""C96"":44,""C97"":52,""C98"":101,""C99"":67}"
     12288,         0,     11077,   0.506,PymatchingGapSampler,f72b3c9b18e2657f6ba8a9e93dcf58e1295b123d787cf6e64894244511c6ee4c,"{""c"":""compiled-3q-multiplier-3-rotated-HXY"",""d1"":3,""d2"":5,""d3"":9,""noise"":""uniform"",""p"":0.003}","{""C100"":10,""C101"":9,""C102"":10,""C103"":8,""C104"":25,""C105"":24,""C106"":7,""C107"":9,""C108"":5,""C109"":13,""C110"":9,""C111"":5,""C112"":9,""C113"":33,""C114"":6,""C115"":7,""C116"":16,""C117"":9,""C118"":4,""C119"":8,""C12"":1,""C120"":11,""C121"":6,""C122"":8,""C123"":7,""C124"":633,""C14"":1,""C20"":1,""C23"":1,""C25"":2,""C32"":1,""C34"":2,""C39"":1,""C40"":2,""C41"":1,""C43"":1,""C45"":1,""C47"":1,""C50"":1,""C52"":1,""C53"":1,""C55"":2,""C56"":1,""C57"":1,""C58"":1,""C59"":1,""C61"":1,""C62"":1,""C63"":4,""C64"":4,""C65"":4,""C66"":1,""C67"":9,""C68"":22,""C69"":5,""C7"":1,""C70"":9,""C71"":7,""C72"":4,""C73"":7,""C74"":3,""C75"":3,""C76"":5,""C77"":1,""C78"":9,""C79"":11,""C80"":6,""C81"":8,""C82"":10,""C83"":1,""C84"":14,""C85"":42,""C86"":21,""C87"":8,""C88"":1,""C89"":18,""C90"":10,""C91"":2,""C92"":9,""C93"":4,""C94"":8,""C95"":3,""C96"":4,""C97"":5,""C98"":4,""C99"":6}"
     20480,         1,      8946,   0.701,PymatchingGapSampler,3b6c05e615564709dbfa395808f2e19641a9b1a0d8cff5bf6b0c54daa36894dc,"{""c"":""compiled-3q-multiplier-1-rotated-HXY"",""d1"":3,""d2"":5,""d3"":9,""noise"":""uniform_atoms"",""p"":0.001}","{""C100"":104,""C101"":34,""C102"":72,""C103"":111,""C104"":45,""C105"":47,""C106"":91,""C107"":54,""C108"":112,""C109"":38,""C110"":46,""C111"":71,""C112"":66,""C113"":38,""C114"":61,""C115"":88,""C116"":77,""C117"":150,""C118"":101,""C119"":44,""C120"":101,""C121"":46,""C122"":45,""C123"":59,""C124"":25,""C125"":88,""C126"":70,""C127"":52,""C128"":61,""C129"":44,""C130"":96,""C131"":44,""C132"":103,""C133"":103,""C134"":76,""C135"":62,""C136"":121,""C137"":22,""C138"":126,""C139"":7552,""C21"":1,""C22"":3,""C25"":1,""C26"":1,""C28"":1,""C30"":2,""C31"":2,""C33"":1,""C35"":1,""C36"":1,""C37"":1,""C38"":1,""C39"":2,""C42"":2,""C44"":3,""C45"":1,""C46"":1,""C47"":2,""C48"":2,""C50"":2,""C51"":4,""C52"":1,""C53"":3,""C54"":1,""C55"":4,""C56"":5,""C57"":2,""C58"":5,""C59"":1,""C60"":1,""C61"":4,""C62"":7,""C63"":6,""C64"":3,""C65"":8,""C66"":7,""C67"":7,""C68"":7,""C69"":5,""C70"":9,""C71"":4,""C72"":4,""C73"":7,""C74"":3,""C75"":10,""C76"":6,""C77"":17,""C78"":9,""C79"":8,""C80"":32,""C81"":43,""C82"":8,""C83"":131,""C84"":51,""C85"":3,""C86"":28,""C87"":81,""C88"":63,""C89"":25,""C90"":95,""C91"":49,""C92"":14,""C93"":43,""C94"":61,""C95"":36,""C96"":70,""C97"":63,""C98"":41,""C99"":61,""E0"":1}"
     17408,         0,     16030,   0.759,PymatchingGapSampler,1799c3c0da3f62a62293dfcbce86ec31d862d6c965fb2bd8efc8492863084f95,"{""c"":""compiled-3q-multiplier-12-rotated-HXY"",""d1"":3,""d2"":5,""d3"":9,""noise"":""uniform"",""p"":0.012}","{""C100"":6,""C101"":4,""C102"":14,""C103"":21,""C104"":30,""C105"":17,""C106"":5,""C107"":13,""C108"":5,""C109"":8,""C11"":1,""C110"":9,""C111"":11,""C112"":21,""C113"":20,""C114"":12,""C115"":12,""C116"":4,""C117"":8,""C118"":4,""C119"":14,""C12"":1,""C120"":9,""C121"":3,""C122"":6,""C123"":5,""C124"":713,""C23"":1,""C27"":1,""C28"":1,""C33"":2,""C39"":1,""C40"":1,""C41"":1,""C44"":1,""C45"":2,""C46"":1,""C47"":2,""C48"":1,""C52"":3,""C53"":1,""C54"":2,""C56"":2,""C58"":6,""C61"":3,""C62"":1,""C63"":1,""C64"":3,""C65"":1,""C66"":4,""C67"":24,""C68"":26,""C69"":6,""C70"":11,""C71"":4,""C72"":10,""C73"":4,""C74"":11,""C75"":7,""C76"":3,""C77"":4,""C78"":5,""C79"":9,""C80"":6,""C81"":5,""C82"":11,""C83"":12,""C84"":22,""C85"":45,""C86"":20,""C87"":12,""C88"":6,""C89"":17,""C90"":10,""C91"":6,""C92"":8,""C93"":11,""C94"":6,""C95"":7,""C96"":8,""C97"":14,""C98"":6,""C99"":4}"
     16384,         0,     14545,   0.777,PymatchingGapSampler,336e25b1bec4b5b4d72a9b8b647208d8cd41e0a3b6f91162b5875e89139d6d8d,"{""c"":""compiled-3q-multiplier-1-rotated-HXY"",""d1"":3,""d2"":5,""d3"":9,""noise"":""uniform"",""p"":0.001}","{""C100"":10,""C101"":11,""C102"":14,""C103"":17,""C104"":31,""C105"":20,""C106"":12,""C107"":21,""C108"":6,""C109"":15,""C110"":11,""C111"":3,""C112"":21,""C113"":48,""C114"":20,""C115"":12,""C116"":12,""C117"":14,""C118"":5,""C119"":10,""C120"":11,""C121"":2,""C122"":15,""C123"":17,""C124"":1004,""C27"":1,""C29"":1,""C30"":1,""C31"":1,""C36"":2,""C37"":1,""C43"":2,""C45"":1,""C47"":1,""C49"":1,""C51"":2,""C52"":1,""C53"":3,""C54"":1,""C55"":1,""C56"":1,""C57"":1,""C58"":7,""C62"":2,""C63"":6,""C64"":5,""C65"":5,""C66"":2,""C67"":15,""C68"":50,""C69"":5,""C70"":21,""C71"":6,""C72"":2,""C73"":9,""C74"":4,""C75"":5,""C76"":8,""C77"":1,""C78"":11,""C79"":10,""C80"":4,""C81"":13,""C82"":21,""C83"":6,""C84"":21,""C85"":63,""C86"":25,""C87"":14,""C88"":2,""C89"":18,""C90"":18,""C91"":3,""C92"":7,""C93"":6,""C94"":13,""C95"":3,""C96"":13,""C97"":17,""C98"":9,""C99"":5}"
     16384,         0,     14734,   0.747,PymatchingGapSampler,ca1e269eb7e3cc81d333b9abe3cfa92061b38c0a57f57b74a7d59e6aebdb7133,"{""c"":""compiled-3q-multiplier-2-rotated-HXY"",""d1"":3,""d2"":5,""d3"":9,""noise"":""uniform"",""p"":0.002}","{""C10"":1,""C100"":10,""C101"":9,""C102"":8,""C103"":19,""C104"":24,""C105"":24,""C106"":15,""C107"":12,""C108"":2,""C109"":21,""C110"":20,""C111"":7,""C112"":11,""C113"":36,""C114"":18,""C115"":6,""C116"":16,""C117"":9,""C118"":3,""C119"":8,""C120"":9,""C121"":2,""C122"":10,""C123"":8,""C124"":892,""C14"":1,""C19"":1,""C23"":2,""C24"":1,""C29"":1,""C31"":1,""C33"":1,""C38"":1,""C39"":3,""C41"":1,""C42"":1,""C44"":1,""C45"":1,""C46"":2,""C47"":1,""C48"":2,""C49"":2,""C50"":2,""C51"":1,""C53"":3,""C54"":2,""C55"":1,""C56"":1,""C57"":2,""C58"":8,""C60"":1,""C62"":3,""C63"":2,""C64"":4,""C65"":6,""C66"":3,""C67"":9,""C68"":31,""C69"":7,""C70"":11,""C71"":7,""C72"":2,""C73"":11,""C74"":2,""C75"":5,""C76"":9,""C77"":6,""C78"":13,""C79"":13,""C80"":4,""C81"":11,""C82"":19,""C83"":8,""C84"":26,""C85"":47,""C86"":24,""C87"":16,""C88"":3,""C89"":34,""C9"":1,""C90"":12,""C91"":4,""C92"":11,""C93"":7,""C94"":2,""C95"":5,""C96"":6,""C97"":13,""C98"":6,""C99"":3}"
     18432,         0,     17135,   0.760,PymatchingGapSampler,ad2b3a1a92770969f6aee591103a546cc8e262147c3de1fdc372b0a74e048f37,"{""c"":""compiled-3q-multiplier-16-rotated-HXY"",""d1"":3,""d2"":5,""d3"":9,""noise"":""uniform"",""p"":0.016}","{""C100"":7,""C101"":8,""C102"":10,""C103"":11,""C104"":28,""C105"":18,""C106"":5,""C107"":6,""C108"":2,""C109"":15,""C110"":18,""C111"":9,""C112"":27,""C113"":19,""C114"":20,""C115"":5,""C116"":12,""C117"":14,""C118"":4,""C119"":9,""C120"":3,""C122"":6,""C123"":8,""C124"":681,""C20"":1,""C23"":1,""C25"":1,""C26"":1,""C28"":2,""C32"":1,""C38"":1,""C40"":1,""C43"":1,""C44"":1,""C48"":1,""C49"":1,""C51"":2,""C52"":1,""C53"":3,""C55"":2,""C56"":4,""C57"":2,""C58"":3,""C59"":1,""C61"":1,""C62"":3,""C64"":4,""C65"":4,""C66"":8,""C67"":18,""C68"":21,""C70"":12,""C71"":1,""C72"":8,""C73"":2,""C74"":3,""C75"":9,""C76"":7,""C77"":3,""C78"":4,""C79"":6,""C8"":1,""C80"":13,""C81"":4,""C82"":10,""C83"":12,""C84"":14,""C85"":57,""C86"":4,""C87"":5,""C88"":4,""C89"":22,""C90"":8,""C91"":4,""C92"":7,""C93"":16,""C94"":4,""C95"":2,""C96"":7,""C97"":4,""C98"":2,""C99"":7}"
     16384,         2,     14770,   0.739,PymatchingGapSampler,f72b3c9b18e2657f6ba8a9e93dcf58e1295b123d787cf6e64894244511c6ee4c,"{""c"":""compiled-3q-multiplier-3-rotated-HXY"",""d1"":3,""d2"":5,""d3"":9,""noise"":""uniform"",""p"":0.003}","{""C100"":6,""C101"":4,""C102"":13,""C103"":13,""C104"":25,""C105"":18,""C106"":8,""C107"":16,""C108"":3,""C109"":12,""C110"":22,""C111"":5,""C112"":11,""C113"":30,""C114"":16,""C115"":13,""C116"":8,""C117"":12,""C118"":5,""C119"":7,""C120"":11,""C121"":3,""C122"":12,""C123"":10,""C124"":853,""C20"":1,""C24"":1,""C26"":1,""C27"":2,""C28"":4,""C33"":1,""C35"":2,""C36"":1,""C37"":1,""C38"":2,""C39"":1,""C40"":1,""C41"":1,""C42"":1,""C43"":1,""C44"":1,""C46"":1,""C48"":1,""C49"":1,""C50"":2,""C52"":1,""C53"":1,""C54"":3,""C56"":1,""C57"":1,""C58"":3,""C59"":3,""C60"":1,""C61"":1,""C62"":2,""C63"":2,""C64"":3,""C65"":4,""C66"":3,""C67"":13,""C68"":25,""C69"":12,""C70"":12,""C71"":5,""C72"":5,""C73"":13,""C74"":7,""C75"":10,""C76"":8,""C77"":3,""C78"":12,""C79"":6,""C80"":4,""C81"":13,""C82"":25,""C83"":7,""C84"":30,""C85"":48,""C86"":24,""C87"":11,""C88"":3,""C89"":25,""C90"":15,""C91"":7,""C92"":18,""C93"":9,""C94"":8,""C95"":3,""C96"":12,""C97"":13,""C98"":5,""C99"":9,""E10"":1,""E5"":1}"
     36864,         0,     23865,   0.975,PymatchingGapSampler,b5ef05b24abc92d86d9495c0b40efa77873b4d4896413cdea267f9f052052b98,"{""c"":""compiled-3q-multiplier-16-rotated-HXY"",""d1"":3,""d2"":5,""d3"":9,""noise"":""uniform_atoms"",""p"":0.016}","{""C100"":12,""C101"":63,""C102"":119,""C103"":63,""C104"":35,""C105"":86,""C106"":71,""C107"":70,""C108"":69,""C109"":44,""C110"":67,""C111"":58,""C112"":83,""C113"":103,""C114"":36,""C115"":80,""C116"":162,""C117"":90,""C118"":50,""C119"":33,""C120"":129,""C121"":76,""C122"":17,""C123"":70,""C124"":58,""C125"":99,""C126"":45,""C127"":22,""C128"":116,""C129"":139,""C130"":112,""C131"":45,""C132"":91,""C133"":68,""C134"":86,""C135"":195,""C136"":66,""C137"":59,""C138"":8468,""C20"":1,""C25"":1,""C29"":3,""C31"":3,""C32"":1,""C33"":1,""C34"":4,""C35"":2,""C36"":1,""C37"":2,""C38"":1,""C39"":3,""C40"":1,""C42"":1,""C43"":1,""C44"":3,""C45"":4,""C46"":3,""C47"":2,""C48"":1,""C49"":1,""C50"":3,""C51"":3,""C53"":2,""C54"":3,""C55"":2,""C56"":6,""C57"":2,""C58"":2,""C59"":4,""C60"":3,""C61"":4,""C62"":6,""C63"":7,""C64"":8,""C65"":7,""C66"":5,""C67"":8,""C68"":4,""C69"":11,""C70"":13,""C71"":9,""C72"":8,""C73"":9,""C74"":7,""C75"":10,""C76"":8,""C77"":50,""C78"":21,""C79"":16,""C80"":7,""C81"":63,""C82"":56,""C83"":81,""C84"":58,""C85"":73,""C86"":46,""C87"":160,""C88"":66,""C89"":6,""C90"":135,""C91"":39,""C92"":89,""C93"":48,""C94"":44,""C95"":35,""C96"":145,""C97"":18,""C98"":31,""C99"":163}"
     33792,         1,     20141,   0.991,PymatchingGapSampler,4a3d7bda5757f7bb69a442074b5181897af381a3b4dbe9ab72cc3997cc72a4c6,"{""c"":""compiled-3q-multiplier-12-rotated-HXY"",""d1"":3,""d2"":5,""d3"":9,""noise"":""uniform_atoms"",""p"":0.012}","{""C10"":1,""C100"":99,""C101"":19,""C102"":119,""C103"":109,""C104"":14,""C105"":79,""C106"":112,""C107"":81,""C108"":127,""C109"":50,""C110"":56,""C111"":106,""C112"":57,""C113"":50,""C114"":120,""C115"":77,""C116"":101,""C117"":107,""C118"":102,""C119"":20,""C120"":92,""C121"":78,""C122"":76,""C123"":46,""C124"":41,""C125"":118,""C126"":72,""C127"":35,""C128"":74,""C129"":36,""C13"":1,""C130"":190,""C131"":90,""C132"":47,""C133"":135,""C134"":68,""C135"":111,""C136"":147,""C137"":63,""C138"":99,""C139"":8833,""C19"":1,""C25"":2,""C26"":2,""C27"":1,""C28"":2,""C29"":2,""C30"":1,""C32"":1,""C33"":1,""C36"":1,""C38"":1,""C40"":1,""C41"":1,""C43"":3,""C44"":4,""C45"":4,""C47"":3,""C49"":1,""C50"":3,""C51"":2,""C52"":2,""C53"":3,""C54"":2,""C55"":2,""C56"":2,""C57"":2,""C58"":4,""C59"":1,""C60"":1,""C61"":4,""C62"":6,""C63"":7,""C64"":7,""C65"":5,""C66"":8,""C67"":7,""C68"":7,""C69"":11,""C70"":11,""C71"":8,""C72"":6,""C73"":7,""C74"":9,""C75"":7,""C76"":11,""C77"":15,""C78"":43,""C79"":17,""C80"":19,""C81"":68,""C82"":16,""C83"":129,""C84"":56,""C85"":33,""C86"":110,""C87"":95,""C88"":124,""C89"":15,""C90"":74,""C91"":71,""C92"":40,""C93"":106,""C94"":49,""C95"":46,""C96"":98,""C97"":97,""C98"":19,""C99"":75,""E4"":1}"
     29696,         0,     14142,    1.00,PymatchingGapSampler,fa07acd832628ab615a7950e66d49f62ecef29ab8105ac4c978b008bb87ecdec,"{""c"":""compiled-3q-multiplier-3-rotated-HXY"",""d1"":3,""d2"":5,""d3"":9,""noise"":""uniform_atoms"",""p"":0.003}","{""C100"":52,""C101"":50,""C102"":102,""C103"":117,""C104"":76,""C105"":90,""C106"":81,""C107"":117,""C108"":132,""C109"":63,""C110"":74,""C111"":78,""C112"":75,""C113"":88,""C114"":67,""C115"":106,""C116"":201,""C117"":96,""C118"":126,""C119"":65,""C120"":100,""C121"":75,""C122"":69,""C123"":78,""C124"":41,""C125"":113,""C126"":103,""C127"":47,""C128"":83,""C129"":47,""C130"":134,""C131"":89,""C132"":160,""C133"":87,""C134"":98,""C135"":136,""C136"":108,""C137"":33,""C138"":156,""C139"":10257,""C17"":1,""C21"":1,""C22"":1,""C28"":1,""C29"":2,""C34"":1,""C36"":4,""C38"":1,""C40"":2,""C41"":1,""C42"":1,""C43"":1,""C44"":1,""C45"":1,""C47"":5,""C50"":4,""C51"":2,""C52"":5,""C53"":2,""C54"":4,""C55"":4,""C56"":5,""C57"":2,""C58"":4,""C59"":5,""C60"":3,""C61"":6,""C62"":6,""C63"":3,""C64"":6,""C65"":4,""C66"":6,""C67"":5,""C68"":10,""C69"":4,""C70"":5,""C71"":6,""C72"":4,""C73"":5,""C74"":8,""C75"":4,""C76"":9,""C77"":28,""C78"":14,""C79"":17,""C80"":26,""C81"":59,""C82"":9,""C83"":169,""C84"":77,""C85"":6,""C86"":47,""C87"":98,""C88"":84,""C89"":89,""C90"":99,""C91"":56,""C92"":12,""C93"":84,""C94"":62,""C95"":99,""C96"":97,""C97"":39,""C98"":153,""C99"":105}"
     26624,         2,     12091,    1.01,PymatchingGapSampler,48745cbc9d131ede04aad5a664c79653032f86ac364eb54c884fc483279471f7,"{""c"":""compiled-3q-multiplier-2-rotated-HXY"",""d1"":3,""d2"":5,""d3"":9,""noise"":""uniform_atoms"",""p"":0.002}","{""C100"":61,""C101"":48,""C102"":104,""C103"":100,""C104"":66,""C105"":99,""C106"":71,""C107"":119,""C108"":105,""C109"":48,""C110"":69,""C111"":80,""C112"":74,""C113"":72,""C114"":52,""C115"":90,""C116"":188,""C117"":127,""C118"":114,""C119"":52,""C120"":90,""C121"":71,""C122"":50,""C123"":74,""C124"":65,""C125"":98,""C126"":118,""C127"":46,""C128"":70,""C129"":48,""C130"":110,""C131"":51,""C132"":134,""C133"":131,""C134"":97,""C135"":96,""C136"":173,""C137"":22,""C138"":129,""C139"":9526,""C14"":1,""C15"":1,""C20"":1,""C21"":1,""C24"":2,""C26"":1,""C31"":1,""C33"":3,""C34"":3,""C36"":1,""C37"":1,""C38"":4,""C39"":3,""C40"":2,""C41"":1,""C42"":1,""C43"":1,""C44"":2,""C45"":2,""C46"":1,""C47"":1,""C48"":2,""C50"":1,""C51"":2,""C52"":2,""C53"":4,""C54"":3,""C55"":6,""C56"":2,""C57"":1,""C58"":5,""C59"":3,""C60"":4,""C61"":8,""C62"":6,""C63"":10,""C64"":10,""C65"":9,""C66"":4,""C67"":2,""C68"":12,""C69"":7,""C70"":7,""C71"":2,""C72"":11,""C73"":7,""C74"":9,""C75"":7,""C76"":10,""C77"":26,""C78"":18,""C79"":18,""C80"":25,""C81"":55,""C82"":3,""C83"":171,""C84"":76,""C85"":3,""C86"":30,""C87"":110,""C88"":76,""C89"":37,""C90"":128,""C91"":51,""C92"":18,""C93"":90,""C94"":97,""C95"":25,""C96"":75,""C97"":62,""C98"":115,""C99"":94,""E23"":1,""E6"":1}"
     24576,         0,     10814,    1.01,PymatchingGapSampler,3b6c05e615564709dbfa395808f2e19641a9b1a0d8cff5bf6b0c54daa36894dc,"{""c"":""compiled-3q-multiplier-1-rotated-HXY"",""d1"":3,""d2"":5,""d3"":9,""noise"":""uniform_atoms"",""p"":0.001}","{""C100"":91,""C101"":57,""C102"":77,""C103"":132,""C104"":64,""C105"":47,""C106"":113,""C107"":73,""C108"":148,""C109"":48,""C110"":50,""C111"":112,""C112"":80,""C113"":57,""C114"":81,""C115"":75,""C116"":95,""C117"":157,""C118"":109,""C119"":51,""C120"":92,""C121"":53,""C122"":62,""C123"":68,""C124"":30,""C125"":109,""C126"":102,""C127"":54,""C128"":66,""C129"":64,""C130"":107,""C131"":48,""C132"":98,""C133"":131,""C134"":94,""C135"":95,""C136"":176,""C137"":23,""C138"":160,""C139"":8983,""C22"":1,""C25"":1,""C26"":1,""C27"":1,""C28"":1,""C29"":1,""C31"":2,""C32"":1,""C33"":1,""C36"":3,""C37"":2,""C38"":2,""C39"":3,""C4"":1,""C40"":1,""C42"":1,""C43"":1,""C44"":1,""C45"":2,""C47"":5,""C48"":2,""C50"":2,""C51"":2,""C52"":1,""C53"":2,""C54"":2,""C55"":4,""C56"":3,""C57"":2,""C58"":1,""C59"":3,""C60"":6,""C61"":3,""C62"":5,""C63"":5,""C64"":3,""C65"":9,""C66"":7,""C67"":8,""C68"":13,""C69"":6,""C70"":10,""C71"":12,""C72"":3,""C73"":9,""C74"":4,""C75"":11,""C76"":9,""C77"":19,""C78"":16,""C79"":5,""C80"":29,""C81"":66,""C82"":10,""C83"":150,""C84"":67,""C85"":4,""C86"":35,""C87"":79,""C88"":78,""C89"":27,""C90"":124,""C91"":60,""C92"":13,""C93"":55,""C94"":86,""C95"":40,""C96"":54,""C97"":68,""C98"":74,""C99"":92}"
         1,         0,         1,   0.015,PymatchingGapSampler,48745cbc9d131ede04aad5a664c79653032f86ac364eb54c884fc483279471f7,"{""c"":""compiled-3q-multiplier-2-rotated-HXY"",""d1"":3,""d2"":5,""d3"":9,""noise"":""uniform_atoms"",""p"":0.002}",
        17,         0,        10,   0.007,PymatchingGapSampler,b5ef05b24abc92d86d9495c0b40efa77873b4d4896413cdea267f9f052052b98,"{""c"":""compiled-3q-multiplier-16-rotated-HXY"",""d1"":3,""d2"":5,""d3"":9,""noise"":""uniform_atoms"",""p"":0.016}","{""C102"":1,""C118"":1,""C138"":4,""C83"":1}"
       273,         0,       130,   0.021,PymatchingGapSampler,fa07acd832628ab615a7950e66d49f62ecef29ab8105ac4c978b008bb87ecdec,"{""c"":""compiled-3q-multiplier-3-rotated-HXY"",""d1"":3,""d2"":5,""d3"":9,""noise"":""uniform_atoms"",""p"":0.003}","{""C102"":1,""C103"":1,""C105"":1,""C106"":1,""C107"":1,""C108"":1,""C110"":1,""C111"":1,""C112"":1,""C113"":2,""C115"":2,""C116"":2,""C117"":1,""C118"":2,""C120"":1,""C121"":1,""C123"":2,""C124"":2,""C125"":2,""C126"":1,""C128"":2,""C129"":1,""C130"":2,""C132"":3,""C133"":2,""C135"":2,""C138"":4,""C139"":81,""C52"":1,""C66"":1,""C78"":2,""C81"":4,""C83"":2,""C88"":1,""C89"":2,""C93"":1,""C94"":1,""C95"":1,""C96"":2,""C99"":1}"
      1280,         0,       817,   0.031,PymatchingGapSampler,b5ef05b24abc92d86d9495c0b40efa77873b4d4896413cdea267f9f052052b98,"{""c"":""compiled-3q-multiplier-16-rotated-HXY"",""d1"":3,""d2"":5,""d3"":9,""noise"":""uniform_atoms"",""p"":0.016}","{""C101"":1,""C102"":2,""C103"":4,""C104"":1,""C105"":2,""C106"":4,""C107"":2,""C108"":3,""C109"":1,""C110"":2,""C111"":1,""C112"":2,""C114"":3,""C115"":1,""C116"":8,""C117"":1,""C118"":3,""C120"":5,""C121"":5,""C122"":2,""C123"":1,""C125"":5,""C126"":3,""C127"":1,""C128"":8,""C129"":6,""C130"":4,""C131"":2,""C133"":3,""C135"":8,""C136"":2,""C137"":2,""C138"":300,""C38"":1,""C40"":1,""C63"":1,""C74"":1,""C75"":2,""C76"":1,""C77"":5,""C78"":2,""C81"":6,""C82"":1,""C83"":3,""C84"":3,""C85"":5,""C86"":1,""C87"":8,""C89"":1,""C90"":2,""C91"":2,""C93"":1,""C94"":2,""C96"":8,""C98"":1,""C99"":7}"
      1296,         0,       567,   0.053,PymatchingGapSampler,48745cbc9d131ede04aad5a664c79653032f86ac364eb54c884fc483279471f7,"{""c"":""compiled-3q-multiplier-2-rotated-HXY"",""d1"":3,""d2"":5,""d3"":9,""noise"":""uniform_atoms"",""p"":0.002}","{""C100"":3,""C101"":1,""C102"":4,""C103"":3,""C104"":2,""C105"":2,""C106"":1,""C107"":3,""C108"":4,""C109"":2,""C110"":5,""C111"":5,""C112"":7,""C113"":7,""C114"":5,""C115"":7,""C116"":5,""C117"":1,""C118"":9,""C119"":3,""C120"":4,""C121"":6,""C122"":4,""C123"":8,""C124"":2,""C125"":6,""C126"":6,""C127"":1,""C128"":7,""C129"":2,""C130"":4,""C131"":6,""C132"":7,""C133"":4,""C134"":5,""C135"":3,""C136"":5,""C137"":2,""C138"":11,""C139"":481,""C41"":1,""C57"":1,""C58"":1,""C63"":1,""C64"":2,""C68"":1,""C71"":1,""C78"":1,""C80"":2,""C81"":3,""C83"":9,""C84"":3,""C85"":1,""C87"":5,""C88"":2,""C89"":2,""C90"":7,""C91"":6,""C92"":2,""C93"":3,""C94"":5,""C95"":2,""C96"":1,""C97"":5,""C98"":4,""C99"":5}"
      1024,         0,       664,   0.020,PymatchingGapSampler,b5ef05b24abc92d86d9495c0b40efa77873b4d4896413cdea267f9f052052b98,"{""c"":""compiled-3q-multiplier-16-rotated-HXY"",""d1"":3,""d2"":5,""d3"":9,""noise"":""uniform_atoms"",""p"":0.016}","{""C102"":5,""C103"":4,""C104"":3,""C105"":2,""C107"":1,""C108"":1,""C110"":2,""C111"":1,""C112"":2,""C113"":1,""C114"":1,""C115"":1,""C116"":5,""C118"":3,""C119"":3,""C120"":5,""C121"":2,""C123"":1,""C125"":8,""C126"":2,""C128"":3,""C129"":2,""C130"":2,""C132"":5,""C133"":4,""C134"":3,""C135"":5,""C136"":3,""C137"":2,""C138"":230,""C48"":1,""C54"":1,""C59"":1,""C66"":1,""C68"":1,""C74"":1,""C77"":2,""C79"":1,""C80"":1,""C81"":1,""C82"":1,""C83"":2,""C85"":2,""C86"":2,""C87"":3,""C88"":1,""C90"":4,""C91"":1,""C92"":2,""C93"":2,""C94"":2,""C95"":1,""C96"":10,""C99"":4}"
      1024,         0,       472,   0.032,PymatchingGapSampler,fa07acd832628ab615a7950e66d49f62ecef29ab8105ac4c978b008bb87ecdec,"{""c"":""compiled-3q-multiplier-3-rotated-HXY"",""d1"":3,""d2"":5,""d3"":9,""noise"":""uniform_atoms"",""p"":0.003}","{""C101"":1,""C102"":5,""C103"":3,""C104"":3,""C105"":4,""C106"":2,""C107"":6,""C108"":10,""C109"":3,""C110"":3,""C111"":2,""C112"":5,""C113"":6,""C114"":2,""C115"":5,""C116"":10,""C117"":2,""C118"":5,""C119"":3,""C120"":3,""C121"":2,""C122"":5,""C123"":3,""C124"":1,""C125"":4,""C126"":3,""C128"":1,""C129"":1,""C130"":3,""C131"":3,""C132"":10,""C133"":4,""C134"":1,""C135"":7,""C136"":3,""C137"":1,""C138"":5,""C139"":362,""C32"":1,""C37"":1,""C47"":1,""C53"":1,""C62"":2,""C70"":1,""C78"":3,""C79"":2,""C80"":1,""C81"":2,""C83"":6,""C84"":3,""C86"":1,""C87"":3,""C88"":2,""C89"":2,""C90"":3,""C93"":4,""C95"":3,""C96"":2,""C98"":2,""C99"":4}"
      1024,         0,       456,   0.030,PymatchingGapSampler,48745cbc9d131ede04aad5a664c79653032f86ac364eb54c884fc483279471f7,"{""c"":""compiled-3q-multiplier-2-rotated-HXY"",""d1"":3,""d2"":5,""d3"":9,""noise"":""uniform_atoms"",""p"":0.002}","{""C100"":5,""C101"":2,""C102"":5,""C103"":2,""C105"":5,""C106"":4,""C107"":5,""C108"":7,""C109"":1,""C110"":6,""C111"":2,""C112"":3,""C113"":2,""C114"":1,""C115"":8,""C116"":1,""C117"":4,""C118"":2,""C119"":4,""C120"":3,""C121"":2,""C122"":1,""C123"":2,""C124"":2,""C125"":2,""C126"":7,""C127"":4,""C128"":1,""C129"":1,""C130"":9,""C131"":2,""C132"":6,""C133"":2,""C134"":7,""C135"":2,""C136"":9,""C137"":1,""C138"":2,""C139"":354,""C33"":1,""C41"":1,""C44"":1,""C58"":1,""C59"":1,""C61"":1,""C64"":1,""C67"":1,""C71"":1,""C73"":1,""C74"":1,""C77"":1,""C78"":1,""C79"":1,""C80"":3,""C81"":3,""C83"":8,""C84"":8,""C87"":3,""C88"":6,""C90"":5,""C91"":3,""C93"":3,""C94"":3,""C95"":1,""C96"":4,""C97"":2,""C98"":10,""C99"":4}"
       273,         0,       165,   0.009,PymatchingGapSampler,4a3d7bda5757f7bb69a442074b5181897af381a3b4dbe9ab72cc3997cc72a4c6,"{""c"":""compiled-3q-multiplier-12-rotated-HXY"",""d1"":3,""d2"":5,""d3"":9,""noise"":""uniform_atoms"",""p"":0.012}","{""C101"":1,""C103"":1,""C108"":3,""C111"":1,""C113"":1,""C117"":1,""C118"":1,""C120"":3,""C122"":1,""C128"":1,""C130"":1,""C132"":1,""C133"":2,""C134"":1,""C137"":1,""C139"":77,""C67"":1,""C71"":1,""C83"":1,""C86"":1,""C88"":2,""C95"":2,""C96"":1,""C97"":2}"
      1024,         0,       475,   0.038,PymatchingGapSampler,fa07acd832628ab615a7950e66d49f62ecef29ab8105ac4c978b008bb87ecdec,"{""c"":""compiled-3q-multiplier-3-rotated-HXY"",""d1"":3,""d2"":5,""d3"":9,""noise"":""uniform_atoms"",""p"":0.003}","{""C100"":1,""C102"":7,""C103"":5,""C104"":1,""C105"":5,""C106"":4,""C107"":6,""C108"":5,""C109"":3,""C110"":6,""C111"":5,""C112"":1,""C113"":3,""C114"":3,""C116"":6,""C117"":4,""C118"":5,""C119"":1,""C121"":4,""C122"":2,""C123"":7,""C124"":1,""C125"":1,""C126"":7,""C127"":2,""C128"":8,""C129"":2,""C130"":1,""C131"":2,""C132"":6,""C133"":2,""C134"":6,""C135"":4,""C136"":7,""C137"":1,""C138"":5,""C139"":348,""C34"":1,""C39"":1,""C61"":1,""C62"":1,""C71"":1,""C73"":2,""C74"":1,""C78"":1,""C79"":2,""C80"":2,""C81"":3,""C83"":9,""C84"":3,""C86"":3,""C87"":2,""C88"":2,""C89"":1,""C90"":4,""C91"":4,""C92"":1,""C93"":3,""C94"":1,""C95"":2,""C96"":4,""C97"":1,""C98"":2,""C99"":4}"
      1024,         0,       450,   0.030,PymatchingGapSampler,48745cbc9d131ede04aad5a664c79653032f86ac364eb54c884fc483279471f7,"{""c"":""compiled-3q-multiplier-2-rotated-HXY"",""d1"":3,""d2"":5,""d3"":9,""noise"":""uniform_atoms"",""p"":0.002}","{""C100"":1,""C101"":1,""C102"":2,""C103"":6,""C104"":3,""C105"":2,""C106"":3,""C108"":9,""C109"":5,""C110"":5,""C111"":3,""C112"":1,""C113"":2,""C114"":3,""C115"":7,""C116"":7,""C117"":4,""C118"":7,""C119"":3,""C120"":3,""C121"":4,""C122"":1,""C123"":2,""C124"":4,""C125"":7,""C126"":3,""C127"":1,""C128"":4,""C129"":2,""C130"":4,""C132"":4,""C133"":6,""C134"":3,""C135"":1,""C136"":5,""C138"":5,""C139"":381,""C66"":1,""C69"":1,""C71"":1,""C72"":1,""C74"":1,""C77"":1,""C78"":2,""C81"":2,""C83"":11,""C84"":2,""C86"":1,""C87"":4,""C88"":1,""C89"":3,""C90"":6,""C91"":2,""C93"":1,""C94"":2,""C95"":2,""C96"":3,""C97"":2,""C98"":6,""C99"":4}"
      2048,         0,      1333,   0.055,PymatchingGapSampler,b5ef05b24abc92d86d9495c0b40efa77873b4d4896413cdea267f9f052052b98,"{""c"":""compiled-3q-multiplier-16-rotated-HXY"",""d1"":3,""d2"":5,""d3"":9,""noise"":""uniform_atoms"",""p"":0.016}","{""C101"":1,""C102"":6,""C103"":2,""C105"":5,""C106"":3,""C107"":1,""C108"":1,""C109"":1,""C110"":1,""C111"":1,""C112"":4,""C113"":4,""C114"":4,""C115"":2,""C116"":11,""C117"":2,""C118"":5,""C119"":1,""C120"":6,""C121"":1,""C122"":1,""C123"":5,""C124"":1,""C125"":5,""C126"":4,""C128"":2,""C129"":6,""C130"":6,""C131"":2,""C132"":3,""C133"":5,""C134"":6,""C135"":9,""C136"":3,""C137"":2,""C138"":489,""C26"":1,""C30"":1,""C63"":1,""C64"":1,""C67"":1,""C71"":3,""C76"":1,""C77"":2,""C78"":1,""C79"":1,""C81"":4,""C82"":8,""C83"":5,""C84"":3,""C85"":5,""C86"":5,""C87"":6,""C88"":7,""C90"":7,""C91"":1,""C92"":4,""C93"":2,""C94"":5,""C95"":2,""C96"":10,""C97"":2,""C98"":3,""C99"":12}"
      1024,         0,       607,   0.029,PymatchingGapSampler,4a3d7bda5757f7bb69a442074b5181897af381a3b4dbe9ab72cc3997cc72a4c6,"{""c"":""compiled-3q-multiplier-12-rotated-HXY"",""d1"":3,""d2"":5,""d3"":9,""noise"":""uniform_atoms"",""p"":0.012}","{""C100"":1,""C102"":1,""C103"":6,""C105"":2,""C106"":2,""C107"":1,""C108"":3,""C110"":2,""C111"":1,""C112"":2,""C113"":3,""C114"":3,""C115"":6,""C116"":2,""C117"":1,""C118"":4,""C119"":1,""C120"":2,""C121"":5,""C122"":2,""C124"":2,""C125"":2,""C126"":2,""C127"":1,""C128"":1,""C129"":2,""C130"":8,""C131"":2,""C132"":1,""C133"":2,""C134"":2,""C135"":9,""C136"":8,""C137"":1,""C138"":2,""C139"":266,""C20"":1,""C58"":1,""C61"":1,""C64"":1,""C65"":1,""C68"":1,""C69"":1,""C71"":1,""C73"":1,""C77"":1,""C79"":2,""C80"":1,""C81"":2,""C82"":1,""C83"":6,""C86"":4,""C87"":2,""C88"":1,""C91"":5,""C92"":2,""C93"":8,""C94"":3,""C95"":2,""C96"":1,""C97"":3,""C98"":1,""C99"":2}"
      1024,         0,       487,   0.035,PymatchingGapSampler,fa07acd832628ab615a7950e66d49f62ecef29ab8105ac4c978b008bb87ecdec,"{""c"":""compiled-3q-multiplier-3-rotated-HXY"",""d1"":3,""d2"":5,""d3"":9,""noise"":""uniform_atoms"",""p"":0.003}","{""C100"":2,""C101"":2,""C102"":3,""C103"":6,""C104"":2,""C105"":3,""C106"":2,""C107"":1,""C108"":3,""C109"":1,""C110"":2,""C111"":2,""C112"":1,""C113"":2,""C114"":2,""C115"":5,""C116"":7,""C117"":3,""C118"":4,""C119"":3,""C120"":5,""C121"":2,""C123"":3,""C124"":1,""C125"":2,""C126"":6,""C127"":1,""C128"":2,""C129"":1,""C130"":5,""C131"":4,""C132"":4,""C133"":5,""C134"":5,""C135"":9,""C136"":6,""C138"":7,""C139"":353,""C35"":1,""C45"":1,""C63"":1,""C65"":1,""C75"":1,""C77"":2,""C79"":1,""C80"":4,""C81"":1,""C82"":1,""C83"":4,""C86"":5,""C87"":5,""C88"":5,""C89"":3,""C90"":6,""C91"":3,""C92"":1,""C93"":8,""C94"":1,""C95"":1,""C98"":2,""C99"":2}"
      1024,         0,       611,   0.030,PymatchingGapSampler,4a3d7bda5757f7bb69a442074b5181897af381a3b4dbe9ab72cc3997cc72a4c6,"{""c"":""compiled-3q-multiplier-12-rotated-HXY"",""d1"":3,""d2"":5,""d3"":9,""noise"":""uniform_atoms"",""p"":0.012}","{""C100"":5,""C102"":4,""C103"":2,""C105"":2,""C106"":3,""C107"":2,""C108"":3,""C109"":2,""C110"":3,""C111"":4,""C112"":2,""C113"":4,""C114"":4,""C115"":3,""C116"":3,""C117"":6,""C118"":5,""C120"":4,""C121"":3,""C122"":1,""C125"":4,""C126"":3,""C128"":4,""C130"":3,""C131"":4,""C132"":3,""C133"":3,""C134"":2,""C135"":4,""C136"":6,""C137"":4,""C138"":2,""C139"":260,""C47"":1,""C53"":1,""C69"":1,""C73"":1,""C77"":4,""C78"":4,""C80"":2,""C81"":2,""C82"":1,""C83"":1,""C84"":1,""C86"":3,""C87"":2,""C88"":2,""C90"":2,""C91"":3,""C92"":2,""C93"":2,""C94"":1,""C96"":3,""C97"":3,""C98"":1,""C99"":3}"
      1024,         0,       477,   0.045,PymatchingGapSampler,48745cbc9d131ede04aad5a664c79653032f86ac364eb54c884fc483279471f7,"{""c"":""compiled-3q-multiplier-2-rotated-HXY"",""d1"":3,""d2"":5,""d3"":9,""noise"":""uniform_atoms"",""p"":0.002}","{""C100"":2,""C101"":3,""C102"":7,""C103"":4,""C104"":1,""C105"":4,""C106"":3,""C107"":2,""C108"":6,""C109"":2,""C110"":3,""C111"":3,""C112"":2,""C113"":3,""C114"":1,""C115"":4,""C116"":6,""C117"":7,""C118"":7,""C119"":3,""C120"":2,""C121"":4,""C122"":3,""C123"":4,""C124"":1,""C125"":4,""C126"":4,""C127"":2,""C128"":2,""C129"":5,""C130"":6,""C131"":1,""C132"":5,""C133"":4,""C134"":3,""C135"":1,""C136"":5,""C138"":8,""C139"":349,""C43"":2,""C56"":1,""C69"":1,""C71"":1,""C73"":1,""C77"":2,""C78"":1,""C80"":4,""C81"":1,""C82"":1,""C83"":6,""C84"":1,""C86"":1,""C87"":3,""C88"":3,""C90"":5,""C91"":3,""C92"":1,""C93"":5,""C94"":2,""C95"":1,""C96"":2,""C97"":2,""C98"":5,""C99"":6}"
      2048,         0,      1330,   0.055,PymatchingGapSampler,b5ef05b24abc92d86d9495c0b40efa77873b4d4896413cdea267f9f052052b98,"{""c"":""compiled-3q-multiplier-16-rotated-HXY"",""d1"":3,""d2"":5,""d3"":9,""noise"":""uniform_atoms"",""p"":0.016}","{""C101"":2,""C102"":10,""C103"":4,""C104"":1,""C105"":1,""C106"":1,""C107"":6,""C108"":6,""C109"":3,""C110"":3,""C112"":2,""C113"":9,""C114"":4,""C115"":6,""C116"":19,""C117"":3,""C118"":2,""C119"":3,""C120"":5,""C121"":3,""C122"":2,""C123"":1,""C124"":4,""C125"":3,""C126"":5,""C127"":1,""C128"":4,""C129"":7,""C130"":6,""C131"":4,""C132"":4,""C133"":6,""C134"":6,""C135"":7,""C136"":3,""C138"":486,""C34"":1,""C52"":1,""C53"":1,""C58"":1,""C67"":1,""C70"":1,""C72"":1,""C77"":1,""C79"":1,""C81"":2,""C82"":2,""C83"":4,""C84"":3,""C85"":4,""C87"":6,""C88"":3,""C90"":12,""C91"":1,""C92"":3,""C93"":2,""C94"":4,""C95"":2,""C96"":8,""C97"":1,""C99"":10}"
       273,         0,       122,   0.030,PymatchingGapSampler,3b6c05e615564709dbfa395808f2e19641a9b1a0d8cff5bf6b0c54daa36894dc,"{""c"":""compiled-3q-multiplier-1-rotated-HXY"",""d1"":3,""d2"":5,""d3"":9,""noise"":""uniform_atoms"",""p"":0.001}","{""C100"":3,""C103"":1,""C104"":1,""C105"":1,""C108"":5,""C111"":1,""C112"":1,""C113"":1,""C115"":4,""C117"":2,""C118"":1,""C124"":1,""C125"":1,""C126"":2,""C127"":1,""C129"":1,""C130"":1,""C133"":1,""C134"":1,""C136"":2,""C138"":1,""C139"":108,""C55"":1,""C78"":1,""C81"":2,""C88"":4,""C90"":1,""C99"":1}"
      1024,         0,       607,   0.029,PymatchingGapSampler,4a3d7bda5757f7bb69a442074b5181897af381a3b4dbe9ab72cc3997cc72a4c6,"{""c"":""compiled-3q-multiplier-12-rotated-HXY"",""d1"":3,""d2"":5,""d3"":9,""noise"":""uniform_atoms"",""p"":0.012}","{""C100"":2,""C102"":4,""C103"":2,""C105"":3,""C106"":3,""C108"":5,""C109"":3,""C111"":6,""C112"":4,""C114"":8,""C115"":5,""C116"":2,""C117"":5,""C118"":1,""C119"":1,""C120"":3,""C121"":3,""C122"":2,""C123"":3,""C125"":3,""C126"":1,""C127"":2,""C128"":6,""C129"":1,""C130"":8,""C131"":3,""C132"":2,""C133"":3,""C134"":2,""C135"":2,""C136"":5,""C137"":4,""C139"":266,""C56"":1,""C64"":1,""C67"":1,""C71"":1,""C78"":2,""C81"":6,""C82"":1,""C83"":5,""C85"":2,""C86"":1,""C87"":2,""C88"":4,""C89"":1,""C90"":2,""C91"":2,""C93"":2,""C94"":2,""C96"":5,""C97"":1,""C99"":2}"
      1024,         0,       464,   0.031,PymatchingGapSampler,3b6c05e615564709dbfa395808f2e19641a9b1a0d8cff5bf6b0c54daa36894dc,"{""c"":""compiled-3q-multiplier-1-rotated-HXY"",""d1"":3,""d2"":5,""d3"":9,""noise"":""uniform_atoms"",""p"":0.001}","{""C100"":6,""C101"":4,""C102"":2,""C103"":4,""C104"":3,""C105"":1,""C106"":5,""C107"":2,""C108"":7,""C109"":2,""C110"":1,""C111"":1,""C112"":4,""C113"":2,""C114"":5,""C115"":4,""C116"":6,""C117"":6,""C118"":3,""C119"":3,""C120"":5,""C121"":3,""C122"":1,""C123"":1,""C124"":2,""C125"":3,""C126"":3,""C127"":2,""C128"":4,""C129"":3,""C130"":6,""C131"":4,""C132"":3,""C133"":5,""C134"":7,""C135"":3,""C136"":6,""C137"":3,""C138"":9,""C139"":373,""C54"":1,""C58"":2,""C62"":1,""C70"":1,""C75"":1,""C77"":1,""C80"":1,""C81"":5,""C82"":1,""C83"":5,""C84"":3,""C87"":2,""C89"":2,""C90"":4,""C91"":3,""C93"":1,""C94"":4,""C95"":1,""C97"":2,""C98"":1,""C99"":1}"
      2048,         0,       915,   0.061,PymatchingGapSampler,48745cbc9d131ede04aad5a664c79653032f86ac364eb54c884fc483279471f7,"{""c"":""compiled-3q-multiplier-2-rotated-HXY"",""d1"":3,""d2"":5,""d3"":9,""noise"":""uniform_atoms"",""p"":0.002}","{""C100"":3,""C101"":5,""C102"":10,""C103"":2,""C104"":8,""C105"":12,""C106"":8,""C107"":12,""C108"":4,""C109"":5,""C110"":2,""C111"":5,""C112"":3,""C113"":7,""C114"":3,""C115"":5,""C116"":10,""C117"":7,""C118"":10,""C119"":6,""C120"":15,""C121"":4,""C122"":5,""C123"":1,""C124"":3,""C125"":11,""C126"":11,""C127"":3,""C128"":4,""C129"":3,""C130"":8,""C131"":8,""C132"":12,""C133"":5,""C134"":7,""C135"":10,""C136"":8,""C137"":5,""C138"":15,""C139"":731,""C25"":1,""C34"":1,""C48"":1,""C51"":1,""C53"":1,""C54"":1,""C58"":1,""C59"":1,""C60"":1,""C65"":1,""C70"":1,""C72"":1,""C74"":2,""C75"":2,""C77"":3,""C79"":2,""C80"":3,""C81"":4,""C83"":17,""C84"":5,""C86"":2,""C87"":8,""C88"":7,""C89"":2,""C90"":7,""C91"":3,""C92"":1,""C93"":9,""C94"":5,""C95"":3,""C96"":7,""C97"":7,""C98"":13,""C99"":13}"
      2048,         0,       961,   0.086,PymatchingGapSampler,fa07acd832628ab615a7950e66d49f62ecef29ab8105ac4c978b008bb87ecdec,"{""c"":""compiled-3q-multiplier-3-rotated-HXY"",""d1"":3,""d2"":5,""d3"":9,""noise"":""uniform_atoms"",""p"":0.003}","{""C100"":7,""C101"":1,""C102"":5,""C103"":6,""C104"":2,""C105"":5,""C106"":5,""C107"":9,""C108"":6,""C109"":8,""C110"":3,""C111"":1,""C112"":9,""C113"":8,""C114"":3,""C115"":6,""C116"":10,""C117"":3,""C118"":6,""C119"":3,""C120"":9,""C121"":4,""C122"":4,""C123"":7,""C125"":11,""C126"":8,""C127"":6,""C128"":7,""C129"":7,""C130"":11,""C131"":4,""C132"":14,""C133"":6,""C134"":10,""C135"":12,""C136"":4,""C137"":7,""C138"":10,""C139"":708,""C34"":1,""C45"":1,""C60"":1,""C61"":1,""C68"":1,""C70"":1,""C73"":2,""C74"":1,""C75"":1,""C76"":1,""C77"":3,""C78"":1,""C79"":1,""C81"":5,""C83"":16,""C84"":7,""C86"":3,""C87"":7,""C88"":7,""C89"":9,""C90"":12,""C91"":4,""C92"":2,""C93"":6,""C94"":4,""C95"":11,""C96"":6,""C97"":3,""C98"":9,""C99"":5}"
      2048,         0,      1245,   0.054,PymatchingGapSampler,4a3d7bda5757f7bb69a442074b5181897af381a3b4dbe9ab72cc3997cc72a4c6,"{""c"":""compiled-3q-multiplier-12-rotated-HXY"",""d1"":3,""d2"":5,""d3"":9,""noise"":""uniform_atoms"",""p"":0.012}","{""C100"":6,""C101"":1,""C102"":5,""C103"":7,""C104"":2,""C105"":9,""C106"":4,""C107"":2,""C108"":9,""C109"":3,""C110"":2,""C111"":4,""C112"":2,""C113"":1,""C114"":8,""C115"":5,""C116"":4,""C117"":9,""C118"":5,""C119"":2,""C120"":7,""C121"":6,""C122"":6,""C123"":2,""C125"":12,""C126"":4,""C127"":1,""C128"":8,""C130"":7,""C131"":5,""C132"":3,""C133"":11,""C134"":3,""C135"":4,""C136"":13,""C137"":5,""C138"":8,""C139"":510,""C16"":1,""C55"":2,""C57"":1,""C58"":1,""C62"":1,""C67"":1,""C73"":1,""C74"":1,""C78"":1,""C79"":1,""C80"":1,""C81"":4,""C83"":10,""C85"":3,""C86"":7,""C87"":11,""C88"":6,""C89"":2,""C90"":3,""C91"":7,""C92"":3,""C93"":7,""C94"":5,""C95"":1,""C96"":7,""C97"":5,""C98"":1,""C99"":4}"
      3072,         0,      1978,   0.068,PymatchingGapSampler,b5ef05b24abc92d86d9495c0b40efa77873b4d4896413cdea267f9f052052b98,"{""c"":""compiled-3q-multiplier-16-rotated-HXY"",""d1"":3,""d2"":5,""d3"":9,""noise"":""uniform_atoms"",""p"":0.016}","{""C100"":3,""C101"":6,""C102"":12,""C103"":6,""C104"":2,""C105"":5,""C106"":11,""C107"":7,""C108"":8,""C109"":5,""C110"":7,""C111"":8,""C112"":10,""C113"":3,""C114"":3,""C115"":4,""C116"":10,""C117"":6,""C118"":3,""C119"":2,""C120"":16,""C121"":6,""C123"":5,""C124"":1,""C125"":7,""C126"":5,""C127"":1,""C128"":12,""C129"":11,""C130"":9,""C131"":3,""C132"":10,""C133"":8,""C134"":6,""C135"":21,""C136"":8,""C137"":3,""C138"":684,""C28"":1,""C45"":1,""C53"":1,""C54"":1,""C57"":1,""C62"":1,""C63"":1,""C64"":1,""C65"":1,""C66"":1,""C67"":2,""C72"":1,""C73"":2,""C74"":1,""C75"":1,""C76"":1,""C77"":8,""C78"":2,""C79"":1,""C80"":1,""C81"":4,""C82"":7,""C83"":4,""C84"":7,""C85"":9,""C86"":4,""C87"":12,""C88"":9,""C89"":1,""C90"":10,""C91"":5,""C92"":11,""C93"":3,""C94"":5,""C95"":3,""C96"":13,""C97"":2,""C98"":4,""C99"":14}"
      1024,         0,       480,   0.039,PymatchingGapSampler,3b6c05e615564709dbfa395808f2e19641a9b1a0d8cff5bf6b0c54daa36894dc,"{""c"":""compiled-3q-multiplier-1-rotated-HXY"",""d1"":3,""d2"":5,""d3"":9,""noise"":""uniform_atoms"",""p"":0.001}","{""C100"":5,""C101"":2,""C102"":1,""C103"":10,""C104"":1,""C105"":4,""C106"":6,""C108"":8,""C109"":1,""C110"":2,""C111"":4,""C112"":4,""C113"":3,""C114"":2,""C115"":2,""C116"":4,""C117"":8,""C118"":6,""C120"":3,""C121"":7,""C122"":3,""C123"":4,""C125"":4,""C126"":4,""C127"":1,""C128"":6,""C129"":1,""C130"":2,""C131"":5,""C132"":5,""C133"":3,""C134"":2,""C135"":5,""C136"":7,""C138"":5,""C139"":352,""C54"":1,""C61"":2,""C66"":1,""C68"":1,""C69"":1,""C71"":1,""C72"":1,""C73"":1,""C74"":1,""C75"":1,""C77"":1,""C81"":2,""C82"":1,""C83"":4,""C84"":1,""C87"":4,""C88"":2,""C89"":1,""C90"":4,""C91"":1,""C93"":2,""C94"":5,""C95"":5,""C96"":2,""C97"":2,""C98"":3,""C99"":1}"
      2048,         0,       968,   0.056,PymatchingGapSampler,fa07acd832628ab615a7950e66d49f62ecef29ab8105ac4c978b008bb87ecdec,"{""c"":""compiled-3q-multiplier-3-rotated-HXY"",""d1"":3,""d2"":5,""d3"":9,""noise"":""uniform_atoms"",""p"":0.003}","{""C100"":4,""C101"":3,""C102"":7,""C103"":9,""C104"":2,""C105"":8,""C106"":6,""C107"":11,""C108"":10,""C109"":1,""C110"":10,""C111"":5,""C112"":9,""C113"":3,""C114"":3,""C115"":10,""C116"":12,""C117"":5,""C118"":10,""C119"":7,""C120"":6,""C121"":7,""C122"":5,""C123"":6,""C124"":5,""C125"":9,""C126"":12,""C127"":1,""C128"":5,""C129"":3,""C130"":7,""C131"":6,""C132"":10,""C133"":8,""C134"":11,""C135"":8,""C136"":7,""C137"":1,""C138"":11,""C139"":679,""C32"":1,""C43"":1,""C50"":1,""C53"":1,""C58"":1,""C60"":1,""C61"":1,""C64"":2,""C65"":1,""C66"":1,""C70"":3,""C71"":3,""C72"":1,""C73"":1,""C74"":1,""C75"":1,""C78"":1,""C79"":3,""C80"":3,""C81"":4,""C82"":1,""C83"":13,""C84"":3,""C85"":1,""C86"":3,""C87"":10,""C88"":8,""C89"":2,""C90"":16,""C91"":4,""C92"":2,""C93"":2,""C94"":4,""C95"":8,""C96"":13,""C97"":1,""C98"":9,""C99"":6}"
      1024,         0,       448,   0.038,PymatchingGapSampler,3b6c05e615564709dbfa395808f2e19641a9b1a0d8cff5bf6b0c54daa36894dc,"{""c"":""compiled-3q-multiplier-1-rotated-HXY"",""d1"":3,""d2"":5,""d3"":9,""noise"":""uniform_atoms"",""p"":0.001}","{""C100"":6,""C101"":2,""C102"":2,""C103"":7,""C104"":4,""C105"":3,""C106"":9,""C107"":4,""C108"":7,""C109"":1,""C110"":1,""C111"":3,""C112"":2,""C113"":4,""C114"":4,""C115"":6,""C116"":6,""C117"":11,""C118"":8,""C119"":3,""C121"":4,""C122"":5,""C123"":1,""C124"":1,""C125"":5,""C126"":2,""C127"":1,""C128"":3,""C129"":6,""C130"":3,""C131"":3,""C132"":6,""C133"":3,""C134"":1,""C135"":5,""C136"":5,""C137"":1,""C138"":13,""C139"":360,""C31"":1,""C36"":1,""C58"":1,""C63"":1,""C68"":1,""C69"":1,""C75"":2,""C80"":1,""C81"":2,""C83"":3,""C84"":4,""C87"":5,""C88"":2,""C89"":2,""C90"":7,""C91"":4,""C93"":3,""C94"":4,""C96"":2,""C97"":3,""C98"":4,""C99"":1}"
      2048,         0,      1236,   0.061,PymatchingGapSampler,4a3d7bda5757f7bb69a442074b5181897af381a3b4dbe9ab72cc3997cc72a4c6,"{""c"":""compiled-3q-multiplier-12-rotated-HXY"",""d1"":3,""d2"":5,""d3"":9,""noise"":""uniform_atoms"",""p"":0.012}","{""C100"":9,""C101"":2,""C102"":10,""C103"":11,""C104"":2,""C105"":7,""C106"":2,""C107"":2,""C108"":7,""C109"":5,""C110"":2,""C111"":5,""C112"":4,""C113"":1,""C114"":5,""C115"":4,""C116"":8,""C117"":3,""C118"":7,""C120"":5,""C121"":4,""C122"":3,""C123"":6,""C124"":6,""C125"":8,""C126"":2,""C127"":1,""C128"":5,""C129"":1,""C130"":8,""C131"":8,""C132"":4,""C133"":6,""C134"":6,""C135"":8,""C136"":11,""C137"":5,""C138"":3,""C139"":518,""C36"":1,""C37"":1,""C45"":1,""C47"":1,""C53"":2,""C55"":1,""C59"":1,""C62"":1,""C67"":1,""C78"":3,""C79"":2,""C80"":3,""C81"":4,""C82"":2,""C83"":9,""C84"":2,""C85"":2,""C86"":2,""C87"":9,""C88"":6,""C90"":5,""C91"":10,""C93"":10,""C94"":1,""C95"":4,""C96"":3,""C97"":4,""C98"":1,""C99"":6}"
      2048,         0,       955,   0.085,PymatchingGapSampler,48745cbc9d131ede04aad5a664c79653032f86ac364eb54c884fc483279471f7,"{""c"":""compiled-3q-multiplier-2-rotated-HXY"",""d1"":3,""d2"":5,""d3"":9,""noise"":""uniform_atoms"",""p"":0.002}","{""C100"":5,""C102"":10,""C103"":6,""C104"":3,""C105"":7,""C106"":6,""C107"":9,""C108"":7,""C109"":1,""C110"":7,""C111"":3,""C112"":4,""C113"":9,""C114"":5,""C115"":3,""C116"":10,""C117"":4,""C118"":11,""C119"":5,""C120"":5,""C121"":7,""C122"":5,""C123"":12,""C124"":4,""C125"":7,""C126"":3,""C127"":5,""C128"":10,""C129"":1,""C130"":6,""C131"":3,""C132"":11,""C133"":7,""C134"":4,""C135"":7,""C136"":16,""C137"":2,""C138"":15,""C139"":711,""C40"":1,""C48"":1,""C52"":1,""C53"":1,""C54"":1,""C56"":1,""C65"":1,""C69"":1,""C70"":1,""C71"":1,""C73"":1,""C74"":1,""C76"":1,""C77"":1,""C78"":3,""C79"":1,""C80"":3,""C81"":8,""C82"":2,""C83"":9,""C84"":9,""C86"":3,""C87"":12,""C88"":4,""C89"":2,""C90"":11,""C91"":1,""C92"":2,""C93"":4,""C94"":12,""C95"":4,""C96"":7,""C97"":5,""C98"":11,""C99"":10}"
      3072,         0,      1999,   0.076,PymatchingGapSampler,b5ef05b24abc92d86d9495c0b40efa77873b4d4896413cdea267f9f052052b98,"{""c"":""compiled-3q-multiplier-16-rotated-HXY"",""d1"":3,""d2"":5,""d3"":9,""noise"":""uniform_atoms"",""p"":0.016}","{""C101"":2,""C102"":13,""C103"":2,""C104"":2,""C105"":4,""C106"":5,""C107"":9,""C108"":5,""C109"":2,""C110"":3,""C111"":4,""C112"":8,""C113"":10,""C114"":2,""C115"":7,""C116"":18,""C117"":5,""C118"":8,""C119"":6,""C120"":12,""C121"":7,""C122"":2,""C123"":5,""C124"":3,""C125"":10,""C126"":3,""C127"":5,""C128"":10,""C129"":10,""C130"":5,""C131"":3,""C132"":8,""C133"":11,""C134"":6,""C135"":16,""C136"":5,""C137"":9,""C138"":686,""C49"":1,""C53"":1,""C59"":2,""C60"":2,""C62"":2,""C66"":1,""C70"":1,""C71"":1,""C74"":1,""C75"":1,""C76"":1,""C77"":6,""C79"":2,""C81"":8,""C82"":7,""C83"":5,""C84"":4,""C85"":5,""C86"":5,""C87"":16,""C88"":9,""C89"":2,""C90"":11,""C91"":6,""C92"":5,""C93"":3,""C94"":1,""C95"":5,""C96"":12,""C97"":3,""C98"":2,""C99"":11}"
      1024,         0,       438,   0.037,PymatchingGapSampler,3b6c05e615564709dbfa395808f2e19641a9b1a0d8cff5bf6b0c54daa36894dc,"{""c"":""compiled-3q-multiplier-1-rotated-HXY"",""d1"":3,""d2"":5,""d3"":9,""noise"":""uniform_atoms"",""p"":0.001}","{""C100"":6,""C101"":2,""C102"":3,""C103"":6,""C104"":3,""C105"":4,""C106"":7,""C108"":3,""C109"":1,""C110"":3,""C111"":9,""C112"":4,""C113"":5,""C114"":5,""C115"":1,""C116"":1,""C117"":8,""C118"":9,""C120"":3,""C121"":3,""C122"":2,""C123"":3,""C124"":3,""C125"":2,""C126"":5,""C127"":3,""C128"":6,""C129"":4,""C130"":6,""C131"":1,""C132"":6,""C133"":4,""C134"":5,""C135"":6,""C136"":11,""C138"":6,""C139"":367,""C27"":1,""C44"":1,""C60"":1,""C67"":1,""C69"":1,""C70"":1,""C74"":3,""C77"":1,""C78"":2,""C80"":1,""C81"":1,""C82"":1,""C83"":7,""C84"":3,""C87"":5,""C88"":3,""C89"":1,""C90"":8,""C91"":3,""C93"":1,""C94"":3,""C95"":1,""C96"":3,""C97"":5,""C98"":2}"
      2048,         0,       984,   0.077,PymatchingGapSampler,fa07acd832628ab615a7950e66d49f62ecef29ab8105ac4c978b008bb87ecdec,"{""c"":""compiled-3q-multiplier-3-rotated-HXY"",""d1"":3,""d2"":5,""d3"":9,""noise"":""uniform_atoms"",""p"":0.003}","{""C100"":4,""C101"":5,""C102"":8,""C103"":2,""C104"":5,""C105"":4,""C106"":2,""C107"":8,""C108"":7,""C109"":2,""C110"":4,""C111"":7,""C112"":5,""C113"":4,""C114"":2,""C115"":7,""C116"":6,""C117"":6,""C118"":15,""C119"":3,""C120"":12,""C121"":5,""C122"":5,""C123"":3,""C124"":1,""C125"":3,""C126"":8,""C127"":6,""C128"":7,""C129"":1,""C130"":15,""C131"":6,""C132"":15,""C133"":6,""C134"":7,""C135"":12,""C136"":6,""C137"":3,""C138"":12,""C139"":698,""C38"":1,""C39"":1,""C53"":1,""C55"":1,""C57"":1,""C63"":2,""C68"":1,""C70"":1,""C78"":1,""C79"":3,""C81"":5,""C82"":1,""C83"":17,""C84"":3,""C85"":1,""C86"":1,""C87"":10,""C88"":3,""C89"":4,""C90"":12,""C91"":6,""C92"":1,""C93"":12,""C94"":3,""C95"":7,""C96"":5,""C97"":2,""C98"":10,""C99"":11}"
      3072,         0,      1862,   0.086,PymatchingGapSampler,4a3d7bda5757f7bb69a442074b5181897af381a3b4dbe9ab72cc3997cc72a4c6,"{""c"":""compiled-3q-multiplier-12-rotated-HXY"",""d1"":3,""d2"":5,""d3"":9,""noise"":""uniform_atoms"",""p"":0.012}","{""C100"":14,""C102"":10,""C103"":13,""C104"":2,""C105"":8,""C106"":7,""C107"":3,""C108"":6,""C109"":4,""C110"":4,""C111"":13,""C112"":7,""C113"":3,""C114"":8,""C115"":10,""C116"":6,""C117"":7,""C118"":10,""C119"":3,""C120"":8,""C121"":7,""C122"":5,""C123"":3,""C124"":1,""C125"":14,""C126"":4,""C127"":2,""C128"":3,""C129"":4,""C130"":19,""C131"":9,""C132"":5,""C133"":18,""C134"":8,""C135"":9,""C136"":12,""C137"":7,""C138"":13,""C139"":798,""C28"":1,""C30"":1,""C49"":1,""C52"":1,""C58"":1,""C59"":1,""C61"":1,""C64"":1,""C66"":1,""C67"":1,""C69"":2,""C71"":3,""C73"":2,""C75"":1,""C77"":1,""C78"":4,""C79"":1,""C80"":1,""C81"":5,""C83"":14,""C84"":6,""C85"":4,""C86"":8,""C87"":6,""C88"":7,""C90"":8,""C91"":4,""C92"":3,""C93"":5,""C94"":4,""C95"":5,""C96"":6,""C97"":7,""C98"":3,""C99"":3}"
      2048,         0,       864,   0.065,PymatchingGapSampler,3b6c05e615564709dbfa395808f2e19641a9b1a0d8cff5bf6b0c54daa36894dc,"{""c"":""compiled-3q-multiplier-1-rotated-HXY"",""d1"":3,""d2"":5,""d3"":9,""noise"":""uniform_atoms"",""p"":0.001}","{""C100"":11,""C101"":3,""C102"":12,""C103"":12,""C104"":8,""C105"":2,""C106"":13,""C107"":9,""C108"":11,""C109"":1,""C110"":5,""C111"":8,""C112"":5,""C113"":4,""C114"":9,""C115"":5,""C116"":8,""C117"":13,""C118"":14,""C119"":7,""C120"":2,""C121"":6,""C122"":2,""C123"":5,""C124"":5,""C125"":17,""C126"":13,""C128"":4,""C129"":1,""C130"":13,""C131"":12,""C132"":8,""C133"":7,""C134"":8,""C135"":5,""C136"":11,""C137"":2,""C138"":12,""C139"":758,""C47"":1,""C52"":1,""C55"":1,""C57"":1,""C61"":2,""C62"":2,""C65"":2,""C68"":1,""C70"":2,""C71"":2,""C72"":1,""C74"":1,""C76"":1,""C77"":2,""C78"":2,""C79"":2,""C80"":3,""C81"":6,""C82"":2,""C83"":14,""C84"":4,""C85"":3,""C86"":2,""C87"":9,""C88"":3,""C89"":2,""C90"":7,""C91"":7,""C92"":1,""C93"":11,""C94"":9,""C95"":6,""C96"":1,""C97"":10,""C98"":6,""C99"":3}"
      3072,         0,      1356,   0.119,PymatchingGapSampler,48745cbc9d131ede04aad5a664c79653032f86ac364eb54c884fc483279471f7,"{""c"":""compiled-3q-multiplier-2-rotated-HXY"",""d1"":3,""d2"":5,""d3"":9,""noise"":""uniform_atoms"",""p"":0.002}","{""C100"":6,""C101"":9,""C102"":13,""C103"":14,""C104"":2,""C105"":9,""C106"":10,""C107"":17,""C108"":23,""C109"":5,""C110"":4,""C111"":7,""C112"":8,""C113"":15,""C114"":5,""C115"":7,""C116"":19,""C117"":9,""C118"":11,""C119"":4,""C120"":10,""C121"":9,""C122"":6,""C123"":11,""C124"":5,""C125"":5,""C126"":9,""C127"":2,""C128"":10,""C129"":7,""C130"":21,""C131"":7,""C132"":11,""C133"":15,""C134"":13,""C135"":10,""C136"":20,""C137"":4,""C138"":26,""C139"":1115,""C37"":1,""C47"":2,""C48"":1,""C50"":1,""C54"":2,""C56"":1,""C57"":2,""C58"":1,""C61"":1,""C62"":2,""C65"":1,""C66"":1,""C68"":3,""C69"":1,""C70"":1,""C73"":1,""C75"":2,""C77"":3,""C78"":3,""C79"":3,""C80"":3,""C81"":8,""C82"":1,""C83"":19,""C84"":12,""C85"":1,""C86"":5,""C87"":20,""C88"":10,""C89"":4,""C90"":11,""C91"":7,""C92"":1,""C93"":6,""C94"":5,""C95"":4,""C96"":6,""C97"":13,""C98"":22,""C99"":12}"
      4096,         0,      2643,   0.106,PymatchingGapSampler,b5ef05b24abc92d86d9495c0b40efa77873b4d4896413cdea267f9f052052b98,"{""c"":""compiled-3q-multiplier-16-rotated-HXY"",""d1"":3,""d2"":5,""d3"":9,""noise"":""uniform_atoms"",""p"":0.016}","{""C100"":1,""C101"":8,""C102"":17,""C103"":13,""C104"":9,""C105"":9,""C106"":10,""C107"":7,""C108"":9,""C109"":2,""C110"":8,""C111"":9,""C112"":6,""C113"":13,""C114"":4,""C115"":9,""C116"":20,""C117"":7,""C118"":7,""C119"":4,""C120"":15,""C121"":9,""C122"":2,""C123"":8,""C124"":3,""C125"":12,""C126"":11,""C127"":1,""C128"":16,""C129"":14,""C130"":8,""C131"":5,""C132"":12,""C133"":7,""C134"":6,""C135"":24,""C136"":9,""C137"":5,""C138"":943,""C45"":1,""C46"":1,""C49"":1,""C50"":1,""C52"":1,""C56"":1,""C60"":1,""C61"":3,""C63"":2,""C64"":1,""C65"":1,""C67"":1,""C68"":1,""C69"":2,""C73"":1,""C74"":2,""C75"":3,""C77"":6,""C79"":2,""C80"":1,""C81"":4,""C82"":6,""C83"":9,""C84"":6,""C85"":6,""C86"":6,""C87"":12,""C88"":12,""C89"":2,""C9"":1,""C90"":8,""C91"":6,""C92"":12,""C93"":4,""C94"":7,""C95"":3,""C96"":17,""C97"":1,""C98"":1,""C99"":15}"
      2048,         0,       907,   0.073,PymatchingGapSampler,3b6c05e615564709dbfa395808f2e19641a9b1a0d8cff5bf6b0c54daa36894dc,"{""c"":""compiled-3q-multiplier-1-rotated-HXY"",""d1"":3,""d2"":5,""d3"":9,""noise"":""uniform_atoms"",""p"":0.001}","{""C100"":11,""C101"":5,""C102"":4,""C103"":17,""C104"":9,""C105"":3,""C106"":12,""C107"":6,""C108"":9,""C109"":2,""C110"":3,""C111"":5,""C112"":7,""C113"":6,""C114"":6,""C115"":1,""C116"":7,""C117"":14,""C118"":9,""C119"":5,""C120"":12,""C121"":5,""C122"":2,""C123"":9,""C124"":4,""C125"":13,""C126"":11,""C127"":2,""C128"":8,""C129"":5,""C130"":12,""C131"":1,""C132"":12,""C133"":11,""C134"":7,""C135"":8,""C136"":20,""C137"":3,""C138"":14,""C139"":721,""C47"":1,""C56"":1,""C57"":1,""C62"":2,""C63"":1,""C70"":2,""C74"":1,""C76"":1,""C77"":1,""C78"":1,""C80"":2,""C81"":5,""C83"":16,""C84"":12,""C86"":2,""C87"":5,""C88"":12,""C89"":3,""C90"":11,""C91"":7,""C92"":2,""C93"":3,""C94"":9,""C95"":4,""C96"":3,""C97"":1,""C98"":3,""C99"":8}"
      4096,         0,      1966,   0.121,PymatchingGapSampler,fa07acd832628ab615a7950e66d49f62ecef29ab8105ac4c978b008bb87ecdec,"{""c"":""compiled-3q-multiplier-3-rotated-HXY"",""d1"":3,""d2"":5,""d3"":9,""noise"":""uniform_atoms"",""p"":0.003}","{""C100"":8,""C101"":5,""C102"":16,""C103"":24,""C104"":10,""C105"":24,""C106"":8,""C107"":13,""C108"":16,""C109"":9,""C110"":6,""C111"":11,""C112"":8,""C113"":14,""C114"":11,""C115"":11,""C116"":27,""C117"":19,""C118"":14,""C119"":7,""C120"":9,""C121"":8,""C122"":8,""C123"":9,""C124"":4,""C125"":13,""C126"":18,""C127"":9,""C128"":17,""C129"":5,""C130"":14,""C131"":11,""C132"":21,""C133"":13,""C134"":22,""C135"":15,""C136"":17,""C137"":6,""C138"":21,""C139"":1389,""C29"":1,""C33"":1,""C41"":1,""C44"":1,""C45"":1,""C46"":1,""C54"":1,""C55"":1,""C67"":2,""C72"":2,""C73"":2,""C74"":1,""C75"":1,""C76"":5,""C77"":3,""C79"":1,""C80"":5,""C81"":6,""C82"":4,""C83"":25,""C84"":11,""C85"":1,""C86"":7,""C87"":19,""C88"":17,""C89"":6,""C90"":14,""C91"":7,""C92"":3,""C93"":13,""C94"":5,""C95"":16,""C96"":15,""C97"":3,""C98"":20,""C99"":18}"
      4096,         0,      2408,   0.114,PymatchingGapSampler,4a3d7bda5757f7bb69a442074b5181897af381a3b4dbe9ab72cc3997cc72a4c6,"{""c"":""compiled-3q-multiplier-12-rotated-HXY"",""d1"":3,""d2"":5,""d3"":9,""noise"":""uniform_atoms"",""p"":0.012}","{""C100"":13,""C101"":1,""C102"":14,""C103"":12,""C104"":3,""C105"":8,""C106"":6,""C107"":11,""C108"":12,""C109"":3,""C110"":4,""C111"":18,""C112"":17,""C113"":3,""C114"":18,""C115"":11,""C116"":13,""C117"":16,""C118"":14,""C119"":3,""C120"":26,""C121"":9,""C122"":5,""C123"":6,""C124"":3,""C125"":21,""C126"":7,""C127"":2,""C128"":10,""C129"":9,""C130"":20,""C131"":12,""C132"":10,""C133"":12,""C134"":14,""C135"":10,""C136"":23,""C137"":7,""C138"":10,""C139"":1080,""C26"":1,""C40"":1,""C42"":1,""C56"":1,""C57"":1,""C60"":1,""C61"":2,""C63"":1,""C64"":1,""C65"":1,""C67"":2,""C69"":1,""C71"":1,""C72"":1,""C77"":3,""C78"":3,""C79"":4,""C80"":3,""C81"":9,""C82"":2,""C83"":12,""C84"":10,""C85"":5,""C86"":12,""C87"":15,""C88"":17,""C89"":2,""C90"":9,""C91"":12,""C92"":6,""C93"":13,""C94"":1,""C95"":3,""C96"":12,""C97"":10,""C98"":3,""C99"":10}"
      6144,         0,      4059,   0.145,PymatchingGapSampler,b5ef05b24abc92d86d9495c0b40efa77873b4d4896413cdea267f9f052052b98,"{""c"":""compiled-3q-multiplier-16-rotated-HXY"",""d1"":3,""d2"":5,""d3"":9,""noise"":""uniform_atoms"",""p"":0.016}","{""C100"":1,""C101"":12,""C102"":26,""C103"":7,""C104"":6,""C105"":14,""C106"":9,""C107"":11,""C108"":12,""C109"":7,""C110"":12,""C111"":7,""C112"":16,""C113"":15,""C114"":10,""C115"":15,""C116"":37,""C117"":11,""C118"":6,""C119"":7,""C120"":24,""C121"":8,""C122"":4,""C123"":11,""C124"":4,""C125"":19,""C126"":10,""C127"":5,""C128"":27,""C129"":15,""C130"":11,""C131"":8,""C132"":19,""C133"":14,""C134"":17,""C135"":34,""C136"":18,""C137"":12,""C138"":1335,""C22"":1,""C34"":1,""C47"":1,""C50"":1,""C53"":1,""C54"":1,""C56"":1,""C58"":1,""C59"":3,""C6"":1,""C60"":1,""C61"":1,""C62"":1,""C65"":1,""C66"":1,""C67"":2,""C69"":1,""C71"":1,""C72"":1,""C73"":1,""C74"":3,""C75"":1,""C76"":2,""C77"":11,""C78"":1,""C79"":2,""C81"":13,""C82"":9,""C83"":14,""C84"":11,""C85"":11,""C86"":4,""C87"":29,""C88"":9,""C90"":21,""C91"":6,""C92"":10,""C93"":8,""C94"":6,""C95"":3,""C96"":18,""C97"":4,""C98"":5,""C99"":25}"
      4096,         0,      1906,   0.145,PymatchingGapSampler,48745cbc9d131ede04aad5a664c79653032f86ac364eb54c884fc483279471f7,"{""c"":""compiled-3q-multiplier-2-rotated-HXY"",""d1"":3,""d2"":5,""d3"":9,""noise"":""uniform_atoms"",""p"":0.002}","{""C100"":10,""C101"":15,""C102"":14,""C103"":18,""C104"":6,""C105"":14,""C106"":15,""C107"":15,""C108"":17,""C109"":4,""C11"":1,""C110"":10,""C111"":11,""C112"":6,""C113"":15,""C114"":15,""C115"":16,""C116"":23,""C117"":14,""C118"":20,""C119"":6,""C120"":11,""C121"":15,""C122"":7,""C123"":9,""C124"":10,""C125"":13,""C126"":13,""C127"":8,""C128"":19,""C129"":7,""C130"":25,""C131"":5,""C132"":17,""C133"":18,""C134"":14,""C135"":19,""C136"":31,""C137"":4,""C138"":17,""C139"":1430,""C33"":2,""C37"":1,""C39"":1,""C40"":1,""C42"":1,""C43"":1,""C44"":1,""C45"":1,""C52"":3,""C53"":1,""C55"":1,""C56"":1,""C59"":1,""C60"":1,""C61"":1,""C62"":2,""C64"":1,""C65"":1,""C67"":1,""C69"":1,""C73"":1,""C74"":1,""C75"":3,""C76"":3,""C77"":3,""C78"":3,""C79"":1,""C80"":4,""C81"":11,""C82"":2,""C83"":16,""C84"":5,""C85"":1,""C86"":8,""C87"":18,""C88"":14,""C89"":2,""C90"":23,""C91"":9,""C92"":1,""C93"":10,""C94"":7,""C95"":8,""C96"":12,""C97"":11,""C98"":22,""C99"":10}"
      4096,         0,      1779,   0.131,PymatchingGapSampler,3b6c05e615564709dbfa395808f2e19641a9b1a0d8cff5bf6b0c54daa36894dc,"{""c"":""compiled-3q-multiplier-1-rotated-HXY"",""d1"":3,""d2"":5,""d3"":9,""noise"":""uniform_atoms"",""p"":0.001}","{""C100"":18,""C101"":3,""C102"":9,""C103"":21,""C104"":14,""C105"":8,""C106"":20,""C107"":7,""C108"":23,""C109"":8,""C110"":9,""C111"":15,""C112"":11,""C113"":9,""C114"":12,""C115"":10,""C116"":18,""C117"":29,""C118"":15,""C119"":12,""C120"":24,""C121"":10,""C122"":8,""C123"":13,""C124"":12,""C125"":12,""C126"":11,""C127"":8,""C128"":9,""C129"":10,""C130"":15,""C131"":6,""C132"":18,""C133"":18,""C134"":12,""C135"":15,""C136"":36,""C137"":6,""C138"":27,""C139"":1539,""C32"":1,""C34"":1,""C36"":1,""C39"":1,""C41"":1,""C51"":1,""C52"":1,""C53"":1,""C58"":2,""C59"":1,""C60"":1,""C64"":3,""C66"":1,""C67"":1,""C68"":3,""C69"":1,""C70"":4,""C73"":3,""C74"":1,""C77"":3,""C78"":1,""C79"":2,""C80"":3,""C81"":16,""C82"":2,""C83"":22,""C84"":11,""C85"":4,""C86"":4,""C87"":17,""C88"":15,""C89"":5,""C90"":15,""C91"":11,""C92"":3,""C93"":13,""C94"":11,""C95"":7,""C96"":10,""C97"":17,""C98"":9,""C99"":7}"
      4096,         0,      1926,   0.171,PymatchingGapSampler,fa07acd832628ab615a7950e66d49f62ecef29ab8105ac4c978b008bb87ecdec,"{""c"":""compiled-3q-multiplier-3-rotated-HXY"",""d1"":3,""d2"":5,""d3"":9,""noise"":""uniform_atoms"",""p"":0.003}","{""C100"":4,""C101"":6,""C102"":21,""C103"":18,""C104"":8,""C105"":20,""C106"":13,""C107"":23,""C108"":16,""C109"":6,""C110"":6,""C111"":13,""C112"":10,""C113"":12,""C114"":8,""C115"":11,""C116"":27,""C117"":13,""C118"":18,""C119"":11,""C120"":15,""C121"":8,""C122"":9,""C123"":12,""C124"":10,""C125"":13,""C126"":15,""C127"":9,""C128"":19,""C129"":8,""C130"":20,""C131"":11,""C132"":23,""C133"":12,""C134"":22,""C135"":23,""C136"":23,""C137"":7,""C138"":32,""C139"":1404,""C29"":1,""C32"":1,""C33"":1,""C54"":1,""C58"":3,""C59"":1,""C61"":1,""C63"":2,""C64"":1,""C66"":3,""C67"":1,""C68"":1,""C69"":1,""C71"":1,""C73"":1,""C74"":1,""C75"":1,""C77"":2,""C78"":1,""C79"":2,""C80"":6,""C81"":7,""C82"":1,""C83"":26,""C84"":11,""C85"":1,""C86"":6,""C87"":23,""C88"":9,""C89"":6,""C90"":18,""C91"":3,""C92"":2,""C93"":15,""C94"":3,""C95"":9,""C96"":5,""C97"":3,""C98"":15,""C99"":15}"
       273,         0,       242,   0.020,PymatchingGapSampler,336e25b1bec4b5b4d72a9b8b647208d8cd41e0a3b6f91162b5875e89139d6d8d,"{""c"":""compiled-3q-multiplier-1-rotated-HXY"",""d1"":3,""d2"":5,""d3"":9,""noise"":""uniform"",""p"":0.001}","{""C103"":1,""C108"":1,""C113"":1,""C114"":1,""C122"":1,""C124"":18,""C54"":1,""C56"":1,""C68"":1,""C71"":1,""C79"":1,""C82"":1,""C85"":1,""C88"":1}"
      6144,         0,      3712,   0.170,PymatchingGapSampler,4a3d7bda5757f7bb69a442074b5181897af381a3b4dbe9ab72cc3997cc72a4c6,"{""c"":""compiled-3q-multiplier-12-rotated-HXY"",""d1"":3,""d2"":5,""d3"":9,""noise"":""uniform_atoms"",""p"":0.012}","{""C100"":16,""C101"":2,""C102"":21,""C103"":32,""C104"":3,""C105"":19,""C106"":21,""C107"":9,""C108"":27,""C109"":9,""C110"":9,""C111"":22,""C112"":8,""C113"":7,""C114"":24,""C115"":14,""C116"":20,""C117"":22,""C118"":26,""C119"":4,""C120"":18,""C121"":14,""C122"":20,""C123"":8,""C124"":8,""C125"":21,""C126"":13,""C127"":3,""C128"":11,""C129"":4,""C130"":35,""C131"":11,""C132"":5,""C133"":21,""C134"":10,""C135"":17,""C136"":20,""C137"":7,""C138"":10,""C139"":1574,""C28"":1,""C34"":2,""C39"":1,""C41"":2,""C45"":1,""C5"":1,""C51"":1,""C52"":1,""C54"":1,""C56"":1,""C60"":1,""C61"":3,""C62"":1,""C66"":1,""C67"":1,""C68"":1,""C69"":2,""C70"":2,""C71"":3,""C72"":2,""C73"":4,""C76"":1,""C77"":5,""C78"":8,""C79"":2,""C80"":1,""C81"":15,""C82"":2,""C83"":21,""C84"":9,""C85"":4,""C86"":23,""C87"":15,""C88"":24,""C89"":3,""C90"":12,""C91"":12,""C92"":8,""C93"":23,""C94"":7,""C95"":10,""C96"":11,""C97"":18,""C98"":6,""C99"":14}"
       273,         0,       259,   0.018,PymatchingGapSampler,ad2b3a1a92770969f6aee591103a546cc8e262147c3de1fdc372b0a74e048f37,"{""c"":""compiled-3q-multiplier-16-rotated-HXY"",""d1"":3,""d2"":5,""d3"":9,""noise"":""uniform"",""p"":0.016}","{""C104"":1,""C117"":1,""C119"":1,""C122"":1,""C124"":8,""C44"":1,""C79"":1}"
      1024,         0,       911,   0.045,PymatchingGapSampler,336e25b1bec4b5b4d72a9b8b647208d8cd41e0a3b6f91162b5875e89139d6d8d,"{""c"":""compiled-3q-multiplier-1-rotated-HXY"",""d1"":3,""d2"":5,""d3"":9,""noise"":""uniform"",""p"":0.001}","{""C101"":1,""C103"":1,""C104"":3,""C105"":2,""C106"":1,""C107"":2,""C109"":1,""C110"":1,""C112"":2,""C113"":3,""C116"":1,""C120"":2,""C124"":61,""C38"":1,""C41"":1,""C43"":1,""C45"":1,""C62"":1,""C66"":1,""C68"":1,""C69"":1,""C72"":1,""C76"":1,""C77"":1,""C78"":1,""C79"":1,""C81"":1,""C82"":3,""C83"":1,""C84"":3,""C85"":1,""C86"":2,""C88"":1,""C92"":3,""C93"":1,""C95"":1,""C97"":1,""C99"":1}"
       273,         0,       252,   0.016,PymatchingGapSampler,1799c3c0da3f62a62293dfcbce86ec31d862d6c965fb2bd8efc8492863084f95,"{""c"":""compiled-3q-multiplier-12-rotated-HXY"",""d1"":3,""d2"":5,""d3"":9,""noise"":""uniform"",""p"":0.012}","{""C101"":1,""C105"":2,""C107"":1,""C118"":1,""C122"":1,""C124"":7,""C65"":1,""C67"":1,""C79"":1,""C81"":1,""C85"":2,""C97"":1,""C98"":1}"
      1024,         0,       953,   0.045,PymatchingGapSampler,ad2b3a1a92770969f6aee591103a546cc8e262147c3de1fdc372b0a74e048f37,"{""c"":""compiled-3q-multiplier-16-rotated-HXY"",""d1"":3,""d2"":5,""d3"":9,""noise"":""uniform"",""p"":0.016}","{""C102"":1,""C104"":1,""C107"":1,""C109"":3,""C111"":1,""C112"":1,""C113"":2,""C115"":3,""C116"":1,""C117"":2,""C123"":1,""C124"":34,""C56"":1,""C63"":1,""C66"":1,""C68"":2,""C70"":1,""C72"":1,""C78"":1,""C82"":2,""C85"":2,""C86"":1,""C89"":3,""C90"":1,""C98"":3}"
        17,         0,        15,   0.006,PymatchingGapSampler,f72b3c9b18e2657f6ba8a9e93dcf58e1295b123d787cf6e64894244511c6ee4c,"{""c"":""compiled-3q-multiplier-3-rotated-HXY"",""d1"":3,""d2"":5,""d3"":9,""noise"":""uniform"",""p"":0.003}","{""C124"":2}"
      1024,         0,       907,   0.039,PymatchingGapSampler,336e25b1bec4b5b4d72a9b8b647208d8cd41e0a3b6f91162b5875e89139d6d8d,"{""c"":""compiled-3q-multiplier-1-rotated-HXY"",""d1"":3,""d2"":5,""d3"":9,""noise"":""uniform"",""p"":0.001}","{""C100"":1,""C104"":4,""C105"":2,""C107"":1,""C109"":2,""C110"":1,""C112"":1,""C113"":3,""C116"":2,""C117"":1,""C120"":4,""C121"":1,""C123"":2,""C124"":56,""C26"":1,""C47"":1,""C61"":1,""C68"":1,""C71"":1,""C73"":3,""C76"":1,""C78"":1,""C82"":1,""C83"":1,""C85"":3,""C86"":1,""C87"":2,""C89"":5,""C90"":2,""C92"":1,""C94"":3,""C95"":3,""C96"":3,""C97"":1}"
      1024,         0,       949,   0.041,PymatchingGapSampler,1799c3c0da3f62a62293dfcbce86ec31d862d6c965fb2bd8efc8492863084f95,"{""c"":""compiled-3q-multiplier-12-rotated-HXY"",""d1"":3,""d2"":5,""d3"":9,""noise"":""uniform"",""p"":0.012}","{""C100"":1,""C102"":1,""C103"":1,""C104"":2,""C107"":1,""C110"":2,""C112"":2,""C114"":1,""C115"":1,""C119"":1,""C124"":41,""C67"":3,""C70"":1,""C72"":1,""C74"":2,""C78"":1,""C81"":1,""C84"":1,""C85"":4,""C86"":2,""C87"":2,""C90"":1,""C94"":1,""C97"":1}"
       273,         0,       239,   0.017,PymatchingGapSampler,ca1e269eb7e3cc81d333b9abe3cfa92061b38c0a57f57b74a7d59e6aebdb7133,"{""c"":""compiled-3q-multiplier-2-rotated-HXY"",""d1"":3,""d2"":5,""d3"":9,""noise"":""uniform"",""p"":0.002}","{""C105"":1,""C108"":1,""C112"":1,""C114"":1,""C118"":1,""C124"":23,""C68"":1,""C86"":2,""C88"":2,""C89"":1}"
      5120,         0,      2244,   0.168,PymatchingGapSampler,3b6c05e615564709dbfa395808f2e19641a9b1a0d8cff5bf6b0c54daa36894dc,"{""c"":""compiled-3q-multiplier-1-rotated-HXY"",""d1"":3,""d2"":5,""d3"":9,""noise"":""uniform_atoms"",""p"":0.001}","{""C100"":21,""C101"":12,""C102"":14,""C103"":33,""C104"":9,""C105"":11,""C106"":30,""C107"":13,""C108"":26,""C109"":3,""C110"":10,""C111"":25,""C112"":11,""C113"":16,""C114"":21,""C115"":26,""C116"":26,""C117"":31,""C118"":23,""C119"":11,""C120"":14,""C121"":8,""C122"":16,""C123"":14,""C124"":6,""C125"":25,""C126"":23,""C127"":7,""C128"":11,""C129"":14,""C130"":33,""C131"":14,""C132"":23,""C133"":41,""C134"":17,""C135"":18,""C136"":33,""C137"":2,""C138"":23,""C139"":1857,""C34"":1,""C36"":1,""C37"":1,""C44"":1,""C45"":2,""C48"":1,""C49"":1,""C50"":1,""C51"":1,""C52"":1,""C53"":1,""C54"":1,""C56"":2,""C57"":2,""C58"":3,""C60"":2,""C61"":2,""C64"":2,""C65"":1,""C66"":1,""C67"":2,""C68"":3,""C70"":3,""C71"":2,""C72"":1,""C74"":1,""C75"":4,""C76"":2,""C77"":2,""C78"":3,""C79"":1,""C80"":6,""C81"":11,""C83"":35,""C84"":14,""C86"":4,""C87"":21,""C88"":19,""C89"":10,""C90"":23,""C91"":15,""C92"":2,""C93"":11,""C94"":16,""C95"":11,""C96"":10,""C97"":18,""C98"":17,""C99"":10}"
      1024,         0,       943,   0.042,PymatchingGapSampler,ad2b3a1a92770969f6aee591103a546cc8e262147c3de1fdc372b0a74e048f37,"{""c"":""compiled-3q-multiplier-16-rotated-HXY"",""d1"":3,""d2"":5,""d3"":9,""noise"":""uniform"",""p"":0.016}","{""C10"":1,""C102"":1,""C104"":1,""C105"":2,""C109"":1,""C113"":1,""C114"":1,""C115"":1,""C116"":1,""C122"":1,""C123"":1,""C124"":49,""C46"":1,""C48"":1,""C70"":1,""C72"":1,""C78"":1,""C81"":1,""C83"":2,""C84"":1,""C85"":4,""C87"":1,""C90"":1,""C91"":1,""C92"":1,""C96"":2,""C97"":1}"
      9216,         0,      6005,   0.204,PymatchingGapSampler,b5ef05b24abc92d86d9495c0b40efa77873b4d4896413cdea267f9f052052b98,"{""c"":""compiled-3q-multiplier-16-rotated-HXY"",""d1"":3,""d2"":5,""d3"":9,""noise"":""uniform_atoms"",""p"":0.016}","{""C100"":7,""C101"":13,""C102"":32,""C103"":11,""C104"":6,""C105"":25,""C106"":13,""C107"":20,""C108"":20,""C109"":12,""C110"":20,""C111"":15,""C112"":18,""C113"":23,""C114"":13,""C115"":19,""C116"":37,""C117"":19,""C118"":14,""C119"":6,""C120"":31,""C121"":9,""C122"":8,""C123"":16,""C124"":9,""C125"":29,""C126"":9,""C127"":9,""C128"":26,""C129"":33,""C130"":25,""C131"":12,""C132"":26,""C133"":19,""C134"":25,""C135"":54,""C136"":23,""C137"":12,""C138"":2102,""C16"":1,""C26"":1,""C29"":2,""C30"":2,""C33"":1,""C35"":1,""C40"":1,""C42"":1,""C50"":1,""C53"":1,""C54"":1,""C55"":1,""C56"":1,""C57"":3,""C58"":1,""C59"":1,""C61"":2,""C62"":2,""C64"":2,""C66"":2,""C68"":2,""C69"":2,""C70"":3,""C71"":1,""C73"":1,""C74"":1,""C75"":3,""C76"":1,""C77"":14,""C78"":3,""C79"":5,""C80"":2,""C81"":17,""C82"":14,""C83"":24,""C84"":14,""C85"":22,""C86"":6,""C87"":41,""C88"":15,""C89"":8,""C90"":24,""C91"":13,""C92"":19,""C93"":8,""C94"":7,""C95"":13,""C96"":34,""C97"":7,""C98"":1,""C99"":38}"
      1024,         0,       941,   0.034,PymatchingGapSampler,1799c3c0da3f62a62293dfcbce86ec31d862d6c965fb2bd8efc8492863084f95,"{""c"":""compiled-3q-multiplier-12-rotated-HXY"",""d1"":3,""d2"":5,""d3"":9,""noise"":""uniform"",""p"":0.012}","{""C103"":2,""C104"":3,""C105"":1,""C106"":1,""C108"":1,""C112"":3,""C113"":3,""C118"":1,""C119"":1,""C124"":43,""C28"":1,""C40"":1,""C50"":1,""C55"":1,""C60"":1,""C65"":1,""C67"":1,""C68"":1,""C69"":1,""C75"":1,""C80"":1,""C83"":1,""C84"":1,""C85"":3,""C86"":1,""C87"":2,""C89"":1,""C90"":1,""C92"":1,""C96"":1,""C97"":1}"
      1024,         0,       898,   0.044,PymatchingGapSampler,336e25b1bec4b5b4d72a9b8b647208d8cd41e0a3b6f91162b5875e89139d6d8d,"{""c"":""compiled-3q-multiplier-1-rotated-HXY"",""d1"":3,""d2"":5,""d3"":9,""noise"":""uniform"",""p"":0.001}","{""C100"":1,""C101"":1,""C103"":3,""C104"":2,""C105"":1,""C106"":2,""C107"":2,""C109"":3,""C110"":2,""C113"":2,""C114"":1,""C115"":2,""C116"":2,""C118"":1,""C122"":1,""C123"":2,""C124"":64,""C52"":1,""C63"":1,""C64"":1,""C65"":1,""C66"":1,""C68"":2,""C70"":2,""C75"":1,""C78"":2,""C79"":1,""C84"":2,""C86"":1,""C87"":3,""C89"":3,""C90"":4,""C91"":3,""C94"":1,""C95"":1,""C96"":2,""C98"":1}"
      6144,         0,      2878,   0.218,PymatchingGapSampler,48745cbc9d131ede04aad5a664c79653032f86ac364eb54c884fc483279471f7,"{""c"":""compiled-3q-multiplier-2-rotated-HXY"",""d1"":3,""d2"":5,""d3"":9,""noise"":""uniform_atoms"",""p"":0.002}","{""C100"":20,""C101"":8,""C102"":22,""C103"":22,""C104"":16,""C105"":21,""C106"":20,""C107"":32,""C108"":21,""C109"":8,""C110"":13,""C111"":18,""C112"":18,""C113"":25,""C114"":17,""C115"":14,""C116"":41,""C117"":24,""C118"":24,""C119"":11,""C120"":23,""C121"":14,""C122"":16,""C123"":12,""C124"":13,""C125"":15,""C126"":28,""C127"":13,""C128"":18,""C129"":13,""C130"":28,""C131"":8,""C132"":27,""C133"":36,""C134"":25,""C135"":23,""C136"":25,""C137"":5,""C138"":38,""C139"":2161,""C25"":1,""C28"":1,""C39"":2,""C43"":1,""C48"":1,""C49"":1,""C53"":1,""C55"":1,""C59"":1,""C61"":1,""C62"":1,""C63"":1,""C64"":2,""C65"":3,""C67"":2,""C69"":1,""C70"":4,""C71"":2,""C72"":2,""C73"":2,""C74"":2,""C75"":1,""C76"":2,""C77"":3,""C78"":7,""C79"":1,""C80"":10,""C81"":13,""C82"":2,""C83"":40,""C84"":13,""C85"":1,""C86"":10,""C87"":18,""C88"":16,""C89"":2,""C90"":17,""C91"":18,""C92"":2,""C93"":18,""C94"":18,""C95"":8,""C96"":11,""C97"":8,""C98"":32,""C99"":26}"
      1024,         0,       914,   0.038,PymatchingGapSampler,ca1e269eb7e3cc81d333b9abe3cfa92061b38c0a57f57b74a7d59e6aebdb7133,"{""c"":""compiled-3q-multiplier-2-rotated-HXY"",""d1"":3,""d2"":5,""d3"":9,""noise"":""uniform"",""p"":0.002}","{""C102"":1,""C104"":4,""C105"":1,""C107"":1,""C111"":1,""C113"":1,""C116"":1,""C118"":1,""C119"":3,""C122"":1,""C123"":2,""C124"":67,""C56"":1,""C63"":1,""C65"":2,""C68"":2,""C69"":1,""C70"":1,""C71"":1,""C72"":1,""C74"":1,""C77"":1,""C78"":4,""C84"":3,""C85"":2,""C87"":1,""C89"":2,""C97"":1,""C99"":1}"
      1280,         0,      1143,   0.053,PymatchingGapSampler,f72b3c9b18e2657f6ba8a9e93dcf58e1295b123d787cf6e64894244511c6ee4c,"{""c"":""compiled-3q-multiplier-3-rotated-HXY"",""d1"":3,""d2"":5,""d3"":9,""noise"":""uniform"",""p"":0.003}","{""C100"":1,""C101"":3,""C103"":3,""C104"":2,""C105"":2,""C106"":1,""C109"":2,""C111"":1,""C113"":4,""C114"":1,""C115"":1,""C120"":2,""C121"":1,""C123"":1,""C124"":75,""C26"":1,""C52"":1,""C62"":1,""C67"":2,""C68"":3,""C71"":1,""C73"":1,""C75"":1,""C76"":1,""C78"":3,""C79"":1,""C80"":2,""C82"":1,""C85"":1,""C86"":6,""C87"":2,""C92"":1,""C93"":2,""C95"":2,""C96"":1,""C97"":1,""C99"":2}"
      1024,         0,       961,   0.041,PymatchingGapSampler,ad2b3a1a92770969f6aee591103a546cc8e262147c3de1fdc372b0a74e048f37,"{""c"":""compiled-3q-multiplier-16-rotated-HXY"",""d1"":3,""d2"":5,""d3"":9,""noise"":""uniform"",""p"":0.016}","{""C101"":1,""C104"":4,""C109"":1,""C110"":1,""C114"":1,""C116"":1,""C119"":1,""C120"":1,""C124"":30,""C57"":1,""C64"":1,""C71"":1,""C74"":1,""C76"":1,""C79"":1,""C81"":1,""C83"":1,""C84"":1,""C85"":3,""C86"":1,""C87"":2,""C89"":3,""C91"":1,""C95"":1,""C96"":1,""C97"":1}"
      1024,         0,       949,   0.038,PymatchingGapSampler,1799c3c0da3f62a62293dfcbce86ec31d862d6c965fb2bd8efc8492863084f95,"{""c"":""compiled-3q-multiplier-12-rotated-HXY"",""d1"":3,""d2"":5,""d3"":9,""noise"":""uniform"",""p"":0.012}","{""C100"":1,""C103"":1,""C104"":1,""C105"":3,""C109"":1,""C112"":4,""C113"":1,""C114"":1,""C119"":1,""C123"":1,""C124"":42,""C58"":1,""C63"":1,""C70"":2,""C76"":1,""C80"":1,""C81"":1,""C83"":1,""C85"":4,""C87"":1,""C88"":1,""C90"":1,""C93"":1,""C97"":2}"
      1024,         0,       920,   0.044,PymatchingGapSampler,f72b3c9b18e2657f6ba8a9e93dcf58e1295b123d787cf6e64894244511c6ee4c,"{""c"":""compiled-3q-multiplier-3-rotated-HXY"",""d1"":3,""d2"":5,""d3"":9,""noise"":""uniform"",""p"":0.003}","{""C100"":2,""C102"":1,""C104"":1,""C105"":1,""C106"":1,""C107"":1,""C109"":1,""C110"":1,""C111"":1,""C113"":3,""C114"":2,""C115"":1,""C116"":1,""C117"":1,""C118"":1,""C121"":1,""C123"":1,""C124"":55,""C34"":1,""C45"":1,""C48"":1,""C54"":1,""C55"":1,""C69"":3,""C70"":1,""C71"":1,""C82"":1,""C84"":3,""C85"":5,""C87"":1,""C89"":2,""C90"":1,""C92"":1,""C94"":1,""C97"":2,""C99"":1}"
      1024,         0,       894,   0.046,PymatchingGapSampler,ca1e269eb7e3cc81d333b9abe3cfa92061b38c0a57f57b74a7d59e6aebdb7133,"{""c"":""compiled-3q-multiplier-2-rotated-HXY"",""d1"":3,""d2"":5,""d3"":9,""noise"":""uniform"",""p"":0.002}","{""C100"":1,""C102"":1,""C104"":2,""C105"":2,""C108"":1,""C112"":4,""C113"":2,""C114"":1,""C116"":3,""C117"":1,""C120"":2,""C123"":1,""C124"":69,""C28"":1,""C62"":1,""C67"":1,""C68"":2,""C69"":1,""C70"":1,""C73"":2,""C75"":1,""C76"":2,""C78"":1,""C81"":1,""C82"":1,""C83"":2,""C85"":4,""C86"":1,""C87"":4,""C88"":1,""C89"":2,""C90"":2,""C91"":1,""C92"":1,""C93"":2,""C94"":1,""C98"":3,""C99"":1}"
      1024,         0,       939,   0.042,PymatchingGapSampler,ad2b3a1a92770969f6aee591103a546cc8e262147c3de1fdc372b0a74e048f37,"{""c"":""compiled-3q-multiplier-16-rotated-HXY"",""d1"":3,""d2"":5,""d3"":9,""noise"":""uniform"",""p"":0.016}","{""C102"":1,""C103"":3,""C105"":1,""C106"":1,""C109"":2,""C113"":1,""C114"":1,""C115"":1,""C119"":3,""C121"":1,""C124"":40,""C56"":1,""C59"":1,""C67"":4,""C68"":2,""C70"":2,""C72"":1,""C73"":2,""C77"":1,""C79"":1,""C81"":1,""C83"":2,""C85"":2,""C87"":1,""C89"":3,""C90"":1,""C91"":1,""C92"":1,""C93"":1,""C95"":1,""C98"":1}"
      6144,         0,      2892,   0.209,PymatchingGapSampler,fa07acd832628ab615a7950e66d49f62ecef29ab8105ac4c978b008bb87ecdec,"{""c"":""compiled-3q-multiplier-3-rotated-HXY"",""d1"":3,""d2"":5,""d3"":9,""noise"":""uniform_atoms"",""p"":0.003}","{""C100"":14,""C101"":11,""C102"":21,""C103"":22,""C104"":14,""C105"":33,""C106"":21,""C107"":27,""C108"":26,""C109"":14,""C110"":13,""C111"":21,""C112"":12,""C113"":22,""C114"":10,""C115"":13,""C116"":40,""C117"":17,""C118"":20,""C119"":14,""C120"":19,""C121"":20,""C122"":9,""C123"":17,""C124"":16,""C125"":26,""C126"":24,""C127"":12,""C128"":18,""C129"":17,""C130"":23,""C131"":23,""C132"":39,""C133"":21,""C134"":20,""C135"":33,""C136"":24,""C137"":9,""C138"":33,""C139"":2112,""C19"":1,""C22"":1,""C31"":2,""C36"":1,""C38"":1,""C44"":1,""C47"":1,""C48"":1,""C50"":1,""C51"":1,""C53"":2,""C54"":2,""C55"":1,""C56"":2,""C57"":1,""C59"":1,""C60"":1,""C61"":4,""C62"":1,""C63"":1,""C64"":1,""C65"":1,""C66"":3,""C67"":1,""C68"":1,""C69"":2,""C70"":1,""C71"":1,""C73"":2,""C74"":6,""C75"":3,""C76"":1,""C77"":6,""C78"":3,""C79"":4,""C80"":12,""C81"":15,""C83"":40,""C84"":17,""C86"":10,""C87"":26,""C88"":13,""C89"":13,""C90"":18,""C91"":13,""C92"":2,""C93"":19,""C94"":14,""C95"":16,""C96"":17,""C97"":7,""C98"":14,""C99"":23}"
      2048,         0,      1828,   0.070,PymatchingGapSampler,336e25b1bec4b5b4d72a9b8b647208d8cd41e0a3b6f91162b5875e89139d6d8d,"{""c"":""compiled-3q-multiplier-1-rotated-HXY"",""d1"":3,""d2"":5,""d3"":9,""noise"":""uniform"",""p"":0.001}","{""C100"":1,""C101"":2,""C102"":2,""C104"":2,""C106"":1,""C108"":1,""C109"":2,""C110"":1,""C111"":2,""C112"":3,""C113"":6,""C115"":4,""C116"":2,""C117"":1,""C119"":2,""C120"":1,""C122"":2,""C123"":1,""C124"":132,""C14"":2,""C40"":1,""C54"":1,""C58"":1,""C67"":3,""C68"":3,""C70"":2,""C71"":2,""C72"":1,""C73"":3,""C74"":1,""C75"":1,""C79"":3,""C80"":1,""C81"":2,""C82"":4,""C85"":3,""C86"":1,""C87"":2,""C88"":1,""C89"":1,""C90"":1,""C92"":1,""C95"":2,""C96"":2,""C97"":4,""C98"":1,""C99"":2}"
      1024,         0,       907,   0.037,PymatchingGapSampler,ca1e269eb7e3cc81d333b9abe3cfa92061b38c0a57f57b74a7d59e6aebdb7133,"{""c"":""compiled-3q-multiplier-2-rotated-HXY"",""d1"":3,""d2"":5,""d3"":9,""noise"":""uniform"",""p"":0.002}","{""C104"":4,""C105"":1,""C106"":2,""C112"":1,""C113"":4,""C116"":1,""C117"":1,""C118"":1,""C120"":2,""C123"":1,""C124"":65,""C37"":1,""C50"":1,""C55"":1,""C58"":1,""C59"":1,""C67"":1,""C68"":1,""C69"":2,""C70"":1,""C72"":1,""C73"":1,""C76"":1,""C79"":2,""C80"":1,""C81"":3,""C82"":1,""C84"":2,""C85"":1,""C86"":4,""C87"":1,""C89"":1,""C94"":1,""C95"":1,""C97"":2,""C99"":1}"
      1024,         0,       906,   0.044,PymatchingGapSampler,f72b3c9b18e2657f6ba8a9e93dcf58e1295b123d787cf6e64894244511c6ee4c,"{""c"":""compiled-3q-multiplier-3-rotated-HXY"",""d1"":3,""d2"":5,""d3"":9,""noise"":""uniform"",""p"":0.003}","{""C100"":1,""C104"":2,""C105"":2,""C106"":2,""C107"":1,""C108"":1,""C109"":3,""C112"":1,""C113"":5,""C114"":2,""C116"":2,""C117"":1,""C120"":2,""C122"":1,""C124"":69,""C27"":1,""C34"":1,""C67"":1,""C68"":2,""C69"":2,""C70"":1,""C71"":2,""C73"":1,""C78"":1,""C82"":1,""C84"":2,""C85"":2,""C86"":1,""C87"":2,""C89"":1,""C90"":1,""C91"":1}"
      2048,         0,      1898,   0.068,PymatchingGapSampler,1799c3c0da3f62a62293dfcbce86ec31d862d6c965fb2bd8efc8492863084f95,"{""c"":""compiled-3q-multiplier-12-rotated-HXY"",""d1"":3,""d2"":5,""d3"":9,""noise"":""uniform"",""p"":0.012}","{""C100"":1,""C101"":1,""C102"":1,""C103"":1,""C104"":1,""C105"":4,""C110"":4,""C111"":2,""C112"":3,""C113"":4,""C115"":1,""C117"":1,""C119"":3,""C123"":1,""C124"":73,""C54"":1,""C55"":1,""C63"":2,""C64"":1,""C66"":2,""C67"":4,""C68"":1,""C70"":3,""C72"":2,""C76"":1,""C77"":1,""C79"":1,""C81"":2,""C83"":2,""C84"":1,""C85"":5,""C86"":5,""C87"":2,""C88"":4,""C89"":2,""C90"":2,""C91"":1,""C93"":1,""C99"":2}"
      9216,         0,      5537,   0.228,PymatchingGapSampler,4a3d7bda5757f7bb69a442074b5181897af381a3b4dbe9ab72cc3997cc72a4c6,"{""c"":""compiled-3q-multiplier-12-rotated-HXY"",""d1"":3,""d2"":5,""d3"":9,""noise"":""uniform_atoms"",""p"":0.012}","{""C100"":30,""C101"":4,""C102"":26,""C103"":40,""C104"":2,""C105"":18,""C106"":30,""C107"":19,""C108"":26,""C109"":11,""C110"":7,""C111"":20,""C112"":22,""C113"":14,""C114"":38,""C115"":25,""C116"":35,""C117"":21,""C118"":35,""C119"":5,""C120"":29,""C121"":22,""C122"":20,""C123"":14,""C124"":18,""C125"":31,""C126"":32,""C127"":8,""C128"":22,""C129"":19,""C130"":45,""C131"":23,""C132"":12,""C133"":30,""C134"":21,""C135"":22,""C136"":38,""C137"":16,""C138"":35,""C139"":2374,""C14"":1,""C17"":1,""C26"":1,""C33"":2,""C36"":1,""C37"":1,""C41"":1,""C42"":1,""C46"":1,""C47"":2,""C48"":1,""C53"":1,""C55"":1,""C57"":1,""C58"":1,""C59"":1,""C60"":2,""C61"":1,""C64"":2,""C65"":4,""C66"":1,""C67"":4,""C68"":2,""C69"":1,""C70"":3,""C71"":2,""C72"":6,""C73"":2,""C74"":2,""C75"":5,""C76"":4,""C77"":7,""C78"":14,""C79"":6,""C80"":7,""C81"":12,""C82"":5,""C83"":35,""C84"":12,""C85"":7,""C86"":18,""C87"":21,""C88"":33,""C89"":3,""C90"":15,""C91"":23,""C92"":13,""C93"":25,""C94"":16,""C95"":14,""C96"":22,""C97"":29,""C98"":2,""C99"":22}"
      1024,         0,       925,   0.039,PymatchingGapSampler,ca1e269eb7e3cc81d333b9abe3cfa92061b38c0a57f57b74a7d59e6aebdb7133,"{""c"":""compiled-3q-multiplier-2-rotated-HXY"",""d1"":3,""d2"":5,""d3"":9,""noise"":""uniform"",""p"":0.002}","{""C103"":3,""C104"":2,""C105"":2,""C106"":1,""C107"":1,""C108"":1,""C109"":1,""C110"":1,""C112"":2,""C119"":2,""C122"":2,""C123"":1,""C124"":39,""C44"":1,""C48"":1,""C61"":1,""C65"":1,""C67"":1,""C68"":2,""C69"":1,""C70"":3,""C71"":2,""C73"":1,""C76"":2,""C77"":1,""C78"":1,""C82"":5,""C83"":1,""C84"":3,""C85"":4,""C86"":2,""C87"":2,""C88"":1,""C89"":1,""C92"":1,""C95"":1,""C97"":1,""C99"":1}"
      1024,         0,       928,   0.039,PymatchingGapSampler,f72b3c9b18e2657f6ba8a9e93dcf58e1295b123d787cf6e64894244511c6ee4c,"{""c"":""compiled-3q-multiplier-3-rotated-HXY"",""d1"":3,""d2"":5,""d3"":9,""noise"":""uniform"",""p"":0.003}","{""C101"":1,""C104"":3,""C109"":1,""C110"":2,""C111"":1,""C112"":2,""C113"":4,""C114"":1,""C117"":2,""C122"":1,""C123"":2,""C124"":51,""C56"":1,""C60"":1,""C66"":1,""C71"":1,""C73"":1,""C75"":1,""C76"":1,""C78"":1,""C80"":1,""C81"":1,""C82"":2,""C84"":1,""C85"":4,""C86"":2,""C87"":1,""C90"":1,""C92"":1,""C94"":1,""C96"":1,""C98"":1}"
      2048,         0,      1885,   0.074,PymatchingGapSampler,ad2b3a1a92770969f6aee591103a546cc8e262147c3de1fdc372b0a74e048f37,"{""c"":""compiled-3q-multiplier-16-rotated-HXY"",""d1"":3,""d2"":5,""d3"":9,""noise"":""uniform"",""p"":0.016}","{""C101"":1,""C102"":2,""C104"":1,""C105"":4,""C107"":1,""C109"":2,""C110"":5,""C113"":4,""C115"":1,""C117"":1,""C118"":1,""C119"":2,""C120"":1,""C121"":1,""C122"":2,""C123"":1,""C124"":86,""C45"":2,""C52"":1,""C58"":2,""C60"":1,""C66"":1,""C67"":2,""C70"":1,""C72"":2,""C78"":1,""C79"":2,""C80"":2,""C82"":3,""C83"":2,""C84"":1,""C85"":11,""C87"":3,""C88"":1,""C90"":2,""C91"":2,""C92"":1,""C93"":1,""C95"":1,""C96"":1,""C99"":1}"
      2048,         1,      1831,   0.084,PymatchingGapSampler,336e25b1bec4b5b4d72a9b8b647208d8cd41e0a3b6f91162b5875e89139d6d8d,"{""c"":""compiled-3q-multiplier-1-rotated-HXY"",""d1"":3,""d2"":5,""d3"":9,""noise"":""uniform"",""p"":0.001}","{""C100"":2,""C101"":1,""C103"":3,""C104"":2,""C105"":2,""C106"":1,""C107"":3,""C109"":3,""C110"":3,""C112"":1,""C113"":5,""C115"":2,""C117"":1,""C118"":1,""C119"":1,""C120"":1,""C121"":1,""C122"":1,""C123"":2,""C124"":119,""C16"":1,""C28"":1,""C49"":1,""C51"":1,""C53"":1,""C58"":1,""C67"":2,""C68"":3,""C69"":1,""C70"":1,""C71"":2,""C72"":1,""C73"":1,""C75"":1,""C76"":1,""C77"":4,""C78"":1,""C80"":1,""C81"":2,""C82"":9,""C83"":1,""C84"":2,""C85"":8,""C86"":3,""C87"":4,""C88"":1,""C89"":2,""C92"":1,""C96"":1,""C97"":2,""E10"":1}"
      2048,         0,      1881,   0.069,PymatchingGapSampler,1799c3c0da3f62a62293dfcbce86ec31d862d6c965fb2bd8efc8492863084f95,"{""c"":""compiled-3q-multiplier-12-rotated-HXY"",""d1"":3,""d2"":5,""d3"":9,""noise"":""uniform"",""p"":0.012}","{""C103"":2,""C104"":3,""C105"":1,""C110"":4,""C111"":4,""C112"":2,""C113"":3,""C114"":1,""C115"":3,""C116"":1,""C118"":1,""C119"":1,""C120"":1,""C122"":2,""C123"":1,""C124"":87,""C44"":1,""C58"":2,""C60"":1,""C62"":1,""C63"":1,""C64"":2,""C67"":2,""C68"":2,""C70"":2,""C72"":1,""C74"":1,""C76"":1,""C77"":1,""C79"":2,""C82"":1,""C84"":2,""C85"":6,""C86"":3,""C87"":1,""C89"":1,""C9"":1,""C90"":2,""C91"":1,""C92"":2,""C93"":1,""C94"":2,""C96"":1,""C97"":3,""C98"":1,""C99"":2}"
      1024,         0,       910,   0.051,PymatchingGapSampler,f72b3c9b18e2657f6ba8a9e93dcf58e1295b123d787cf6e64894244511c6ee4c,"{""c"":""compiled-3q-multiplier-3-rotated-HXY"",""d1"":3,""d2"":5,""d3"":9,""noise"":""uniform"",""p"":0.003}","{""C100"":1,""C103"":1,""C104"":1,""C105"":2,""C106"":1,""C111"":2,""C112"":2,""C113"":4,""C115"":1,""C117"":1,""C120"":2,""C122"":1,""C123"":1,""C124"":66,""C47"":1,""C53"":1,""C57"":1,""C62"":1,""C65"":1,""C68"":1,""C72"":1,""C74"":2,""C80"":1,""C81"":1,""C82"":1,""C84"":1,""C85"":4,""C86"":1,""C89"":2,""C92"":3,""C93"":3,""C94"":1,""C98"":1}"
      7168,         0,      3171,   0.226,PymatchingGapSampler,3b6c05e615564709dbfa395808f2e19641a9b1a0d8cff5bf6b0c54daa36894dc,"{""c"":""compiled-3q-multiplier-1-rotated-HXY"",""d1"":3,""d2"":5,""d3"":9,""noise"":""uniform_atoms"",""p"":0.001}","{""C100"":27,""C101"":17,""C102"":31,""C103"":41,""C104"":8,""C105"":12,""C106"":46,""C107"":23,""C108"":40,""C109"":11,""C110"":11,""C111"":28,""C112"":22,""C113"":14,""C114"":19,""C115"":6,""C116"":20,""C117"":37,""C118"":36,""C119"":14,""C120"":32,""C121"":20,""C122"":25,""C123"":17,""C124"":9,""C125"":36,""C126"":34,""C127"":18,""C128"":21,""C129"":23,""C130"":52,""C131"":16,""C132"":29,""C133"":29,""C134"":29,""C135"":23,""C136"":52,""C137"":8,""C138"":34,""C139"":2613,""C16"":1,""C26"":1,""C29"":1,""C30"":2,""C33"":1,""C38"":1,""C43"":1,""C44"":1,""C46"":1,""C48"":1,""C50"":1,""C56"":1,""C57"":2,""C58"":1,""C59"":2,""C61"":3,""C62"":1,""C63"":2,""C64"":1,""C66"":1,""C67"":1,""C68"":4,""C69"":2,""C7"":1,""C70"":4,""C71"":3,""C72"":2,""C74"":2,""C75"":3,""C76"":2,""C77"":7,""C78"":6,""C79"":2,""C80"":5,""C81"":16,""C82"":3,""C83"":39,""C84"":14,""C85"":5,""C86"":10,""C87"":30,""C88"":28,""C89"":8,""C90"":36,""C91"":25,""C92"":4,""C93"":17,""C94"":25,""C95"":8,""C96"":11,""C97"":32,""C98"":12,""C99"":21}"
      2048,         0,      1847,   0.084,PymatchingGapSampler,ca1e269eb7e3cc81d333b9abe3cfa92061b38c0a57f57b74a7d59e6aebdb7133,"{""c"":""compiled-3q-multiplier-2-rotated-HXY"",""d1"":3,""d2"":5,""d3"":9,""noise"":""uniform"",""p"":0.002}","{""C102"":2,""C103"":2,""C104"":3,""C105"":4,""C106"":2,""C107"":1,""C109"":1,""C11"":1,""C110"":1,""C111"":1,""C112"":3,""C113"":2,""C114"":1,""C115"":1,""C116"":2,""C117"":3,""C118"":1,""C119"":2,""C120"":2,""C122"":1,""C124"":109,""C33"":1,""C36"":1,""C55"":1,""C62"":1,""C65"":1,""C68"":5,""C69"":1,""C70"":1,""C71"":2,""C72"":1,""C73"":2,""C75"":1,""C77"":1,""C78"":1,""C79"":3,""C80"":1,""C81"":4,""C82"":2,""C83"":1,""C84"":3,""C85"":7,""C86"":1,""C87"":5,""C89"":2,""C90"":3,""C92"":1,""C96"":2,""C97"":1}"
      2048,         0,      1920,   0.086,PymatchingGapSampler,ad2b3a1a92770969f6aee591103a546cc8e262147c3de1fdc372b0a74e048f37,"{""c"":""compiled-3q-multiplier-16-rotated-HXY"",""d1"":3,""d2"":5,""d3"":9,""noise"":""uniform"",""p"":0.016}","{""C1"":1,""C101"":1,""C102"":2,""C103"":1,""C104"":3,""C109"":2,""C110"":2,""C112"":3,""C113"":1,""C114"":4,""C115"":1,""C116"":1,""C118"":1,""C119"":1,""C120"":1,""C124"":68,""C58"":1,""C65"":1,""C66"":1,""C67"":3,""C68"":2,""C70"":1,""C72"":2,""C73"":1,""C74"":1,""C76"":1,""C79"":1,""C83"":4,""C84"":1,""C85"":3,""C86"":2,""C87"":1,""C89"":3,""C92"":3,""C93"":1,""C94"":2}"
      2048,         0,      1833,   0.084,PymatchingGapSampler,336e25b1bec4b5b4d72a9b8b647208d8cd41e0a3b6f91162b5875e89139d6d8d,"{""c"":""compiled-3q-multiplier-1-rotated-HXY"",""d1"":3,""d2"":5,""d3"":9,""noise"":""uniform"",""p"":0.001}","{""C100"":1,""C101"":1,""C102"":1,""C103"":2,""C104"":2,""C105"":4,""C106"":2,""C108"":1,""C109"":1,""C110"":4,""C112"":2,""C113"":4,""C114"":1,""C116"":1,""C117"":1,""C118"":1,""C119"":2,""C120"":1,""C122"":1,""C124"":112,""C16"":1,""C35"":1,""C41"":1,""C50"":2,""C56"":1,""C58"":1,""C64"":2,""C67"":3,""C68"":3,""C72"":2,""C73"":2,""C77"":1,""C80"":1,""C81"":3,""C82"":3,""C83"":2,""C84"":9,""C85"":6,""C86"":6,""C87"":1,""C88"":1,""C89"":1,""C90"":3,""C91"":2,""C92"":3,""C93"":1,""C94"":3,""C97"":4,""C98"":1}"
      2048,         0,      1840,   0.078,PymatchingGapSampler,f72b3c9b18e2657f6ba8a9e93dcf58e1295b123d787cf6e64894244511c6ee4c,"{""c"":""compiled-3q-multiplier-3-rotated-HXY"",""d1"":3,""d2"":5,""d3"":9,""noise"":""uniform"",""p"":0.003}","{""C101"":1,""C102"":2,""C103"":3,""C104"":1,""C105"":2,""C109"":2,""C110"":1,""C111"":1,""C112"":2,""C113"":4,""C114"":1,""C116"":1,""C118"":1,""C119"":2,""C120"":1,""C121"":1,""C122"":1,""C124"":128,""C27"":1,""C28"":1,""C49"":1,""C57"":1,""C58"":2,""C67"":1,""C68"":4,""C69"":1,""C73"":2,""C74"":2,""C76"":2,""C78"":1,""C79"":2,""C80"":1,""C81"":2,""C82"":5,""C83"":1,""C84"":6,""C85"":2,""C86"":3,""C87"":1,""C89"":1,""C90"":1,""C91"":1,""C92"":3,""C93"":3,""C94"":1,""C96"":1}"
     12288,         1,      8016,   0.281,PymatchingGapSampler,b5ef05b24abc92d86d9495c0b40efa77873b4d4896413cdea267f9f052052b98,"{""c"":""compiled-3q-multiplier-16-rotated-HXY"",""d1"":3,""d2"":5,""d3"":9,""noise"":""uniform_atoms"",""p"":0.016}","{""C100"":4,""C101"":26,""C102"":50,""C103"":15,""C104"":7,""C105"":29,""C106"":30,""C107"":25,""C108"":32,""C109"":9,""C110"":25,""C111"":17,""C112"":21,""C113"":37,""C114"":20,""C115"":19,""C116"":47,""C117"":26,""C118"":17,""C119"":10,""C120"":44,""C121"":25,""C122"":3,""C123"":19,""C124"":11,""C125"":32,""C126"":14,""C127"":11,""C128"":28,""C129"":44,""C130"":39,""C131"":14,""C132"":28,""C133"":15,""C134"":26,""C135"":73,""C136"":16,""C137"":21,""C138"":2838,""C16"":1,""C30"":2,""C32"":1,""C33"":1,""C34"":1,""C36"":1,""C39"":2,""C41"":1,""C45"":1,""C46"":3,""C54"":2,""C57"":1,""C58"":2,""C59"":1,""C60"":2,""C62"":1,""C64"":1,""C65"":1,""C66"":2,""C67"":2,""C68"":1,""C69"":2,""C70"":5,""C71"":3,""C72"":3,""C73"":3,""C74"":2,""C75"":5,""C76"":2,""C77"":15,""C78"":6,""C79"":6,""C80"":3,""C81"":21,""C82"":20,""C83"":34,""C84"":26,""C85"":19,""C86"":13,""C87"":53,""C88"":27,""C89"":1,""C90"":43,""C91"":10,""C92"":20,""C93"":10,""C94"":8,""C95"":11,""C96"":44,""C97"":3,""C98"":6,""C99"":50,""E34"":1}"
      3072,         0,      2856,   0.107,PymatchingGapSampler,1799c3c0da3f62a62293dfcbce86ec31d862d6c965fb2bd8efc8492863084f95,"{""c"":""compiled-3q-multiplier-12-rotated-HXY"",""d1"":3,""d2"":5,""d3"":9,""noise"":""uniform"",""p"":0.012}","{""C101"":1,""C102"":1,""C103"":2,""C104"":3,""C105"":1,""C107"":3,""C109"":3,""C110"":4,""C112"":3,""C113"":5,""C114"":3,""C115"":1,""C116"":1,""C117"":3,""C119"":2,""C121"":1,""C122"":2,""C123"":3,""C124"":107,""C36"":1,""C40"":1,""C45"":1,""C54"":1,""C58"":1,""C67"":4,""C68"":7,""C70"":3,""C71"":2,""C72"":1,""C74"":1,""C75"":1,""C76"":1,""C78"":1,""C79"":2,""C82"":3,""C83"":1,""C84"":2,""C85"":10,""C86"":5,""C87"":4,""C88"":1,""C89"":1,""C91"":1,""C92"":1,""C93"":3,""C94"":1,""C95"":1,""C96"":1,""C97"":2,""C98"":1,""C99"":1}"
      7168,         0,      3217,   0.290,PymatchingGapSampler,48745cbc9d131ede04aad5a664c79653032f86ac364eb54c884fc483279471f7,"{""c"":""compiled-3q-multiplier-2-rotated-HXY"",""d1"":3,""d2"":5,""d3"":9,""noise"":""uniform_atoms"",""p"":0.002}","{""C100"":22,""C101"":22,""C102"":28,""C103"":22,""C104"":20,""C105"":20,""C106"":24,""C107"":34,""C108"":28,""C109"":14,""C110"":29,""C111"":19,""C112"":10,""C113"":29,""C114"":15,""C115"":15,""C116"":49,""C117"":34,""C118"":28,""C119"":22,""C120"":35,""C121"":25,""C122"":13,""C123"":16,""C124"":14,""C125"":21,""C126"":32,""C127"":16,""C128"":24,""C129"":15,""C130"":37,""C131"":11,""C132"":25,""C133"":31,""C134"":22,""C135"":23,""C136"":39,""C137"":8,""C138"":52,""C139"":2581,""C26"":1,""C27"":2,""C29"":1,""C30"":1,""C32"":1,""C33"":1,""C38"":1,""C43"":1,""C45"":2,""C53"":1,""C54"":3,""C55"":2,""C57"":1,""C59"":1,""C60"":2,""C61"":1,""C63"":1,""C64"":2,""C65"":1,""C66"":1,""C67"":1,""C68"":3,""C69"":2,""C70"":3,""C71"":1,""C72"":5,""C73"":5,""C74"":3,""C75"":1,""C76"":4,""C77"":7,""C79"":4,""C80"":12,""C81"":18,""C82"":4,""C83"":40,""C84"":15,""C85"":2,""C86"":9,""C87"":30,""C88"":19,""C89"":12,""C90"":34,""C91"":12,""C92"":6,""C93"":20,""C94"":29,""C95"":12,""C96"":18,""C97"":20,""C98"":29,""C99"":20}"
      2048,         1,      1824,   0.083,PymatchingGapSampler,ca1e269eb7e3cc81d333b9abe3cfa92061b38c0a57f57b74a7d59e6aebdb7133,"{""c"":""compiled-3q-multiplier-2-rotated-HXY"",""d1"":3,""d2"":5,""d3"":9,""noise"":""uniform"",""p"":0.002}","{""C100"":1,""C101"":1,""C102"":3,""C103"":3,""C104"":3,""C105"":3,""C106"":2,""C107"":1,""C108"":1,""C109"":2,""C110"":2,""C112"":5,""C113"":4,""C114"":1,""C115"":1,""C117"":3,""C118"":1,""C120"":5,""C121"":1,""C122"":1,""C123"":2,""C124"":115,""C29"":1,""C30"":1,""C41"":1,""C44"":1,""C45"":1,""C47"":1,""C51"":1,""C54"":1,""C58"":1,""C65"":1,""C67"":2,""C68"":4,""C70"":1,""C71"":1,""C72"":2,""C73"":2,""C74"":1,""C76"":2,""C77"":1,""C78"":4,""C81"":1,""C82"":2,""C83"":2,""C84"":2,""C85"":6,""C86"":3,""C87"":3,""C89"":3,""C90"":4,""C91"":3,""C94"":1,""C97"":1,""C98"":1,""E28"":1}"
      3072,         0,      2865,   0.122,PymatchingGapSampler,ad2b3a1a92770969f6aee591103a546cc8e262147c3de1fdc372b0a74e048f37,"{""c"":""compiled-3q-multiplier-16-rotated-HXY"",""d1"":3,""d2"":5,""d3"":9,""noise"":""uniform"",""p"":0.016}","{""C102"":3,""C103"":4,""C104"":2,""C105"":3,""C107"":1,""C108"":1,""C109"":2,""C110"":2,""C111"":1,""C112"":4,""C113"":1,""C115"":1,""C117"":4,""C119"":2,""C120"":1,""C122"":2,""C123"":1,""C124"":108,""C44"":1,""C45"":1,""C48"":1,""C57"":1,""C59"":1,""C66"":1,""C67"":5,""C68"":4,""C72"":2,""C75"":1,""C76"":3,""C77"":2,""C79"":1,""C80"":3,""C81"":1,""C82"":4,""C83"":1,""C84"":2,""C85"":11,""C86"":1,""C87"":1,""C88"":2,""C89"":2,""C90"":2,""C91"":1,""C92"":3,""C93"":3,""C96"":1,""C99"":2}"
      9216,         0,      4439,   0.286,PymatchingGapSampler,fa07acd832628ab615a7950e66d49f62ecef29ab8105ac4c978b008bb87ecdec,"{""c"":""compiled-3q-multiplier-3-rotated-HXY"",""d1"":3,""d2"":5,""d3"":9,""noise"":""uniform_atoms"",""p"":0.003}","{""C100"":16,""C101"":17,""C102"":38,""C103"":34,""C104"":15,""C105"":41,""C106"":26,""C107"":36,""C108"":28,""C109"":17,""C110"":25,""C111"":36,""C112"":25,""C113"":25,""C114"":22,""C115"":24,""C116"":53,""C117"":34,""C118"":28,""C119"":22,""C120"":38,""C121"":27,""C122"":16,""C123"":20,""C124"":12,""C125"":36,""C126"":36,""C127"":17,""C128"":33,""C129"":16,""C130"":28,""C131"":28,""C132"":50,""C133"":25,""C134"":44,""C135"":57,""C136"":43,""C137"":9,""C138"":41,""C139"":3149,""C19"":1,""C21"":1,""C26"":1,""C35"":1,""C37"":1,""C38"":1,""C41"":2,""C46"":1,""C47"":2,""C48"":1,""C50"":1,""C51"":1,""C54"":1,""C55"":1,""C56"":1,""C57"":2,""C59"":1,""C60"":1,""C61"":2,""C62"":1,""C63"":1,""C64"":1,""C65"":5,""C67"":3,""C68"":6,""C69"":2,""C71"":4,""C72"":5,""C73"":2,""C74"":2,""C75"":3,""C76"":2,""C77"":9,""C78"":3,""C79"":2,""C80"":7,""C81"":24,""C82"":2,""C83"":44,""C84"":26,""C85"":1,""C86"":13,""C87"":25,""C88"":28,""C89"":22,""C90"":26,""C91"":11,""C92"":3,""C93"":26,""C94"":19,""C95"":27,""C96"":27,""C97"":11,""C98"":41,""C99"":33}"
      3072,         0,      2746,   0.118,PymatchingGapSampler,336e25b1bec4b5b4d72a9b8b647208d8cd41e0a3b6f91162b5875e89139d6d8d,"{""c"":""compiled-3q-multiplier-1-rotated-HXY"",""d1"":3,""d2"":5,""d3"":9,""noise"":""uniform"",""p"":0.001}","{""C100"":2,""C101"":1,""C102"":4,""C103"":2,""C104"":6,""C105"":1,""C106"":2,""C107"":2,""C109"":2,""C110"":4,""C112"":5,""C113"":7,""C114"":1,""C115"":4,""C116"":2,""C117"":4,""C120"":2,""C122"":1,""C123"":3,""C124"":183,""C13"":1,""C24"":1,""C30"":1,""C39"":1,""C41"":1,""C48"":1,""C52"":1,""C56"":2,""C58"":1,""C59"":2,""C63"":1,""C64"":1,""C65"":2,""C67"":2,""C68"":3,""C70"":7,""C72"":2,""C73"":3,""C76"":1,""C78"":3,""C79"":2,""C81"":3,""C82"":4,""C84"":5,""C85"":9,""C86"":7,""C87"":3,""C88"":1,""C89"":4,""C90"":2,""C92"":3,""C93"":2,""C94"":1,""C95"":1,""C96"":2,""C97"":1,""C98"":1}"
      3072,         0,      2775,   0.127,PymatchingGapSampler,f72b3c9b18e2657f6ba8a9e93dcf58e1295b123d787cf6e64894244511c6ee4c,"{""c"":""compiled-3q-multiplier-3-rotated-HXY"",""d1"":3,""d2"":5,""d3"":9,""noise"":""uniform"",""p"":0.003}","{""C100"":1,""C101"":3,""C102"":3,""C103"":2,""C104"":4,""C105"":7,""C106"":5,""C107"":3,""C108"":1,""C109"":5,""C110"":4,""C111"":1,""C112"":2,""C113"":7,""C114"":2,""C115"":2,""C116"":2,""C117"":1,""C118"":2,""C121"":2,""C122"":4,""C123"":2,""C124"":155,""C24"":1,""C30"":1,""C44"":1,""C45"":2,""C54"":1,""C56"":1,""C58"":1,""C59"":1,""C63"":3,""C65"":1,""C67"":3,""C68"":4,""C69"":2,""C70"":1,""C72"":2,""C73"":1,""C75"":2,""C76"":1,""C77"":1,""C78"":2,""C79"":1,""C81"":1,""C82"":4,""C83"":1,""C84"":5,""C85"":7,""C86"":7,""C87"":2,""C88"":1,""C89"":1,""C90"":4,""C91"":2,""C92"":2,""C93"":3,""C97"":3,""C98"":1}"
      3072,         0,      2804,   0.120,PymatchingGapSampler,1799c3c0da3f62a62293dfcbce86ec31d862d6c965fb2bd8efc8492863084f95,"{""c"":""compiled-3q-multiplier-12-rotated-HXY"",""d1"":3,""d2"":5,""d3"":9,""noise"":""uniform"",""p"":0.012}","{""C100"":1,""C101"":1,""C102"":3,""C103"":1,""C104"":6,""C105"":6,""C107"":1,""C109"":2,""C110"":5,""C111"":2,""C112"":3,""C113"":4,""C114"":2,""C115"":2,""C116"":2,""C117"":2,""C119"":5,""C122"":4,""C124"":145,""C27"":1,""C55"":1,""C58"":1,""C59"":1,""C62"":1,""C67"":4,""C68"":4,""C70"":5,""C72"":2,""C74"":2,""C76"":2,""C77"":1,""C78"":1,""C79"":2,""C80"":3,""C81"":1,""C82"":3,""C83"":2,""C84"":2,""C85"":6,""C86"":3,""C87"":2,""C88"":2,""C89"":5,""C90"":4,""C91"":1,""C92"":1,""C93"":2,""C96"":3,""C97"":2,""C99"":1}"
      3072,         0,      2765,   0.123,PymatchingGapSampler,ca1e269eb7e3cc81d333b9abe3cfa92061b38c0a57f57b74a7d59e6aebdb7133,"{""c"":""compiled-3q-multiplier-2-rotated-HXY"",""d1"":3,""d2"":5,""d3"":9,""noise"":""uniform"",""p"":0.002}","{""C100"":1,""C101"":3,""C102"":3,""C103"":2,""C104"":5,""C105"":4,""C106"":1,""C107"":1,""C108"":1,""C109"":3,""C110"":2,""C111"":1,""C112"":6,""C113"":5,""C114"":4,""C115"":1,""C117"":4,""C119"":1,""C120"":3,""C121"":1,""C122"":3,""C123"":1,""C124"":169,""C26"":1,""C27"":1,""C28"":1,""C44"":1,""C55"":1,""C64"":2,""C66"":1,""C67"":4,""C68"":5,""C69"":1,""C71"":1,""C72"":1,""C73"":3,""C75"":1,""C77"":1,""C78"":2,""C80"":2,""C81"":4,""C82"":2,""C84"":6,""C85"":11,""C86"":4,""C87"":1,""C89"":5,""C90"":3,""C92"":2,""C93"":3,""C94"":1,""C95"":2,""C96"":1,""C97"":4,""C98"":3,""C99"":1}"
     12288,         0,      7392,   0.303,PymatchingGapSampler,4a3d7bda5757f7bb69a442074b5181897af381a3b4dbe9ab72cc3997cc72a4c6,"{""c"":""compiled-3q-multiplier-12-rotated-HXY"",""d1"":3,""d2"":5,""d3"":9,""noise"":""uniform_atoms"",""p"":0.012}","{""C100"":37,""C101"":9,""C102"":35,""C103"":47,""C104"":6,""C105"":36,""C106"":42,""C107"":20,""C108"":38,""C109"":16,""C11"":1,""C110"":6,""C111"":39,""C112"":23,""C113"":19,""C114"":43,""C115"":27,""C116"":41,""C117"":42,""C118"":44,""C119"":4,""C120"":39,""C121"":24,""C122"":29,""C123"":19,""C124"":10,""C125"":36,""C126"":23,""C127"":11,""C128"":24,""C129"":21,""C130"":60,""C131"":39,""C132"":19,""C133"":55,""C134"":23,""C135"":28,""C136"":46,""C137"":23,""C138"":38,""C139"":3205,""C27"":1,""C29"":1,""C30"":1,""C36"":1,""C37"":1,""C41"":1,""C43"":1,""C45"":1,""C48"":1,""C49"":1,""C50"":2,""C51"":2,""C53"":3,""C55"":2,""C56"":2,""C58"":2,""C59"":2,""C61"":1,""C62"":2,""C63"":1,""C64"":2,""C65"":2,""C66"":5,""C67"":2,""C68"":3,""C70"":3,""C71"":2,""C72"":2,""C73"":2,""C74"":2,""C75"":6,""C76"":3,""C77"":2,""C78"":7,""C79"":1,""C80"":11,""C81"":23,""C82"":10,""C83"":61,""C84"":19,""C85"":11,""C86"":40,""C87"":21,""C88"":53,""C89"":4,""C90"":30,""C91"":23,""C92"":14,""C93"":38,""C94"":15,""C95"":15,""C96"":24,""C97"":37,""C98"":7,""C99"":20}"
      9216,         1,      4063,   0.298,PymatchingGapSampler,3b6c05e615564709dbfa395808f2e19641a9b1a0d8cff5bf6b0c54daa36894dc,"{""c"":""compiled-3q-multiplier-1-rotated-HXY"",""d1"":3,""d2"":5,""d3"":9,""noise"":""uniform_atoms"",""p"":0.001}","{""C100"":28,""C101"":19,""C102"":34,""C103"":38,""C104"":15,""C105"":15,""C106"":48,""C107"":27,""C108"":48,""C109"":22,""C110"":18,""C111"":28,""C112"":28,""C113"":14,""C114"":33,""C115"":31,""C116"":37,""C117"":65,""C118"":33,""C119"":9,""C120"":35,""C121"":22,""C122"":17,""C123"":21,""C124"":6,""C125"":45,""C126"":43,""C127"":22,""C128"":26,""C129"":23,""C130"":44,""C131"":18,""C132"":61,""C133"":34,""C134"":50,""C135"":29,""C136"":55,""C137"":9,""C138"":59,""C139"":3424,""C18"":1,""C25"":1,""C30"":2,""C34"":1,""C35"":1,""C36"":1,""C37"":1,""C39"":1,""C40"":1,""C41"":2,""C43"":1,""C44"":1,""C45"":1,""C46"":2,""C52"":4,""C53"":2,""C54"":1,""C56"":1,""C57"":3,""C58"":2,""C59"":2,""C60"":1,""C61"":1,""C62"":2,""C63"":1,""C64"":4,""C65"":1,""C67"":3,""C68"":3,""C69"":3,""C71"":5,""C72"":1,""C73"":5,""C74"":5,""C75"":2,""C76"":5,""C77"":5,""C78"":10,""C79"":3,""C80"":10,""C81"":27,""C82"":1,""C83"":43,""C84"":28,""C85"":2,""C86"":13,""C87"":25,""C88"":30,""C89"":10,""C90"":44,""C91"":28,""C92"":6,""C93"":17,""C94"":33,""C95"":7,""C96"":19,""C97"":34,""C98"":28,""C99"":22,""E5"":1}"
      5120,         0,      4773,   0.183,PymatchingGapSampler,ad2b3a1a92770969f6aee591103a546cc8e262147c3de1fdc372b0a74e048f37,"{""c"":""compiled-3q-multiplier-16-rotated-HXY"",""d1"":3,""d2"":5,""d3"":9,""noise"":""uniform"",""p"":0.016}","{""C100"":4,""C101"":3,""C102"":3,""C103"":3,""C104"":9,""C105"":7,""C106"":2,""C107"":2,""C108"":1,""C109"":2,""C110"":5,""C111"":1,""C112"":7,""C113"":6,""C114"":1,""C115"":1,""C116"":2,""C117"":4,""C118"":2,""C119"":2,""C120"":1,""C121"":2,""C122"":2,""C123"":1,""C124"":168,""C28"":1,""C33"":1,""C46"":1,""C47"":1,""C48"":1,""C59"":2,""C63"":2,""C64"":1,""C66"":1,""C67"":5,""C68"":5,""C70"":8,""C72"":2,""C75"":3,""C76"":1,""C77"":2,""C79"":1,""C80"":2,""C82"":8,""C83"":2,""C84"":5,""C85"":12,""C87"":6,""C88"":3,""C89"":6,""C90"":6,""C91"":2,""C92"":1,""C93"":4,""C95"":1,""C96"":1,""C97"":2,""C98"":2,""C99"":5}"
      4096,         0,      3636,   0.174,PymatchingGapSampler,336e25b1bec4b5b4d72a9b8b647208d8cd41e0a3b6f91162b5875e89139d6d8d,"{""c"":""compiled-3q-multiplier-1-rotated-HXY"",""d1"":3,""d2"":5,""d3"":9,""noise"":""uniform"",""p"":0.001}","{""C100"":1,""C101"":2,""C102"":1,""C103"":5,""C104"":7,""C105"":5,""C106"":1,""C107"":2,""C109"":4,""C110"":6,""C111"":1,""C112"":6,""C113"":13,""C114"":2,""C115"":2,""C116"":3,""C117"":4,""C118"":2,""C119"":1,""C120"":4,""C121"":2,""C122"":3,""C123"":2,""C124"":249,""C31"":1,""C34"":1,""C38"":1,""C44"":1,""C45"":1,""C50"":2,""C52"":2,""C57"":2,""C58"":3,""C59"":2,""C60"":1,""C62"":4,""C63"":2,""C64"":2,""C65"":2,""C67"":3,""C68"":8,""C69"":2,""C71"":2,""C73"":4,""C74"":3,""C75"":1,""C76"":1,""C77"":1,""C78"":4,""C79"":4,""C80"":3,""C81"":5,""C82"":4,""C83"":1,""C84"":7,""C85"":11,""C86"":8,""C87"":6,""C89"":10,""C90"":1,""C91"":1,""C92"":1,""C94"":2,""C95"":1,""C96"":2,""C97"":6,""C98"":1,""C99"":2}"
      4096,         0,      3772,   0.156,PymatchingGapSampler,1799c3c0da3f62a62293dfcbce86ec31d862d6c965fb2bd8efc8492863084f95,"{""c"":""compiled-3q-multiplier-12-rotated-HXY"",""d1"":3,""d2"":5,""d3"":9,""noise"":""uniform"",""p"":0.012}","{""C101"":1,""C102"":1,""C103"":4,""C104"":4,""C107"":2,""C108"":2,""C109"":5,""C110"":5,""C111"":2,""C112"":8,""C113"":4,""C114"":2,""C115"":5,""C116"":1,""C117"":6,""C119"":7,""C120"":1,""C121"":2,""C122"":1,""C123"":4,""C124"":151,""C15"":1,""C41"":1,""C48"":1,""C56"":2,""C57"":1,""C58"":1,""C61"":1,""C62"":1,""C64"":1,""C65"":1,""C67"":5,""C68"":5,""C69"":1,""C70"":2,""C71"":3,""C72"":4,""C73"":2,""C74"":2,""C76"":1,""C77"":1,""C78"":4,""C79"":3,""C80"":1,""C81"":4,""C82"":7,""C83"":3,""C84"":3,""C85"":11,""C86"":2,""C87"":6,""C88"":2,""C89"":5,""C90"":1,""C91"":4,""C92"":1,""C93"":2,""C94"":3,""C97"":3,""C98"":2,""C99"":2}"
      4096,         0,      3713,   0.177,PymatchingGapSampler,f72b3c9b18e2657f6ba8a9e93dcf58e1295b123d787cf6e64894244511c6ee4c,"{""c"":""compiled-3q-multiplier-3-rotated-HXY"",""d1"":3,""d2"":5,""d3"":9,""noise"":""uniform"",""p"":0.003}","{""C100"":2,""C101"":3,""C102"":2,""C103"":4,""C104"":4,""C105"":5,""C106"":3,""C107"":4,""C108"":1,""C109"":3,""C110"":2,""C112"":9,""C113"":10,""C114"":5,""C115"":1,""C116"":7,""C117"":1,""C119"":1,""C120"":4,""C122"":2,""C123"":2,""C124"":199,""C34"":1,""C42"":1,""C45"":1,""C52"":1,""C57"":1,""C60"":1,""C65"":2,""C67"":2,""C68"":6,""C69"":2,""C70"":4,""C71"":3,""C73"":4,""C74"":1,""C76"":2,""C78"":2,""C79"":1,""C80"":3,""C81"":4,""C82"":4,""C83"":1,""C84"":6,""C85"":12,""C86"":6,""C87"":6,""C88"":1,""C89"":7,""C90"":1,""C91"":4,""C92"":4,""C93"":4,""C94"":2,""C95"":2,""C96"":2,""C97"":3,""C99"":2}"
      4096,         0,      3661,   0.178,PymatchingGapSampler,ca1e269eb7e3cc81d333b9abe3cfa92061b38c0a57f57b74a7d59e6aebdb7133,"{""c"":""compiled-3q-multiplier-2-rotated-HXY"",""d1"":3,""d2"":5,""d3"":9,""noise"":""uniform"",""p"":0.002}","{""C10"":1,""C100"":1,""C101"":1,""C102"":4,""C103"":3,""C104"":6,""C105"":11,""C106"":3,""C107"":3,""C108"":2,""C109"":6,""C110"":8,""C112"":1,""C113"":13,""C114"":4,""C115"":1,""C116"":5,""C117"":5,""C118"":1,""C120"":4,""C122"":4,""C123"":4,""C124"":225,""C26"":3,""C41"":1,""C43"":1,""C45"":1,""C47"":1,""C52"":2,""C56"":1,""C57"":1,""C58"":2,""C60"":1,""C64"":1,""C65"":1,""C66"":1,""C67"":6,""C68"":9,""C69"":1,""C70"":4,""C71"":1,""C73"":1,""C76"":2,""C77"":1,""C78"":1,""C79"":3,""C8"":1,""C80"":1,""C81"":4,""C82"":6,""C83"":1,""C84"":6,""C85"":12,""C86"":3,""C87"":4,""C89"":3,""C90"":5,""C91"":3,""C92"":6,""C93"":3,""C94"":3,""C95"":1,""C96"":3,""C97"":5,""C98"":1,""C99"":2}"
     18432,         0,     11910,   0.416,PymatchingGapSampler,b5ef05b24abc92d86d9495c0b40efa77873b4d4896413cdea267f9f052052b98,"{""c"":""compiled-3q-multiplier-16-rotated-HXY"",""d1"":3,""d2"":5,""d3"":9,""noise"":""uniform_atoms"",""p"":0.016}","{""C100"":8,""C101"":24,""C102"":60,""C103"":34,""C104"":19,""C105"":51,""C106"":34,""C107"":41,""C108"":32,""C109"":16,""C110"":42,""C111"":33,""C112"":46,""C113"":57,""C114"":30,""C115"":38,""C116"":102,""C117"":38,""C118"":28,""C119"":24,""C120"":65,""C121"":32,""C122"":10,""C123"":47,""C124"":23,""C125"":62,""C126"":28,""C127"":8,""C128"":51,""C129"":57,""C130"":44,""C131"":28,""C132"":33,""C133"":36,""C134"":43,""C135"":108,""C136"":33,""C137"":39,""C138"":4255,""C24"":1,""C25"":2,""C27"":1,""C31"":1,""C33"":1,""C34"":1,""C35"":2,""C36"":1,""C41"":1,""C44"":3,""C45"":4,""C47"":3,""C49"":1,""C51"":2,""C52"":2,""C55"":4,""C56"":3,""C57"":2,""C60"":1,""C61"":1,""C62"":2,""C63"":2,""C64"":4,""C65"":2,""C66"":4,""C67"":3,""C68"":2,""C69"":2,""C70"":2,""C71"":1,""C72"":5,""C73"":4,""C74"":1,""C75"":4,""C76"":2,""C77"":17,""C78"":12,""C79"":3,""C80"":5,""C81"":32,""C82"":24,""C83"":34,""C84"":32,""C85"":43,""C86"":27,""C87"":58,""C88"":33,""C89"":9,""C90"":59,""C91"":25,""C92"":47,""C93"":21,""C94"":21,""C95"":25,""C96"":71,""C97"":12,""C98"":7,""C99"":69}"
     13312,         0,      6096,   0.415,PymatchingGapSampler,48745cbc9d131ede04aad5a664c79653032f86ac364eb54c884fc483279471f7,"{""c"":""compiled-3q-multiplier-2-rotated-HXY"",""d1"":3,""d2"":5,""d3"":9,""noise"":""uniform_atoms"",""p"":0.002}","{""C100"":31,""C101"":28,""C102"":41,""C103"":52,""C104"":39,""C105"":51,""C106"":38,""C107"":73,""C108"":70,""C109"":25,""C110"":45,""C111"":30,""C112"":41,""C113"":43,""C114"":31,""C115"":39,""C116"":89,""C117"":44,""C118"":51,""C119"":26,""C120"":56,""C121"":27,""C122"":31,""C123"":30,""C124"":22,""C125"":57,""C126"":61,""C127"":21,""C128"":42,""C129"":21,""C130"":51,""C131"":27,""C132"":59,""C133"":66,""C134"":55,""C135"":49,""C136"":70,""C137"":21,""C138"":80,""C139"":4693,""C20"":1,""C23"":1,""C26"":1,""C30"":2,""C33"":1,""C34"":1,""C36"":1,""C37"":1,""C38"":1,""C39"":1,""C40"":1,""C42"":1,""C43"":1,""C44"":1,""C45"":1,""C48"":1,""C50"":2,""C51"":1,""C52"":2,""C53"":3,""C54"":2,""C56"":1,""C57"":4,""C60"":5,""C61"":2,""C62"":4,""C63"":5,""C64"":1,""C65"":6,""C66"":2,""C67"":7,""C68"":5,""C69"":3,""C70"":4,""C71"":7,""C72"":6,""C73"":6,""C74"":10,""C75"":9,""C76"":4,""C77"":9,""C78"":8,""C79"":10,""C80"":13,""C81"":41,""C82"":4,""C83"":69,""C84"":35,""C85"":5,""C86"":15,""C87"":49,""C88"":30,""C89"":12,""C90"":60,""C91"":36,""C92"":3,""C93"":42,""C94"":32,""C95"":14,""C96"":32,""C97"":24,""C98"":84,""C99"":45}"
     13312,         0,      6380,   0.398,PymatchingGapSampler,fa07acd832628ab615a7950e66d49f62ecef29ab8105ac4c978b008bb87ecdec,"{""c"":""compiled-3q-multiplier-3-rotated-HXY"",""d1"":3,""d2"":5,""d3"":9,""noise"":""uniform_atoms"",""p"":0.003}","{""C100"":19,""C101"":25,""C102"":54,""C103"":49,""C104"":29,""C105"":49,""C106"":37,""C107"":41,""C108"":61,""C109"":27,""C110"":23,""C111"":36,""C112"":38,""C113"":33,""C114"":27,""C115"":48,""C116"":97,""C117"":51,""C118"":53,""C119"":36,""C120"":46,""C121"":38,""C122"":23,""C123"":48,""C124"":18,""C125"":53,""C126"":41,""C127"":18,""C128"":36,""C129"":20,""C130"":55,""C131"":27,""C132"":77,""C133"":36,""C134"":53,""C135"":75,""C136"":36,""C137"":8,""C138"":68,""C139"":4520,""C17"":1,""C27"":1,""C28"":2,""C30"":1,""C31"":1,""C32"":1,""C34"":2,""C35"":1,""C36"":2,""C37"":1,""C38"":2,""C42"":2,""C44"":1,""C45"":3,""C47"":2,""C52"":1,""C53"":2,""C55"":1,""C57"":5,""C58"":2,""C59"":2,""C60"":1,""C61"":2,""C62"":3,""C63"":5,""C64"":2,""C65"":3,""C66"":1,""C67"":3,""C68"":8,""C69"":1,""C70"":3,""C72"":2,""C73"":3,""C74"":4,""C75"":2,""C77"":11,""C78"":5,""C79"":8,""C80"":21,""C81"":41,""C82"":3,""C83"":76,""C84"":35,""C85"":2,""C86"":23,""C87"":64,""C88"":41,""C89"":41,""C90"":49,""C91"":26,""C92"":9,""C93"":37,""C94"":24,""C95"":52,""C96"":35,""C97"":14,""C98"":55,""C99"":52}"
      5120,         0,      4722,   0.209,PymatchingGapSampler,1799c3c0da3f62a62293dfcbce86ec31d862d6c965fb2bd8efc8492863084f95,"{""c"":""compiled-3q-multiplier-12-rotated-HXY"",""d1"":3,""d2"":5,""d3"":9,""noise"":""uniform"",""p"":0.012}","{""C100"":2,""C101"":2,""C102"":1,""C103"":6,""C104"":6,""C105"":2,""C106"":4,""C107"":4,""C108"":1,""C109"":7,""C110"":6,""C111"":3,""C112"":2,""C113"":3,""C116"":4,""C117"":6,""C119"":6,""C120"":1,""C122"":3,""C124"":218,""C35"":1,""C43"":2,""C46"":1,""C47"":2,""C50"":1,""C52"":1,""C59"":1,""C60"":1,""C63"":1,""C65"":1,""C66"":1,""C67"":6,""C68"":4,""C70"":2,""C71"":1,""C72"":2,""C75"":1,""C77"":3,""C80"":5,""C82"":7,""C83"":1,""C84"":7,""C85"":10,""C86"":6,""C87"":2,""C88"":3,""C89"":11,""C90"":3,""C91"":5,""C92"":6,""C93"":3,""C94"":1,""C96"":4,""C97"":3,""C99"":2}"
      6144,         0,      5731,   0.242,PymatchingGapSampler,ad2b3a1a92770969f6aee591103a546cc8e262147c3de1fdc372b0a74e048f37,"{""c"":""compiled-3q-multiplier-16-rotated-HXY"",""d1"":3,""d2"":5,""d3"":9,""noise"":""uniform"",""p"":0.016}","{""C101"":3,""C102"":1,""C103"":2,""C104"":6,""C105"":1,""C106"":2,""C107"":3,""C109"":6,""C110"":3,""C111"":1,""C112"":2,""C113"":4,""C114"":7,""C115"":7,""C117"":6,""C118"":1,""C119"":3,""C12"":1,""C120"":2,""C121"":1,""C122"":2,""C123"":2,""C124"":230,""C14"":1,""C24"":1,""C25"":1,""C32"":1,""C41"":1,""C44"":2,""C48"":1,""C51"":1,""C57"":1,""C60"":1,""C61"":1,""C64"":3,""C65"":5,""C66"":2,""C67"":5,""C68"":4,""C70"":4,""C72"":3,""C73"":1,""C74"":1,""C75"":1,""C76"":2,""C77"":3,""C78"":1,""C79"":3,""C80"":1,""C81"":3,""C82"":4,""C83"":5,""C84"":9,""C85"":16,""C86"":4,""C87"":2,""C89"":5,""C90"":2,""C91"":2,""C92"":3,""C93"":3,""C94"":1,""C95"":3,""C96"":2,""C99"":2}"
      6144,         0,      5427,   0.230,PymatchingGapSampler,336e25b1bec4b5b4d72a9b8b647208d8cd41e0a3b6f91162b5875e89139d6d8d,"{""c"":""compiled-3q-multiplier-1-rotated-HXY"",""d1"":3,""d2"":5,""d3"":9,""noise"":""uniform"",""p"":0.001}","{""C100"":3,""C101"":2,""C102"":4,""C103"":8,""C104"":15,""C105"":13,""C106"":4,""C107"":2,""C108"":1,""C109"":5,""C110"":7,""C111"":3,""C112"":11,""C113"":13,""C114"":4,""C115"":2,""C116"":1,""C117"":4,""C119"":4,""C120"":9,""C122"":4,""C123"":3,""C124"":412,""C28"":1,""C49"":1,""C51"":1,""C52"":1,""C53"":1,""C56"":1,""C57"":1,""C58"":1,""C62"":1,""C63"":2,""C64"":3,""C65"":2,""C66"":2,""C67"":8,""C68"":11,""C69"":4,""C70"":3,""C71"":2,""C73"":12,""C74"":2,""C76"":1,""C77"":3,""C78"":3,""C79"":3,""C80"":3,""C81"":8,""C82"":5,""C83"":8,""C84"":12,""C85"":23,""C86"":8,""C87"":10,""C88"":1,""C89"":10,""C90"":7,""C92"":5,""C93"":2,""C94"":5,""C95"":1,""C96"":1,""C97"":2,""C99"":2}"
      5120,         0,      4562,   0.219,PymatchingGapSampler,f72b3c9b18e2657f6ba8a9e93dcf58e1295b123d787cf6e64894244511c6ee4c,"{""c"":""compiled-3q-multiplier-3-rotated-HXY"",""d1"":3,""d2"":5,""d3"":9,""noise"":""uniform"",""p"":0.003}","{""C100"":2,""C101"":3,""C102"":2,""C103"":5,""C104"":6,""C105"":8,""C106"":2,""C107"":7,""C108"":1,""C109"":3,""C110"":7,""C111"":3,""C112"":6,""C113"":18,""C114"":11,""C115"":1,""C116"":5,""C117"":8,""C118"":3,""C119"":5,""C120"":7,""C121"":2,""C122"":4,""C123"":1,""C124"":302,""C26"":1,""C33"":1,""C41"":1,""C50"":1,""C57"":2,""C64"":3,""C65"":1,""C67"":5,""C68"":8,""C69"":2,""C70"":5,""C71"":3,""C72"":1,""C73"":6,""C76"":4,""C78"":5,""C79"":2,""C81"":2,""C82"":5,""C84"":10,""C85"":15,""C86"":6,""C87"":6,""C88"":2,""C89"":6,""C90"":6,""C91"":2,""C92"":3,""C93"":3,""C94"":3,""C95"":2,""C96"":3,""C97"":3,""C98"":4,""C99"":4}"
     16384,         0,      9824,   0.400,PymatchingGapSampler,4a3d7bda5757f7bb69a442074b5181897af381a3b4dbe9ab72cc3997cc72a4c6,"{""c"":""compiled-3q-multiplier-12-rotated-HXY"",""d1"":3,""d2"":5,""d3"":9,""noise"":""uniform_atoms"",""p"":0.012}","{""C100"":38,""C101"":8,""C102"":46,""C103"":61,""C104"":12,""C105"":49,""C106"":51,""C107"":33,""C108"":49,""C109"":25,""C110"":14,""C111"":40,""C112"":44,""C113"":21,""C114"":58,""C115"":35,""C116"":44,""C117"":49,""C118"":64,""C119"":12,""C120"":66,""C121"":40,""C122"":34,""C123"":23,""C124"":19,""C125"":51,""C126"":40,""C127"":18,""C128"":41,""C129"":25,""C130"":87,""C131"":41,""C132"":22,""C133"":60,""C134"":37,""C135"":43,""C136"":76,""C137"":35,""C138"":44,""C139"":4304,""C18"":1,""C33"":1,""C35"":1,""C37"":1,""C39"":1,""C42"":1,""C45"":1,""C47"":1,""C53"":2,""C56"":1,""C57"":3,""C58"":2,""C59"":3,""C60"":2,""C61"":1,""C62"":2,""C63"":4,""C64"":5,""C65"":8,""C66"":1,""C67"":2,""C68"":2,""C69"":5,""C70"":6,""C71"":4,""C72"":2,""C73"":5,""C74"":1,""C75"":3,""C76"":9,""C77"":9,""C78"":17,""C79"":6,""C80"":11,""C81"":24,""C82"":9,""C83"":59,""C84"":18,""C85"":6,""C86"":40,""C87"":38,""C88"":62,""C89"":11,""C90"":41,""C91"":32,""C92"":12,""C93"":43,""C94"":28,""C95"":25,""C96"":40,""C97"":42,""C98"":10,""C99"":37}"
      6144,         0,      5494,   0.249,PymatchingGapSampler,ca1e269eb7e3cc81d333b9abe3cfa92061b38c0a57f57b74a7d59e6aebdb7133,"{""c"":""compiled-3q-multiplier-2-rotated-HXY"",""d1"":3,""d2"":5,""d3"":9,""noise"":""uniform"",""p"":0.002}","{""C100"":2,""C101"":4,""C102"":6,""C103"":7,""C104"":10,""C105"":11,""C106"":3,""C107"":4,""C108"":2,""C109"":8,""C110"":14,""C111"":6,""C112"":6,""C113"":13,""C114"":8,""C115"":3,""C116"":5,""C117"":5,""C118"":1,""C119"":2,""C120"":3,""C122"":5,""C123"":1,""C124"":356,""C22"":1,""C28"":1,""C31"":1,""C32"":1,""C33"":1,""C43"":1,""C45"":1,""C46"":1,""C47"":1,""C48"":1,""C49"":2,""C50"":1,""C51"":1,""C54"":1,""C56"":2,""C57"":1,""C58"":1,""C60"":1,""C62"":1,""C64"":4,""C65"":2,""C67"":4,""C68"":5,""C69"":2,""C70"":6,""C71"":1,""C73"":5,""C74"":1,""C75"":4,""C76"":3,""C77"":1,""C78"":3,""C79"":1,""C80"":5,""C81"":4,""C82"":11,""C83"":4,""C84"":12,""C85"":20,""C86"":8,""C87"":8,""C88"":2,""C89"":7,""C90"":4,""C91"":2,""C92"":1,""C94"":2,""C95"":3,""C96"":3,""C97"":6}"
     12288,         0,      5309,   0.418,PymatchingGapSampler,3b6c05e615564709dbfa395808f2e19641a9b1a0d8cff5bf6b0c54daa36894dc,"{""c"":""compiled-3q-multiplier-1-rotated-HXY"",""d1"":3,""d2"":5,""d3"":9,""noise"":""uniform_atoms"",""p"":0.001}","{""C10"":1,""C100"":46,""C101"":34,""C102"":36,""C103"":62,""C104"":23,""C105"":23,""C106"":68,""C107"":39,""C108"":79,""C109"":24,""C110"":17,""C111"":43,""C112"":34,""C113"":29,""C114"":41,""C115"":47,""C116"":49,""C117"":80,""C118"":50,""C119"":36,""C120"":38,""C121"":38,""C122"":30,""C123"":36,""C124"":13,""C125"":52,""C126"":52,""C127"":16,""C128"":54,""C129"":25,""C130"":51,""C131"":23,""C132"":55,""C133"":72,""C134"":46,""C135"":52,""C136"":81,""C137"":18,""C138"":67,""C139"":4604,""C25"":1,""C26"":1,""C28"":1,""C29"":1,""C30"":1,""C32"":1,""C34"":1,""C35"":1,""C39"":1,""C42"":3,""C44"":1,""C48"":1,""C49"":1,""C51"":1,""C52"":2,""C53"":1,""C54"":2,""C55"":2,""C56"":1,""C57"":2,""C58"":4,""C59"":1,""C60"":3,""C61"":3,""C62"":2,""C63"":2,""C64"":3,""C65"":2,""C66"":1,""C67"":2,""C68"":4,""C70"":6,""C71"":2,""C72"":1,""C73"":5,""C75"":4,""C76"":7,""C77"":14,""C78"":9,""C79"":3,""C80"":18,""C81"":25,""C82"":5,""C83"":78,""C84"":32,""C85"":7,""C86"":12,""C87"":33,""C88"":40,""C89"":13,""C90"":51,""C91"":34,""C92"":7,""C93"":19,""C94"":44,""C95"":28,""C96"":27,""C97"":41,""C98"":41,""C99"":36}"
      7168,         0,      6458,   0.285,PymatchingGapSampler,f72b3c9b18e2657f6ba8a9e93dcf58e1295b123d787cf6e64894244511c6ee4c,"{""c"":""compiled-3q-multiplier-3-rotated-HXY"",""d1"":3,""d2"":5,""d3"":9,""noise"":""uniform"",""p"":0.003}","{""C1"":1,""C100"":1,""C101"":3,""C102"":7,""C103"":6,""C104"":9,""C105"":7,""C106"":4,""C107"":3,""C108"":2,""C109"":10,""C110"":13,""C111"":2,""C112"":3,""C113"":11,""C114"":5,""C115"":3,""C116"":7,""C117"":6,""C118"":3,""C120"":6,""C121"":1,""C122"":3,""C123"":4,""C124"":379,""C24"":1,""C29"":1,""C34"":1,""C35"":1,""C39"":1,""C42"":1,""C43"":1,""C49"":1,""C50"":2,""C53"":2,""C55"":1,""C57"":2,""C58"":1,""C59"":1,""C60"":2,""C62"":2,""C63"":2,""C65"":2,""C66"":2,""C67"":5,""C68"":8,""C69"":5,""C70"":3,""C72"":1,""C73"":5,""C74"":1,""C76"":5,""C77"":1,""C78"":4,""C79"":6,""C80"":2,""C81"":5,""C82"":12,""C83"":2,""C84"":13,""C85"":23,""C86"":9,""C87"":10,""C89"":11,""C90"":8,""C91"":4,""C92"":7,""C93"":10,""C94"":4,""C95"":2,""C96"":4,""C97"":7,""C98"":4,""C99"":3}"
      8192,         0,      7552,   0.312,PymatchingGapSampler,1799c3c0da3f62a62293dfcbce86ec31d862d6c965fb2bd8efc8492863084f95,"{""c"":""compiled-3q-multiplier-12-rotated-HXY"",""d1"":3,""d2"":5,""d3"":9,""noise"":""uniform"",""p"":0.012}","{""C100"":2,""C101"":4,""C102"":7,""C103"":8,""C104"":10,""C105"":5,""C106"":4,""C107"":4,""C108"":2,""C109"":8,""C110"":6,""C111"":3,""C112"":5,""C113"":9,""C114"":4,""C115"":6,""C116"":10,""C117"":10,""C118"":1,""C119"":9,""C120"":3,""C122"":6,""C123"":3,""C124"":347,""C25"":1,""C29"":1,""C30"":1,""C40"":1,""C42"":1,""C47"":2,""C52"":2,""C56"":2,""C57"":1,""C58"":2,""C63"":1,""C64"":1,""C65"":2,""C66"":2,""C67"":5,""C68"":6,""C69"":1,""C70"":4,""C71"":1,""C72"":2,""C73"":4,""C74"":5,""C76"":4,""C77"":2,""C78"":4,""C79"":3,""C80"":2,""C81"":2,""C82"":10,""C83"":3,""C84"":8,""C85"":15,""C86"":14,""C87"":5,""C88"":3,""C89"":5,""C90"":2,""C91"":5,""C92"":7,""C93"":2,""C94"":1,""C95"":1,""C96"":6,""C97"":2,""C98"":5,""C99"":5}"
      8192,         0,      7664,   0.321,PymatchingGapSampler,ad2b3a1a92770969f6aee591103a546cc8e262147c3de1fdc372b0a74e048f37,"{""c"":""compiled-3q-multiplier-16-rotated-HXY"",""d1"":3,""d2"":5,""d3"":9,""noise"":""uniform"",""p"":0.016}","{""C100"":2,""C101"":3,""C102"":4,""C103"":3,""C104"":10,""C105"":3,""C106"":4,""C107"":2,""C109"":4,""C110"":5,""C111"":3,""C112"":5,""C113"":6,""C114"":6,""C115"":2,""C116"":2,""C117"":6,""C119"":5,""C120"":1,""C121"":1,""C122"":6,""C123"":2,""C124"":303,""C32"":1,""C46"":1,""C47"":1,""C49"":2,""C56"":1,""C58"":1,""C59"":2,""C60"":1,""C61"":1,""C63"":1,""C66"":5,""C67"":6,""C68"":4,""C70"":5,""C72"":3,""C73"":2,""C74"":2,""C75"":1,""C76"":2,""C77"":3,""C78"":6,""C79"":2,""C80"":3,""C81"":9,""C82"":2,""C83"":6,""C84"":6,""C85"":17,""C86"":5,""C87"":3,""C88"":2,""C89"":7,""C90"":7,""C91"":2,""C92"":4,""C93"":3,""C94"":1,""C97"":5,""C98"":2,""C99"":3}"
      8192,         0,      7287,   0.319,PymatchingGapSampler,336e25b1bec4b5b4d72a9b8b647208d8cd41e0a3b6f91162b5875e89139d6d8d,"{""c"":""compiled-3q-multiplier-1-rotated-HXY"",""d1"":3,""d2"":5,""d3"":9,""noise"":""uniform"",""p"":0.001}","{""C100"":3,""C101"":9,""C102"":8,""C103"":9,""C104"":22,""C105"":8,""C106"":4,""C107"":6,""C108"":2,""C109"":10,""C110"":6,""C111"":5,""C112"":9,""C113"":17,""C114"":9,""C115"":4,""C116"":8,""C117"":13,""C118"":5,""C119"":6,""C120"":6,""C121"":3,""C122"":1,""C123"":4,""C124"":487,""C18"":1,""C27"":1,""C30"":2,""C31"":3,""C36"":1,""C39"":1,""C40"":1,""C41"":1,""C42"":1,""C44"":1,""C45"":2,""C48"":2,""C49"":2,""C52"":1,""C53"":1,""C54"":1,""C56"":1,""C57"":3,""C58"":2,""C59"":1,""C60"":1,""C61"":2,""C62"":1,""C63"":2,""C64"":1,""C65"":1,""C67"":7,""C68"":16,""C69"":6,""C70"":8,""C71"":2,""C73"":2,""C74"":1,""C75"":3,""C76"":4,""C77"":3,""C78"":10,""C79"":2,""C80"":3,""C81"":6,""C82"":7,""C83"":1,""C84"":6,""C85"":32,""C86"":19,""C87"":8,""C88"":1,""C89"":6,""C90"":7,""C91"":3,""C92"":7,""C93"":1,""C94"":8,""C95"":2,""C96"":3,""C97"":6,""C98"":6,""C99"":8}"
      7168,         0,      6402,   0.299,PymatchingGapSampler,ca1e269eb7e3cc81d333b9abe3cfa92061b38c0a57f57b74a7d59e6aebdb7133,"{""c"":""compiled-3q-multiplier-2-rotated-HXY"",""d1"":3,""d2"":5,""d3"":9,""noise"":""uniform"",""p"":0.002}","{""C100"":7,""C101"":1,""C102"":3,""C103"":7,""C104"":14,""C105"":13,""C106"":4,""C107"":6,""C108"":1,""C109"":4,""C110"":9,""C111"":1,""C112"":5,""C113"":9,""C114"":6,""C115"":2,""C116"":5,""C117"":5,""C118"":4,""C119"":2,""C120"":7,""C121"":1,""C122"":8,""C123"":5,""C124"":411,""C30"":1,""C40"":1,""C49"":3,""C50"":1,""C51"":2,""C53"":1,""C54"":1,""C56"":1,""C57"":4,""C59"":2,""C61"":2,""C67"":7,""C68"":16,""C69"":5,""C70"":7,""C71"":2,""C72"":3,""C73"":13,""C74"":4,""C75"":5,""C76"":3,""C77"":4,""C78"":7,""C79"":3,""C80"":5,""C81"":3,""C82"":5,""C83"":1,""C84"":11,""C85"":23,""C86"":12,""C87"":9,""C88"":2,""C89"":7,""C90"":9,""C91"":2,""C92"":10,""C93"":8,""C94"":1,""C95"":4,""C96"":4,""C97"":6,""C98"":2,""C99"":4}"
     26624,         0,     17362,   0.564,PymatchingGapSampler,b5ef05b24abc92d86d9495c0b40efa77873b4d4896413cdea267f9f052052b98,"{""c"":""compiled-3q-multiplier-16-rotated-HXY"",""d1"":3,""d2"":5,""d3"":9,""noise"":""uniform_atoms"",""p"":0.016}","{""C100"":11,""C101"":41,""C102"":80,""C103"":36,""C104"":19,""C105"":76,""C106"":43,""C107"":54,""C108"":39,""C109"":26,""C110"":47,""C111"":43,""C112"":48,""C113"":70,""C114"":39,""C115"":39,""C116"":114,""C117"":51,""C118"":32,""C119"":27,""C120"":97,""C121"":47,""C122"":16,""C123"":42,""C124"":42,""C125"":86,""C126"":56,""C127"":12,""C128"":65,""C129"":89,""C130"":69,""C131"":30,""C132"":86,""C133"":53,""C134"":68,""C135"":149,""C136"":47,""C137"":48,""C138"":6122,""C24"":1,""C25"":1,""C28"":1,""C29"":1,""C30"":2,""C34"":1,""C38"":1,""C39"":1,""C41"":1,""C42"":1,""C43"":1,""C44"":1,""C46"":2,""C50"":2,""C51"":1,""C52"":2,""C53"":2,""C54"":3,""C55"":3,""C56"":1,""C57"":6,""C58"":4,""C59"":2,""C60"":5,""C61"":5,""C62"":2,""C63"":3,""C64"":5,""C65"":5,""C66"":2,""C67"":2,""C68"":3,""C69"":3,""C70"":3,""C71"":6,""C72"":9,""C73"":6,""C74"":9,""C75"":4,""C76"":9,""C77"":37,""C78"":9,""C79"":13,""C80"":8,""C81"":54,""C82"":38,""C83"":52,""C84"":35,""C85"":48,""C86"":36,""C87"":82,""C88"":54,""C89"":5,""C90"":91,""C91"":27,""C92"":56,""C93"":32,""C94"":34,""C95"":28,""C96"":109,""C97"":16,""C98"":13,""C99"":104}"
     17408,         1,      7832,   0.569,PymatchingGapSampler,48745cbc9d131ede04aad5a664c79653032f86ac364eb54c884fc483279471f7,"{""c"":""compiled-3q-multiplier-2-rotated-HXY"",""d1"":3,""d2"":5,""d3"":9,""noise"":""uniform_atoms"",""p"":0.002}","{""C100"":40,""C101"":39,""C102"":68,""C103"":53,""C104"":49,""C105"":70,""C106"":47,""C107"":72,""C108"":91,""C109"":21,""C110"":45,""C111"":50,""C112"":45,""C113"":50,""C114"":34,""C115"":58,""C116"":136,""C117"":90,""C118"":79,""C119"":43,""C120"":73,""C121"":55,""C122"":37,""C123"":33,""C124"":30,""C125"":78,""C126"":54,""C127"":42,""C128"":54,""C129"":35,""C130"":84,""C131"":29,""C132"":84,""C133"":99,""C134"":54,""C135"":59,""C136"":101,""C137"":22,""C138"":108,""C139"":6165,""C25"":1,""C27"":1,""C28"":2,""C29"":2,""C30"":1,""C31"":1,""C32"":1,""C33"":1,""C34"":1,""C35"":1,""C36"":1,""C39"":1,""C4"":1,""C40"":1,""C41"":1,""C42"":1,""C45"":3,""C47"":1,""C48"":2,""C51"":1,""C52"":3,""C53"":3,""C54"":3,""C55"":1,""C56"":2,""C57"":3,""C58"":1,""C59"":3,""C60"":9,""C61"":5,""C62"":4,""C63"":1,""C64"":6,""C65"":8,""C66"":4,""C67"":7,""C68"":7,""C69"":4,""C70"":9,""C71"":4,""C72"":8,""C73"":5,""C74"":6,""C75"":5,""C76"":7,""C77"":18,""C78"":14,""C79"":9,""C80"":19,""C81"":42,""C82"":7,""C83"":111,""C84"":54,""C85"":10,""C86"":20,""C87"":79,""C88"":50,""C89"":29,""C9"":1,""C90"":85,""C91"":26,""C92"":13,""C93"":43,""C94"":37,""C95"":36,""C96"":52,""C97"":44,""C98"":79,""C99"":78,""E6"":1}"
     17408,         0,      8248,   0.584,PymatchingGapSampler,fa07acd832628ab615a7950e66d49f62ecef29ab8105ac4c978b008bb87ecdec,"{""c"":""compiled-3q-multiplier-3-rotated-HXY"",""d1"":3,""d2"":5,""d3"":9,""noise"":""uniform_atoms"",""p"":0.003}","{""C10"":1,""C100"":30,""C101"":31,""C102"":64,""C103"":45,""C104"":38,""C105"":66,""C106"":55,""C107"":54,""C108"":85,""C109"":25,""C110"":52,""C111"":42,""C112"":44,""C113"":53,""C114"":37,""C115"":53,""C116"":118,""C117"":60,""C118"":80,""C119"":29,""C120"":59,""C121"":41,""C122"":29,""C123"":56,""C124"":25,""C125"":60,""C126"":64,""C127"":39,""C128"":54,""C129"":36,""C130"":72,""C131"":56,""C132"":83,""C133"":49,""C134"":71,""C135"":102,""C136"":72,""C137"":22,""C138"":95,""C139"":5954,""C23"":2,""C27"":1,""C28"":1,""C29"":3,""C30"":1,""C31"":4,""C32"":2,""C33"":1,""C35"":2,""C36"":1,""C38"":3,""C39"":1,""C40"":1,""C41"":2,""C43"":1,""C44"":1,""C45"":1,""C47"":3,""C50"":1,""C51"":1,""C52"":4,""C53"":2,""C54"":2,""C55"":3,""C56"":2,""C57"":2,""C58"":3,""C59"":3,""C61"":4,""C62"":10,""C63"":4,""C64"":3,""C65"":8,""C66"":7,""C67"":8,""C68"":7,""C69"":2,""C70"":4,""C71"":6,""C72"":7,""C73"":7,""C74"":6,""C75"":5,""C76"":2,""C77"":11,""C78"":14,""C79"":7,""C80"":15,""C81"":43,""C82"":2,""C83"":111,""C84"":56,""C85"":3,""C86"":27,""C87"":62,""C88"":67,""C89"":44,""C90"":63,""C91"":27,""C92"":6,""C93"":51,""C94"":32,""C95"":58,""C96"":51,""C97"":22,""C98"":71,""C99"":72}"
     21504,         0,     12917,   0.556,PymatchingGapSampler,4a3d7bda5757f7bb69a442074b5181897af381a3b4dbe9ab72cc3997cc72a4c6,"{""c"":""compiled-3q-multiplier-12-rotated-HXY"",""d1"":3,""d2"":5,""d3"":9,""noise"":""uniform_atoms"",""p"":0.012}","{""C100"":51,""C101"":20,""C102"":75,""C103"":81,""C104"":16,""C105"":60,""C106"":62,""C107"":48,""C108"":63,""C109"":33,""C110"":27,""C111"":53,""C112"":51,""C113"":31,""C114"":70,""C115"":45,""C116"":62,""C117"":59,""C118"":86,""C119"":22,""C120"":61,""C121"":57,""C122"":47,""C123"":42,""C124"":33,""C125"":83,""C126"":54,""C127"":18,""C128"":42,""C129"":24,""C130"":113,""C131"":48,""C132"":29,""C133"":84,""C134"":50,""C135"":78,""C136"":91,""C137"":40,""C138"":74,""C139"":5554,""C14"":1,""C2"":1,""C20"":1,""C30"":2,""C35"":1,""C36"":1,""C38"":1,""C39"":2,""C42"":2,""C43"":1,""C44"":2,""C45"":2,""C46"":2,""C47"":2,""C48"":1,""C49"":1,""C50"":1,""C52"":2,""C53"":1,""C55"":1,""C56"":1,""C57"":3,""C58"":2,""C60"":4,""C61"":3,""C62"":1,""C63"":5,""C64"":4,""C65"":4,""C66"":3,""C67"":2,""C68"":2,""C69"":4,""C70"":4,""C71"":5,""C72"":6,""C73"":7,""C74"":8,""C75"":8,""C76"":9,""C77"":9,""C78"":33,""C79"":12,""C8"":1,""C80"":12,""C81"":36,""C82"":14,""C83"":96,""C84"":28,""C85"":17,""C86"":62,""C87"":49,""C88"":74,""C89"":12,""C90"":47,""C91"":46,""C92"":21,""C93"":50,""C94"":31,""C95"":35,""C96"":51,""C97"":57,""C98"":16,""C99"":28}"
     16384,         0,      7226,   0.552,PymatchingGapSampler,3b6c05e615564709dbfa395808f2e19641a9b1a0d8cff5bf6b0c54daa36894dc,"{""c"":""compiled-3q-multiplier-1-rotated-HXY"",""d1"":3,""d2"":5,""d3"":9,""noise"":""uniform_atoms"",""p"":0.001}","{""C10"":1,""C100"":76,""C101"":38,""C102"":51,""C103"":75,""C104"":38,""C105"":35,""C106"":66,""C107"":35,""C108"":109,""C109"":33,""C110"":30,""C111"":56,""C112"":53,""C113"":34,""C114"":69,""C115"":50,""C116"":74,""C117"":96,""C118"":70,""C119"":34,""C120"":72,""C121"":45,""C122"":35,""C123"":53,""C124"":17,""C125"":85,""C126"":56,""C127"":36,""C128"":41,""C129"":32,""C130"":83,""C131"":42,""C132"":63,""C133"":83,""C134"":54,""C135"":71,""C136"":104,""C137"":21,""C138"":106,""C139"":5979,""C20"":1,""C22"":1,""C25"":1,""C30"":1,""C31"":2,""C33"":1,""C35"":1,""C36"":1,""C37"":1,""C38"":1,""C39"":1,""C41"":3,""C42"":1,""C43"":1,""C44"":1,""C46"":1,""C47"":3,""C49"":1,""C51"":3,""C52"":1,""C53"":4,""C54"":2,""C55"":1,""C56"":4,""C58"":6,""C60"":5,""C61"":5,""C62"":3,""C63"":7,""C64"":3,""C65"":6,""C66"":3,""C67"":3,""C68"":5,""C69"":5,""C70"":4,""C71"":2,""C72"":5,""C73"":5,""C74"":9,""C75"":10,""C76"":4,""C77"":15,""C78"":9,""C79"":7,""C80"":25,""C81"":37,""C82"":5,""C83"":96,""C84"":50,""C85"":4,""C86"":16,""C87"":58,""C88"":55,""C89"":24,""C90"":74,""C91"":42,""C92"":12,""C93"":34,""C94"":54,""C95"":28,""C96"":24,""C97"":51,""C98"":58,""C99"":51}"
     10240,         0,      9546,   0.397,PymatchingGapSampler,ad2b3a1a92770969f6aee591103a546cc8e262147c3de1fdc372b0a74e048f37,"{""c"":""compiled-3q-multiplier-16-rotated-HXY"",""d1"":3,""d2"":5,""d3"":9,""noise"":""uniform"",""p"":0.016}","{""C100"":1,""C101"":7,""C102"":11,""C103"":6,""C104"":13,""C105"":10,""C106"":4,""C107"":1,""C109"":6,""C11"":1,""C110"":13,""C111"":4,""C112"":5,""C113"":8,""C114"":4,""C115"":1,""C116"":8,""C117"":6,""C118"":5,""C119"":5,""C120"":1,""C121"":2,""C122"":1,""C123"":4,""C124"":372,""C30"":1,""C34"":1,""C39"":1,""C42"":1,""C43"":1,""C45"":1,""C48"":1,""C50"":1,""C54"":1,""C55"":1,""C58"":3,""C59"":1,""C63"":2,""C64"":4,""C65"":1,""C66"":3,""C67"":11,""C68"":9,""C70"":11,""C71"":1,""C72"":4,""C73"":2,""C74"":3,""C75"":1,""C76"":5,""C77"":6,""C78"":3,""C79"":1,""C80"":3,""C81"":8,""C82"":6,""C83"":5,""C84"":10,""C85"":33,""C86"":3,""C87"":3,""C88"":7,""C89"":7,""C90"":2,""C91"":1,""C92"":2,""C93"":7,""C94"":3,""C95"":2,""C96"":2,""C97"":8,""C98"":1,""C99"":1}"
     10240,         0,      9103,   0.408,PymatchingGapSampler,336e25b1bec4b5b4d72a9b8b647208d8cd41e0a3b6f91162b5875e89139d6d8d,"{""c"":""compiled-3q-multiplier-1-rotated-HXY"",""d1"":3,""d2"":5,""d3"":9,""noise"":""uniform"",""p"":0.001}","{""C100"":5,""C101"":3,""C102"":6,""C103"":11,""C104"":26,""C105"":16,""C106"":7,""C107"":5,""C108"":6,""C109"":13,""C110"":10,""C111"":2,""C112"":17,""C113"":29,""C114"":9,""C115"":12,""C116"":3,""C117"":10,""C118"":3,""C119"":4,""C120"":12,""C121"":3,""C122"":6,""C123"":6,""C124"":595,""C15"":1,""C26"":1,""C35"":1,""C38"":2,""C40"":2,""C43"":1,""C46"":2,""C49"":1,""C51"":1,""C52"":2,""C53"":4,""C54"":1,""C55"":1,""C58"":3,""C61"":2,""C62"":1,""C63"":3,""C64"":2,""C65"":3,""C66"":1,""C67"":5,""C68"":22,""C69"":10,""C70"":9,""C71"":3,""C72"":1,""C73"":11,""C74"":3,""C75"":4,""C76"":6,""C77"":4,""C78"":4,""C79"":8,""C80"":3,""C81"":6,""C82"":11,""C83"":3,""C84"":16,""C85"":43,""C86"":17,""C87"":4,""C88"":3,""C89"":19,""C90"":7,""C91"":3,""C92"":11,""C93"":6,""C94"":10,""C95"":4,""C96"":6,""C97"":6,""C98"":5,""C99"":10}"
     11264,         0,     10101,   0.436,PymatchingGapSampler,f72b3c9b18e2657f6ba8a9e93dcf58e1295b123d787cf6e64894244511c6ee4c,"{""c"":""compiled-3q-multiplier-3-rotated-HXY"",""d1"":3,""d2"":5,""d3"":9,""noise"":""uniform"",""p"":0.003}","{""C100"":8,""C101"":7,""C102"":5,""C103"":9,""C104"":23,""C105"":10,""C106"":10,""C107"":9,""C108"":5,""C109"":12,""C11"":1,""C110"":13,""C111"":2,""C112"":6,""C113"":28,""C114"":16,""C115"":5,""C116"":7,""C117"":14,""C118"":5,""C120"":9,""C122"":13,""C123"":6,""C124"":599,""C15"":1,""C23"":1,""C25"":2,""C30"":1,""C33"":1,""C35"":1,""C37"":1,""C42"":2,""C44"":1,""C45"":1,""C46"":1,""C48"":1,""C49"":1,""C53"":1,""C54"":1,""C55"":3,""C56"":1,""C57"":1,""C58"":4,""C59"":2,""C60"":2,""C61"":2,""C62"":3,""C63"":1,""C65"":7,""C67"":10,""C68"":20,""C69"":10,""C70"":10,""C71"":2,""C72"":5,""C73"":5,""C74"":3,""C75"":5,""C76"":6,""C77"":4,""C78"":5,""C79"":7,""C80"":4,""C81"":12,""C82"":20,""C83"":5,""C84"":17,""C85"":30,""C86"":19,""C87"":9,""C88"":2,""C89"":13,""C90"":10,""C91"":5,""C92"":14,""C93"":4,""C94"":6,""C95"":6,""C96"":7,""C97"":9,""C98"":6,""C99"":8}"
     11264,         0,     10393,   0.434,PymatchingGapSampler,1799c3c0da3f62a62293dfcbce86ec31d862d6c965fb2bd8efc8492863084f95,"{""c"":""compiled-3q-multiplier-12-rotated-HXY"",""d1"":3,""d2"":5,""d3"":9,""noise"":""uniform"",""p"":0.012}","{""C100"":6,""C101"":4,""C102"":7,""C103"":10,""C104"":13,""C105"":8,""C106"":5,""C107"":4,""C108"":1,""C109"":15,""C11"":2,""C110"":6,""C111"":8,""C112"":8,""C113"":15,""C114"":4,""C115"":5,""C116"":5,""C117"":8,""C118"":2,""C119"":9,""C120"":3,""C121"":4,""C122"":8,""C123"":3,""C124"":465,""C27"":1,""C32"":1,""C34"":1,""C40"":1,""C44"":1,""C46"":1,""C48"":2,""C49"":1,""C51"":1,""C54"":1,""C55"":1,""C56"":1,""C59"":1,""C63"":3,""C65"":1,""C66"":4,""C67"":18,""C68"":7,""C69"":1,""C70"":12,""C71"":1,""C72"":10,""C73"":3,""C74"":2,""C75"":2,""C76"":2,""C77"":1,""C78"":4,""C79"":4,""C8"":1,""C80"":6,""C81"":5,""C82"":14,""C83"":6,""C84"":10,""C85"":20,""C86"":17,""C87"":7,""C88"":10,""C89"":14,""C90"":8,""C91"":4,""C92"":6,""C93"":4,""C94"":3,""C95"":4,""C96"":4,""C97"":4,""C98"":4,""C99"":3}"
     10240,         0,      9157,   0.405,PymatchingGapSampler,ca1e269eb7e3cc81d333b9abe3cfa92061b38c0a57f57b74a7d59e6aebdb7133,"{""c"":""compiled-3q-multiplier-2-rotated-HXY"",""d1"":3,""d2"":5,""d3"":9,""noise"":""uniform"",""p"":0.002}","{""C100"":5,""C101"":6,""C102"":5,""C103"":9,""C104"":13,""C105"":17,""C106"":2,""C107"":11,""C109"":10,""C110"":13,""C111"":3,""C112"":15,""C113"":19,""C114"":7,""C115"":5,""C116"":9,""C117"":11,""C118"":3,""C119"":3,""C12"":1,""C120"":10,""C121"":3,""C122"":4,""C123"":11,""C124"":586,""C18"":1,""C27"":1,""C29"":1,""C32"":1,""C33"":1,""C35"":1,""C42"":1,""C43"":1,""C47"":1,""C48"":1,""C50"":1,""C52"":1,""C53"":1,""C54"":1,""C55"":1,""C56"":1,""C57"":1,""C58"":2,""C59"":3,""C60"":3,""C62"":2,""C63"":2,""C64"":4,""C65"":3,""C67"":1,""C68"":24,""C69"":10,""C70"":8,""C71"":3,""C72"":2,""C73"":8,""C74"":6,""C75"":6,""C76"":2,""C77"":7,""C78"":6,""C79"":4,""C80"":5,""C81"":6,""C82"":19,""C83"":4,""C84"":11,""C85"":31,""C86"":16,""C87"":10,""C88"":3,""C89"":15,""C90"":11,""C91"":4,""C92"":5,""C93"":10,""C94"":6,""C95"":1,""C96"":4,""C97"":11,""C98"":6,""C99"":1}"
     14336,         0,     13304,   0.562,PymatchingGapSampler,ad2b3a1a92770969f6aee591103a546cc8e262147c3de1fdc372b0a74e048f37,"{""c"":""compiled-3q-multiplier-16-rotated-HXY"",""d1"":3,""d2"":5,""d3"":9,""noise"":""uniform"",""p"":0.016}","{""C100"":7,""C101"":4,""C102"":6,""C103"":17,""C104"":18,""C105"":11,""C106"":4,""C107"":7,""C108"":1,""C109"":9,""C110"":7,""C111"":3,""C112"":24,""C113"":13,""C114"":12,""C115"":4,""C116"":10,""C117"":10,""C118"":3,""C119"":5,""C120"":5,""C121"":3,""C122"":14,""C123"":4,""C124"":535,""C20"":1,""C23"":1,""C25"":1,""C29"":2,""C37"":1,""C38"":2,""C40"":1,""C45"":2,""C47"":1,""C48"":2,""C51"":1,""C56"":1,""C57"":3,""C58"":2,""C59"":1,""C60"":2,""C61"":2,""C62"":3,""C63"":2,""C64"":3,""C65"":2,""C66"":6,""C67"":12,""C68"":11,""C69"":2,""C70"":14,""C72"":6,""C73"":1,""C74"":2,""C75"":2,""C76"":6,""C77"":8,""C78"":4,""C79"":2,""C80"":7,""C81"":6,""C82"":12,""C83"":6,""C84"":20,""C85"":47,""C86"":4,""C87"":7,""C88"":8,""C89"":15,""C90"":6,""C91"":3,""C92"":4,""C93"":9,""C94"":6,""C95"":4,""C96"":3,""C97"":7,""C98"":3,""C99"":7}"
     14336,         1,     13185,   0.559,PymatchingGapSampler,1799c3c0da3f62a62293dfcbce86ec31d862d6c965fb2bd8efc8492863084f95,"{""c"":""compiled-3q-multiplier-12-rotated-HXY"",""d1"":3,""d2"":5,""d3"":9,""noise"":""uniform"",""p"":0.012}","{""C100"":6,""C101"":5,""C102"":7,""C103"":12,""C104"":8,""C105"":9,""C106"":6,""C107"":7,""C109"":19,""C110"":17,""C111"":10,""C112"":19,""C113"":17,""C114"":9,""C115"":11,""C116"":5,""C117"":12,""C118"":4,""C119"":9,""C120"":5,""C121"":4,""C122"":8,""C123"":10,""C124"":644,""C28"":2,""C29"":2,""C33"":1,""C36"":2,""C38"":1,""C39"":1,""C43"":2,""C46"":2,""C50"":2,""C52"":1,""C56"":1,""C57"":3,""C58"":1,""C59"":3,""C60"":2,""C61"":2,""C62"":2,""C63"":1,""C64"":3,""C65"":1,""C66"":3,""C67"":11,""C68"":11,""C69"":2,""C70"":8,""C71"":4,""C72"":9,""C73"":5,""C74"":4,""C76"":3,""C77"":2,""C78"":4,""C79"":5,""C80"":12,""C81"":7,""C82"":8,""C83"":9,""C84"":13,""C85"":26,""C86"":15,""C87"":11,""C88"":7,""C89"":14,""C90"":8,""C91"":6,""C92"":5,""C93"":9,""C94"":3,""C95"":5,""C96"":3,""C97"":10,""C98"":5,""C99"":5,""E9"":1}"
     23552,         0,     10846,   0.792,PymatchingGapSampler,48745cbc9d131ede04aad5a664c79653032f86ac364eb54c884fc483279471f7,"{""c"":""compiled-3q-multiplier-2-rotated-HXY"",""d1"":3,""d2"":5,""d3"":9,""noise"":""uniform_atoms"",""p"":0.002}","{""C100"":38,""C101"":47,""C102"":80,""C103"":100,""C104"":66,""C105"":92,""C106"":67,""C107"":104,""C108"":105,""C109"":42,""C110"":83,""C111"":63,""C112"":71,""C113"":77,""C114"":49,""C115"":89,""C116"":170,""C117"":98,""C118"":104,""C119"":48,""C120"":93,""C121"":64,""C122"":43,""C123"":35,""C124"":51,""C125"":95,""C126"":93,""C127"":47,""C128"":69,""C129"":44,""C130"":97,""C131"":41,""C132"":99,""C133"":121,""C134"":108,""C135"":74,""C136"":131,""C137"":24,""C138"":134,""C139"":8262,""C15"":1,""C18"":1,""C21"":1,""C22"":1,""C26"":1,""C27"":1,""C29"":1,""C31"":1,""C33"":3,""C35"":2,""C36"":2,""C37"":1,""C38"":1,""C39"":2,""C41"":2,""C42"":2,""C43"":1,""C44"":3,""C45"":2,""C46"":2,""C47"":2,""C48"":3,""C49"":1,""C50"":1,""C51"":1,""C52"":1,""C53"":1,""C55"":2,""C56"":5,""C57"":3,""C58"":4,""C59"":3,""C6"":1,""C60"":3,""C61"":3,""C62"":5,""C63"":2,""C64"":2,""C65"":2,""C66"":5,""C67"":8,""C68"":6,""C69"":1,""C7"":1,""C70"":8,""C71"":9,""C72"":6,""C73"":7,""C74"":9,""C75"":4,""C76"":7,""C77"":25,""C78"":15,""C79"":13,""C80"":29,""C81"":59,""C82"":9,""C83"":142,""C84"":72,""C85"":10,""C86"":26,""C87"":100,""C88"":75,""C89"":24,""C90"":128,""C91"":52,""C92"":12,""C93"":62,""C94"":63,""C95"":33,""C96"":62,""C97"":48,""C98"":102,""C99"":80}"
     34816,         0,     22792,   0.775,PymatchingGapSampler,b5ef05b24abc92d86d9495c0b40efa77873b4d4896413cdea267f9f052052b98,"{""c"":""compiled-3q-multiplier-16-rotated-HXY"",""d1"":3,""d2"":5,""d3"":9,""noise"":""uniform_atoms"",""p"":0.016}","{""C100"":14,""C101"":60,""C102"":105,""C103"":42,""C104"":42,""C105"":94,""C106"":74,""C107"":71,""C108"":60,""C109"":37,""C110"":63,""C111"":58,""C112"":69,""C113"":80,""C114"":50,""C115"":66,""C116"":140,""C117"":54,""C118"":57,""C119"":40,""C120"":116,""C121"":59,""C122"":23,""C123"":58,""C124"":42,""C125"":83,""C126"":53,""C127"":15,""C128"":79,""C129"":113,""C130"":104,""C131"":44,""C132"":95,""C133"":69,""C134"":83,""C135"":187,""C136"":73,""C137"":49,""C138"":7859,""C24"":1,""C26"":3,""C27"":1,""C29"":1,""C31"":3,""C33"":1,""C34"":1,""C35"":1,""C36"":3,""C38"":1,""C39"":1,""C40"":1,""C41"":4,""C42"":4,""C44"":1,""C45"":2,""C46"":1,""C47"":2,""C48"":2,""C49"":2,""C50"":3,""C51"":2,""C52"":2,""C53"":2,""C54"":2,""C55"":1,""C56"":1,""C57"":6,""C58"":4,""C59"":3,""C60"":5,""C61"":4,""C62"":7,""C63"":4,""C64"":2,""C65"":3,""C66"":8,""C67"":7,""C68"":9,""C69"":10,""C70"":9,""C71"":9,""C72"":9,""C73"":12,""C74"":6,""C75"":14,""C76"":7,""C77"":50,""C78"":12,""C79"":8,""C80"":6,""C81"":82,""C82"":57,""C83"":79,""C84"":51,""C85"":71,""C86"":30,""C87"":135,""C88"":74,""C89"":7,""C90"":137,""C91"":40,""C92"":76,""C93"":28,""C94"":44,""C95"":40,""C96"":158,""C97"":19,""C98"":15,""C99"":138}"
     14336,         0,     12860,   0.577,PymatchingGapSampler,f72b3c9b18e2657f6ba8a9e93dcf58e1295b123d787cf6e64894244511c6ee4c,"{""c"":""compiled-3q-multiplier-3-rotated-HXY"",""d1"":3,""d2"":5,""d3"":9,""noise"":""uniform"",""p"":0.003}","{""C100"":11,""C101"":5,""C102"":7,""C103"":8,""C104"":20,""C105"":22,""C106"":8,""C107"":8,""C108"":7,""C109"":14,""C110"":26,""C111"":2,""C112"":12,""C113"":41,""C114"":9,""C115"":9,""C116"":8,""C117"":14,""C118"":2,""C119"":7,""C120"":11,""C121"":9,""C122"":11,""C123"":12,""C124"":795,""C26"":1,""C27"":1,""C35"":1,""C40"":2,""C41"":1,""C42"":1,""C44"":3,""C45"":1,""C47"":1,""C48"":1,""C5"":1,""C50"":3,""C51"":1,""C54"":2,""C55"":1,""C58"":3,""C60"":1,""C61"":2,""C63"":2,""C64"":3,""C65"":4,""C66"":3,""C67"":12,""C68"":23,""C69"":9,""C70"":17,""C71"":7,""C72"":4,""C73"":14,""C74"":2,""C75"":2,""C76"":4,""C77"":4,""C78"":12,""C79"":10,""C80"":6,""C81"":8,""C82"":18,""C83"":5,""C84"":28,""C85"":42,""C86"":23,""C87"":10,""C88"":3,""C89"":15,""C90"":13,""C91"":2,""C92"":10,""C93"":17,""C94"":6,""C95"":4,""C96"":8,""C97"":5,""C98"":4,""C99"":12}"
     13312,         1,     11799,   0.596,PymatchingGapSampler,336e25b1bec4b5b4d72a9b8b647208d8cd41e0a3b6f91162b5875e89139d6d8d,"{""c"":""compiled-3q-multiplier-1-rotated-HXY"",""d1"":3,""d2"":5,""d3"":9,""noise"":""uniform"",""p"":0.001}","{""C100"":5,""C101"":5,""C102"":11,""C103"":8,""C104"":22,""C105"":24,""C106"":9,""C107"":8,""C108"":5,""C109"":14,""C110"":22,""C111"":3,""C112"":23,""C113"":26,""C114"":13,""C115"":7,""C116"":9,""C117"":13,""C118"":6,""C119"":14,""C120"":9,""C121"":3,""C122"":5,""C123"":5,""C124"":797,""C26"":1,""C31"":2,""C35"":1,""C39"":1,""C41"":2,""C42"":2,""C43"":1,""C44"":1,""C45"":2,""C46"":1,""C47"":1,""C48"":1,""C49"":2,""C50"":1,""C51"":3,""C52"":1,""C53"":1,""C54"":1,""C55"":1,""C56"":2,""C57"":5,""C58"":3,""C59"":1,""C60"":1,""C61"":1,""C62"":2,""C63"":3,""C64"":3,""C65"":1,""C66"":1,""C67"":14,""C68"":35,""C69"":12,""C70"":10,""C71"":8,""C72"":4,""C73"":15,""C74"":4,""C75"":8,""C76"":6,""C77"":6,""C78"":11,""C79"":11,""C80"":3,""C81"":15,""C82"":17,""C83"":9,""C84"":23,""C85"":41,""C86"":22,""C87"":11,""C88"":5,""C89"":18,""C90"":23,""C91"":6,""C92"":14,""C93"":2,""C94"":13,""C96"":7,""C97"":12,""C98"":6,""C99"":6,""E1"":1}"
     23552,         1,     11112,   0.783,PymatchingGapSampler,fa07acd832628ab615a7950e66d49f62ecef29ab8105ac4c978b008bb87ecdec,"{""c"":""compiled-3q-multiplier-3-rotated-HXY"",""d1"":3,""d2"":5,""d3"":9,""noise"":""uniform_atoms"",""p"":0.003}","{""C100"":40,""C101"":44,""C102"":99,""C103"":84,""C104"":57,""C105"":54,""C106"":56,""C107"":103,""C108"":119,""C109"":38,""C110"":71,""C111"":73,""C112"":62,""C113"":54,""C114"":54,""C115"":57,""C116"":160,""C117"":90,""C118"":99,""C119"":41,""C120"":77,""C121"":61,""C122"":46,""C123"":67,""C124"":36,""C125"":86,""C126"":85,""C127"":38,""C128"":77,""C129"":44,""C130"":95,""C131"":57,""C132"":132,""C133"":68,""C134"":78,""C135"":144,""C136"":76,""C137"":27,""C138"":136,""C139"":8198,""C14"":1,""C26"":1,""C28"":2,""C3"":1,""C31"":1,""C32"":1,""C33"":1,""C34"":1,""C38"":2,""C39"":1,""C42"":1,""C43"":2,""C44"":1,""C45"":1,""C47"":4,""C49"":1,""C50"":2,""C51"":1,""C52"":1,""C53"":2,""C54"":2,""C55"":2,""C56"":4,""C57"":5,""C59"":4,""C60"":4,""C61"":5,""C62"":5,""C63"":4,""C64"":4,""C65"":6,""C66"":6,""C67"":9,""C68"":6,""C69"":10,""C70"":6,""C71"":8,""C72"":11,""C73"":4,""C74"":1,""C75"":3,""C76"":6,""C77"":25,""C78"":9,""C79"":11,""C80"":32,""C81"":57,""C82"":3,""C83"":146,""C84"":58,""C85"":5,""C86"":42,""C87"":81,""C88"":70,""C89"":59,""C90"":96,""C91"":42,""C92"":9,""C93"":73,""C94"":38,""C95"":66,""C96"":62,""C97"":31,""C98"":105,""C99"":93,""E40"":1}"
     15360,         0,     13728,   0.596,PymatchingGapSampler,ca1e269eb7e3cc81d333b9abe3cfa92061b38c0a57f57b74a7d59e6aebdb7133,"{""c"":""compiled-3q-multiplier-2-rotated-HXY"",""d1"":3,""d2"":5,""d3"":9,""noise"":""uniform"",""p"":0.002}","{""C100"":11,""C101"":7,""C102"":11,""C103"":13,""C104"":25,""C105"":18,""C106"":10,""C107"":7,""C108"":4,""C109"":15,""C110"":33,""C111"":5,""C112"":21,""C113"":39,""C114"":22,""C115"":11,""C116"":13,""C117"":13,""C118"":2,""C119"":5,""C120"":11,""C121"":5,""C122"":7,""C123"":14,""C124"":859,""C15"":1,""C18"":1,""C20"":1,""C27"":1,""C28"":1,""C30"":2,""C32"":1,""C33"":1,""C35"":1,""C40"":1,""C41"":1,""C42"":1,""C43"":1,""C44"":2,""C45"":3,""C47"":2,""C48"":2,""C49"":2,""C52"":2,""C55"":2,""C57"":1,""C58"":6,""C59"":1,""C60"":2,""C61"":5,""C62"":1,""C63"":3,""C64"":3,""C65"":1,""C66"":1,""C67"":12,""C68"":26,""C69"":6,""C70"":15,""C71"":8,""C72"":4,""C73"":16,""C74"":4,""C75"":2,""C76"":2,""C77"":9,""C78"":11,""C79"":12,""C80"":3,""C81"":9,""C82"":18,""C83"":4,""C84"":25,""C85"":46,""C86"":29,""C87"":17,""C88"":1,""C89"":20,""C90"":26,""C91"":9,""C92"":14,""C93"":9,""C94"":7,""C95"":5,""C96"":10,""C97"":9,""C98"":6,""C99"":4}"
     31744,         2,     18996,   0.775,PymatchingGapSampler,4a3d7bda5757f7bb69a442074b5181897af381a3b4dbe9ab72cc3997cc72a4c6,"{""c"":""compiled-3q-multiplier-12-rotated-HXY"",""d1"":3,""d2"":5,""d3"":9,""noise"":""uniform_atoms"",""p"":0.012}","{""C100"":80,""C101"":22,""C102"":105,""C103"":126,""C104"":7,""C105"":80,""C106"":94,""C107"":54,""C108"":96,""C109"":41,""C110"":41,""C111"":84,""C112"":86,""C113"":51,""C114"":109,""C115"":74,""C116"":99,""C117"":100,""C118"":118,""C119"":26,""C120"":104,""C121"":81,""C122"":66,""C123"":43,""C124"":37,""C125"":131,""C126"":79,""C127"":22,""C128"":69,""C129"":41,""C130"":187,""C131"":82,""C132"":38,""C133"":125,""C134"":85,""C135"":88,""C136"":126,""C137"":47,""C138"":89,""C139"":8309,""C20"":1,""C25"":1,""C28"":2,""C29"":1,""C31"":2,""C34"":2,""C35"":3,""C36"":2,""C37"":1,""C39"":2,""C40"":1,""C41"":4,""C42"":1,""C43"":1,""C44"":2,""C45"":2,""C46"":2,""C47"":1,""C50"":7,""C52"":4,""C53"":5,""C54"":1,""C55"":1,""C56"":2,""C57"":6,""C58"":2,""C59"":1,""C60"":2,""C61"":5,""C62"":2,""C63"":5,""C64"":7,""C65"":8,""C66"":2,""C67"":1,""C68"":6,""C69"":9,""C70"":8,""C71"":5,""C72"":7,""C73"":7,""C74"":4,""C75"":4,""C76"":8,""C77"":15,""C78"":48,""C79"":18,""C80"":19,""C81"":42,""C82"":25,""C83"":130,""C84"":45,""C85"":15,""C86"":64,""C87"":73,""C88"":124,""C89"":9,""C90"":62,""C91"":68,""C92"":31,""C93"":96,""C94"":51,""C95"":44,""C96"":95,""C97"":95,""C98"":24,""C99"":61,""E1"":1,""E20"":1}"
     23552,         0,     10388,   0.810,PymatchingGapSampler,3b6c05e615564709dbfa395808f2e19641a9b1a0d8cff5bf6b0c54daa36894dc,"{""c"":""compiled-3q-multiplier-1-rotated-HXY"",""d1"":3,""d2"":5,""d3"":9,""noise"":""uniform_atoms"",""p"":0.001}","{""C100"":93,""C101"":42,""C102"":68,""C103"":147,""C104"":51,""C105"":49,""C106"":118,""C107"":54,""C108"":127,""C109"":36,""C110"":40,""C111"":96,""C112"":71,""C113"":44,""C114"":88,""C115"":72,""C116"":86,""C117"":175,""C118"":117,""C119"":55,""C120"":85,""C121"":48,""C122"":45,""C123"":48,""C124"":23,""C125"":102,""C126"":110,""C127"":60,""C128"":78,""C129"":48,""C130"":123,""C131"":50,""C132"":123,""C133"":124,""C134"":90,""C135"":79,""C136"":138,""C137"":22,""C138"":127,""C139"":8641,""C21"":1,""C24"":1,""C26"":3,""C27"":1,""C28"":1,""C29"":2,""C30"":3,""C31"":1,""C36"":2,""C37"":1,""C38"":1,""C39"":3,""C40"":1,""C41"":1,""C42"":3,""C44"":1,""C47"":2,""C48"":1,""C49"":2,""C50"":2,""C51"":2,""C52"":3,""C53"":3,""C54"":3,""C55"":1,""C56"":2,""C57"":2,""C58"":9,""C59"":2,""C60"":2,""C61"":8,""C62"":6,""C63"":3,""C64"":6,""C65"":4,""C66"":7,""C67"":11,""C68"":13,""C69"":8,""C70"":9,""C71"":4,""C72"":7,""C73"":8,""C74"":3,""C75"":6,""C76"":6,""C77"":12,""C78"":16,""C79"":5,""C80"":33,""C81"":51,""C82"":8,""C83"":144,""C84"":71,""C85"":6,""C86"":35,""C87"":84,""C88"":85,""C89"":33,""C90"":112,""C91"":61,""C92"":22,""C93"":44,""C94"":61,""C95"":36,""C96"":51,""C97"":83,""C98"":78,""C99"":69}"
     20480,         0,     19147,   0.784,PymatchingGapSampler,ad2b3a1a92770969f6aee591103a546cc8e262147c3de1fdc372b0a74e048f37,"{""c"":""compiled-3q-multiplier-16-rotated-HXY"",""d1"":3,""d2"":5,""d3"":9,""noise"":""uniform"",""p"":0.016}","{""C10"":1,""C100"":9,""C101"":4,""C102"":8,""C103"":8,""C104"":21,""C105"":20,""C106"":6,""C107"":11,""C108"":2,""C109"":12,""C110"":9,""C111"":10,""C112"":25,""C113"":22,""C114"":9,""C115"":11,""C116"":7,""C117"":18,""C118"":2,""C119"":11,""C120"":3,""C121"":1,""C122"":4,""C123"":6,""C124"":724,""C18"":2,""C28"":4,""C30"":1,""C32"":3,""C38"":1,""C42"":2,""C45"":1,""C46"":1,""C47"":2,""C49"":1,""C51"":1,""C53"":1,""C54"":1,""C56"":1,""C57"":1,""C58"":2,""C59"":3,""C60"":6,""C62"":2,""C63"":1,""C64"":5,""C65"":3,""C66"":7,""C67"":13,""C68"":12,""C70"":11,""C72"":11,""C73"":10,""C74"":1,""C75"":8,""C76"":7,""C77"":8,""C78"":3,""C79"":9,""C80"":13,""C81"":7,""C82"":10,""C83"":11,""C84"":21,""C85"":52,""C86"":6,""C87"":7,""C88"":9,""C89"":13,""C90"":13,""C91"":8,""C92"":12,""C93"":8,""C94"":5,""C95"":3,""C96"":10,""C97"":6,""C98"":3,""C99"":7}"
     20480,         0,     18884,   0.787,PymatchingGapSampler,1799c3c0da3f62a62293dfcbce86ec31d862d6c965fb2bd8efc8492863084f95,"{""c"":""compiled-3q-multiplier-12-rotated-HXY"",""d1"":3,""d2"":5,""d3"":9,""noise"":""uniform"",""p"":0.012}","{""C100"":11,""C101"":9,""C102"":8,""C103"":17,""C104"":32,""C105"":19,""C106"":9,""C107"":11,""C108"":5,""C109"":16,""C11"":1,""C110"":19,""C111"":6,""C112"":18,""C113"":23,""C114"":19,""C115"":10,""C116"":12,""C117"":7,""C118"":3,""C119"":16,""C12"":1,""C120"":6,""C121"":3,""C122"":9,""C123"":6,""C124"":874,""C28"":1,""C3"":1,""C33"":1,""C38"":1,""C39"":1,""C42"":1,""C43"":4,""C44"":3,""C45"":3,""C46"":1,""C47"":2,""C48"":2,""C51"":3,""C53"":2,""C54"":2,""C55"":5,""C56"":2,""C58"":3,""C59"":2,""C60"":1,""C61"":1,""C62"":1,""C63"":2,""C64"":4,""C65"":1,""C66"":4,""C67"":20,""C68"":23,""C69"":4,""C70"":20,""C71"":3,""C72"":12,""C73"":5,""C74"":6,""C75"":5,""C76"":8,""C77"":2,""C78"":14,""C79"":10,""C80"":14,""C81"":4,""C82"":16,""C83"":14,""C84"":10,""C85"":42,""C86"":28,""C87"":15,""C88"":8,""C89"":15,""C90"":14,""C91"":7,""C92"":14,""C93"":7,""C94"":2,""C95"":6,""C96"":4,""C97"":8,""C98"":5,""C99"":7}"
     20480,         1,     18416,   0.790,PymatchingGapSampler,f72b3c9b18e2657f6ba8a9e93dcf58e1295b123d787cf6e64894244511c6ee4c,"{""c"":""compiled-3q-multiplier-3-rotated-HXY"",""d1"":3,""d2"":5,""d3"":9,""noise"":""uniform"",""p"":0.003}","{""C1"":1,""C100"":6,""C101"":14,""C102"":19,""C103"":11,""C104"":31,""C105"":31,""C106"":11,""C107"":12,""C108"":2,""C109"":26,""C110"":25,""C111"":7,""C112"":27,""C113"":47,""C114"":18,""C115"":19,""C116"":21,""C117"":14,""C118"":4,""C119"":7,""C12"":1,""C120"":11,""C121"":3,""C122"":15,""C123"":11,""C124"":1061,""C18"":1,""C21"":1,""C23"":1,""C25"":1,""C26"":1,""C32"":2,""C33"":1,""C35"":1,""C41"":1,""C43"":1,""C44"":1,""C45"":4,""C46"":1,""C48"":2,""C49"":2,""C50"":2,""C51"":3,""C52"":1,""C53"":1,""C55"":2,""C56"":1,""C57"":3,""C58"":7,""C59"":1,""C61"":4,""C63"":6,""C64"":5,""C65"":3,""C66"":3,""C67"":19,""C68"":39,""C69"":13,""C70"":18,""C71"":4,""C72"":6,""C73"":13,""C74"":6,""C75"":9,""C76"":9,""C77"":5,""C78"":17,""C79"":11,""C80"":8,""C81"":20,""C82"":31,""C83"":11,""C84"":33,""C85"":64,""C86"":28,""C87"":21,""C88"":5,""C89"":32,""C90"":22,""C91"":13,""C92"":12,""C93"":19,""C94"":13,""C95"":5,""C96"":7,""C97"":17,""C98"":6,""C99"":9,""E11"":1}"
     20480,         1,     18219,   0.796,PymatchingGapSampler,336e25b1bec4b5b4d72a9b8b647208d8cd41e0a3b6f91162b5875e89139d6d8d,"{""c"":""compiled-3q-multiplier-1-rotated-HXY"",""d1"":3,""d2"":5,""d3"":9,""noise"":""uniform"",""p"":0.001}","{""C100"":12,""C101"":8,""C102"":13,""C103"":16,""C104"":34,""C105"":38,""C106"":17,""C107"":9,""C108"":3,""C109"":19,""C110"":21,""C111"":9,""C112"":28,""C113"":53,""C114"":25,""C115"":7,""C116"":17,""C117"":16,""C118"":8,""C119"":9,""C120"":13,""C121"":6,""C122"":13,""C123"":13,""C124"":1216,""C15"":1,""C24"":1,""C28"":1,""C30"":1,""C32"":1,""C33"":1,""C35"":1,""C36"":2,""C38"":1,""C39"":1,""C40"":2,""C41"":1,""C44"":2,""C45"":1,""C47"":3,""C49"":1,""C50"":1,""C51"":1,""C54"":1,""C55"":1,""C56"":1,""C57"":5,""C58"":8,""C59"":4,""C61"":1,""C62"":3,""C63"":3,""C64"":3,""C65"":6,""C66"":4,""C67"":23,""C68"":43,""C69"":7,""C70"":17,""C71"":7,""C72"":8,""C73"":27,""C74"":7,""C75"":6,""C76"":6,""C77"":5,""C78"":17,""C79"":14,""C80"":9,""C81"":11,""C82"":33,""C83"":11,""C84"":40,""C85"":71,""C86"":34,""C87"":20,""C88"":6,""C89"":28,""C90"":22,""C91"":10,""C92"":12,""C93"":3,""C94"":19,""C95"":6,""C96"":9,""C97"":21,""C98"":9,""C99"":13,""E1"":1}"
     20480,         1,     18259,   0.787,PymatchingGapSampler,ca1e269eb7e3cc81d333b9abe3cfa92061b38c0a57f57b74a7d59e6aebdb7133,"{""c"":""compiled-3q-multiplier-2-rotated-HXY"",""d1"":3,""d2"":5,""d3"":9,""noise"":""uniform"",""p"":0.002}","{""C100"":13,""C101"":9,""C102"":10,""C103"":22,""C104"":25,""C105"":35,""C106"":13,""C107"":14,""C108"":5,""C109"":19,""C11"":1,""C110"":25,""C111"":4,""C112"":22,""C113"":56,""C114"":13,""C115"":12,""C116"":22,""C117"":14,""C118"":9,""C119"":15,""C120"":10,""C121"":6,""C122"":15,""C123"":10,""C124"":1191,""C16"":1,""C24"":1,""C27"":1,""C28"":2,""C29"":1,""C30"":1,""C41"":1,""C42"":1,""C45"":2,""C46"":1,""C47"":1,""C49"":1,""C50"":1,""C51"":1,""C53"":1,""C54"":1,""C56"":3,""C57"":1,""C58"":5,""C6"":1,""C60"":2,""C61"":2,""C62"":2,""C63"":2,""C64"":2,""C65"":5,""C66"":2,""C67"":15,""C68"":53,""C69"":15,""C7"":1,""C70"":23,""C71"":10,""C72"":8,""C73"":24,""C74"":5,""C75"":7,""C76"":7,""C77"":4,""C78"":17,""C79"":14,""C80"":9,""C81"":11,""C82"":33,""C83"":16,""C84"":35,""C85"":62,""C86"":36,""C87"":18,""C88"":4,""C89"":25,""C90"":25,""C91"":10,""C92"":19,""C93"":22,""C94"":8,""C95"":3,""C96"":9,""C97"":18,""C98"":8,""C99"":11,""E36"":1}"
     48128,         0,     31130,    1.09,PymatchingGapSampler,b5ef05b24abc92d86d9495c0b40efa77873b4d4896413cdea267f9f052052b98,"{""c"":""compiled-3q-multiplier-16-rotated-HXY"",""d1"":3,""d2"":5,""d3"":9,""noise"":""uniform_atoms"",""p"":0.016}","{""C100"":24,""C101"":89,""C102"":168,""C103"":64,""C104"":48,""C105"":112,""C106"":96,""C107"":103,""C108"":97,""C109"":52,""C110"":89,""C111"":85,""C112"":109,""C113"":144,""C114"":57,""C115"":108,""C116"":224,""C117"":108,""C118"":69,""C119"":36,""C120"":207,""C121"":86,""C122"":28,""C123"":91,""C124"":57,""C125"":131,""C126"":74,""C127"":31,""C128"":148,""C129"":167,""C130"":145,""C131"":59,""C132"":123,""C133"":112,""C134"":131,""C135"":236,""C136"":86,""C137"":77,""C138"":11074,""C14"":1,""C21"":1,""C22"":1,""C26"":3,""C28"":1,""C29"":5,""C30"":2,""C32"":1,""C33"":1,""C34"":3,""C35"":2,""C36"":3,""C37"":1,""C38"":4,""C39"":4,""C4"":1,""C41"":4,""C42"":2,""C43"":1,""C44"":2,""C46"":2,""C47"":1,""C48"":2,""C49"":3,""C50"":6,""C51"":1,""C52"":1,""C53"":7,""C54"":3,""C55"":5,""C56"":1,""C57"":4,""C58"":8,""C59"":5,""C61"":5,""C62"":5,""C63"":5,""C64"":6,""C65"":9,""C66"":11,""C67"":9,""C68"":8,""C69"":18,""C70"":10,""C71"":6,""C72"":14,""C73"":9,""C74"":14,""C75"":6,""C76"":13,""C77"":56,""C78"":20,""C79"":20,""C80"":12,""C81"":89,""C82"":70,""C83"":122,""C84"":74,""C85"":87,""C86"":54,""C87"":173,""C88"":82,""C89"":13,""C9"":1,""C90"":160,""C91"":50,""C92"":126,""C93"":54,""C94"":65,""C95"":38,""C96"":227,""C97"":27,""C98"":28,""C99"":165}"
     35840,         1,     16378,    1.11,PymatchingGapSampler,48745cbc9d131ede04aad5a664c79653032f86ac364eb54c884fc483279471f7,"{""c"":""compiled-3q-multiplier-2-rotated-HXY"",""d1"":3,""d2"":5,""d3"":9,""noise"":""uniform_atoms"",""p"":0.002}","{""C100"":71,""C101"":89,""C102"":132,""C103"":135,""C104"":93,""C105"":116,""C106"":110,""C107"":152,""C108"":147,""C109"":45,""C110"":91,""C111"":108,""C112"":103,""C113"":108,""C114"":77,""C115"":124,""C116"":242,""C117"":130,""C118"":149,""C119"":76,""C120"":146,""C121"":85,""C122"":68,""C123"":81,""C124"":69,""C125"":110,""C126"":142,""C127"":68,""C128"":112,""C129"":64,""C130"":170,""C131"":78,""C132"":144,""C133"":180,""C134"":150,""C135"":118,""C136"":239,""C137"":33,""C138"":235,""C139"":12786,""C16"":1,""C17"":1,""C18"":1,""C21"":1,""C24"":1,""C25"":1,""C26"":3,""C27"":1,""C29"":1,""C31"":2,""C32"":2,""C33"":5,""C34"":3,""C35"":6,""C36"":4,""C39"":3,""C40"":1,""C41"":2,""C42"":2,""C43"":2,""C44"":5,""C45"":1,""C46"":1,""C47"":2,""C48"":1,""C49"":1,""C50"":4,""C51"":1,""C52"":3,""C53"":10,""C54"":2,""C55"":3,""C56"":4,""C57"":2,""C58"":8,""C59"":2,""C6"":1,""C60"":11,""C61"":7,""C62"":9,""C63"":7,""C64"":10,""C65"":7,""C66"":10,""C67"":8,""C68"":12,""C69"":10,""C70"":18,""C71"":6,""C72"":8,""C73"":5,""C74"":5,""C75"":5,""C76"":11,""C77"":18,""C78"":20,""C79"":28,""C80"":45,""C81"":77,""C82"":14,""C83"":208,""C84"":106,""C85"":7,""C86"":45,""C87"":132,""C88"":104,""C89"":53,""C90"":173,""C91"":79,""C92"":15,""C93"":85,""C94"":101,""C95"":44,""C96"":102,""C97"":80,""C98"":170,""C99"":136,""E3"":1}"
     34816,         2,     16293,    1.09,PymatchingGapSampler,fa07acd832628ab615a7950e66d49f62ecef29ab8105ac4c978b008bb87ecdec,"{""c"":""compiled-3q-multiplier-3-rotated-HXY"",""d1"":3,""d2"":5,""d3"":9,""noise"":""uniform_atoms"",""p"":0.003}","{""C100"":62,""C101"":63,""C102"":146,""C103"":130,""C104"":86,""C105"":129,""C106"":105,""C107"":143,""C108"":147,""C109"":53,""C110"":110,""C111"":88,""C112"":94,""C113"":102,""C114"":61,""C115"":111,""C116"":223,""C117"":119,""C118"":179,""C119"":66,""C120"":128,""C121"":90,""C122"":70,""C123"":89,""C124"":65,""C125"":130,""C126"":135,""C127"":75,""C128"":115,""C129"":72,""C130"":161,""C131"":107,""C132"":169,""C133"":123,""C134"":133,""C135"":204,""C136"":149,""C137"":26,""C138"":177,""C139"":12034,""C16"":1,""C24"":1,""C25"":3,""C26"":3,""C27"":1,""C29"":2,""C30"":2,""C32"":2,""C33"":1,""C35"":4,""C36"":2,""C37"":2,""C38"":5,""C39"":2,""C40"":3,""C41"":1,""C42"":5,""C45"":1,""C46"":2,""C47"":2,""C48"":1,""C49"":2,""C50"":1,""C51"":3,""C52"":1,""C53"":9,""C54"":3,""C55"":1,""C56"":4,""C57"":2,""C58"":8,""C59"":7,""C60"":6,""C61"":8,""C62"":10,""C63"":2,""C64"":9,""C65"":10,""C66"":8,""C67"":11,""C68"":13,""C69"":8,""C70"":5,""C71"":2,""C72"":9,""C73"":6,""C74"":11,""C75"":17,""C76"":9,""C77"":21,""C78"":27,""C79"":16,""C80"":42,""C81"":79,""C82"":10,""C83"":215,""C84"":97,""C85"":8,""C86"":49,""C87"":139,""C88"":110,""C89"":95,""C90"":126,""C91"":70,""C92"":14,""C93"":89,""C94"":55,""C95"":109,""C96"":99,""C97"":46,""C98"":165,""C99"":140,""E20"":1,""E4"":1}"
     41984,         0,     24975,    1.08,PymatchingGapSampler,4a3d7bda5757f7bb69a442074b5181897af381a3b4dbe9ab72cc3997cc72a4c6,"{""c"":""compiled-3q-multiplier-12-rotated-HXY"",""d1"":3,""d2"":5,""d3"":9,""noise"":""uniform_atoms"",""p"":0.012}","{""C100"":139,""C101"":30,""C102"":139,""C103"":172,""C104"":17,""C105"":116,""C106"":139,""C107"":83,""C108"":119,""C109"":55,""C11"":1,""C110"":61,""C111"":111,""C112"":95,""C113"":55,""C114"":166,""C115"":100,""C116"":118,""C117"":114,""C118"":165,""C119"":21,""C120"":147,""C121"":105,""C122"":88,""C123"":67,""C124"":52,""C125"":118,""C126"":86,""C127"":38,""C128"":101,""C129"":44,""C130"":250,""C131"":115,""C132"":68,""C133"":156,""C134"":112,""C135"":123,""C136"":174,""C137"":88,""C138"":126,""C139"":11000,""C14"":1,""C21"":1,""C25"":1,""C26"":2,""C27"":1,""C28"":1,""C31"":1,""C32"":2,""C33"":2,""C34"":2,""C35"":1,""C37"":3,""C39"":3,""C41"":3,""C42"":1,""C43"":5,""C44"":2,""C45"":1,""C46"":1,""C47"":2,""C48"":2,""C49"":2,""C5"":1,""C50"":3,""C51"":3,""C52"":2,""C53"":6,""C54"":3,""C55"":3,""C57"":5,""C58"":3,""C59"":9,""C60"":7,""C61"":3,""C62"":10,""C63"":4,""C64"":4,""C65"":12,""C66"":6,""C67"":6,""C68"":8,""C69"":12,""C70"":19,""C71"":8,""C72"":8,""C73"":6,""C74"":11,""C75"":9,""C76"":11,""C77"":27,""C78"":59,""C79"":27,""C8"":1,""C80"":22,""C81"":67,""C82"":42,""C83"":175,""C84"":47,""C85"":32,""C86"":126,""C87"":111,""C88"":160,""C89"":21,""C90"":90,""C91"":78,""C92"":48,""C93"":124,""C94"":56,""C95"":50,""C96"":114,""C97"":116,""C98"":22,""C99"":98}"
     32768,         0,     14370,    1.08,PymatchingGapSampler,3b6c05e615564709dbfa395808f2e19641a9b1a0d8cff5bf6b0c54daa36894dc,"{""c"":""compiled-3q-multiplier-1-rotated-HXY"",""d1"":3,""d2"":5,""d3"":9,""noise"":""uniform_atoms"",""p"":0.001}","{""C100"":141,""C101"":66,""C102"":107,""C103"":154,""C104"":57,""C105"":53,""C106"":170,""C107"":86,""C108"":186,""C109"":77,""C110"":45,""C111"":151,""C112"":101,""C113"":59,""C114"":106,""C115"":125,""C116"":136,""C117"":220,""C118"":133,""C119"":67,""C120"":133,""C121"":73,""C122"":80,""C123"":89,""C124"":45,""C125"":159,""C126"":128,""C127"":63,""C128"":105,""C129"":73,""C130"":142,""C131"":74,""C132"":150,""C133"":152,""C134"":154,""C135"":121,""C136"":219,""C137"":35,""C138"":206,""C139"":11999,""C15"":1,""C20"":1,""C21"":1,""C22"":3,""C25"":1,""C27"":1,""C29"":1,""C30"":1,""C31"":2,""C32"":2,""C35"":2,""C36"":1,""C37"":2,""C38"":2,""C39"":4,""C4"":1,""C40"":1,""C43"":2,""C44"":2,""C45"":4,""C46"":1,""C47"":4,""C48"":2,""C49"":2,""C50"":3,""C51"":2,""C52"":3,""C53"":4,""C54"":3,""C55"":4,""C56"":2,""C57"":10,""C58"":7,""C59"":5,""C60"":7,""C61"":10,""C62"":7,""C63"":6,""C64"":8,""C65"":5,""C66"":13,""C67"":6,""C68"":11,""C69"":7,""C70"":9,""C71"":6,""C72"":12,""C73"":12,""C74"":19,""C75"":17,""C76"":16,""C77"":31,""C78"":18,""C79"":8,""C80"":45,""C81"":85,""C82"":11,""C83"":199,""C84"":99,""C85"":9,""C86"":55,""C87"":116,""C88"":117,""C89"":47,""C90"":139,""C91"":99,""C92"":26,""C93"":71,""C94"":105,""C95"":57,""C96"":82,""C97"":106,""C98"":66,""C99"":109}"
     28672,         0,     26651,    1.11,PymatchingGapSampler,ad2b3a1a92770969f6aee591103a546cc8e262147c3de1fdc372b0a74e048f37,"{""c"":""compiled-3q-multiplier-16-rotated-HXY"",""d1"":3,""d2"":5,""d3"":9,""noise"":""uniform"",""p"":0.016}","{""C100"":14,""C101"":6,""C102"":12,""C103"":17,""C104"":21,""C105"":30,""C106"":13,""C107"":11,""C108"":5,""C109"":14,""C11"":1,""C110"":25,""C111"":9,""C112"":45,""C113"":35,""C114"":18,""C115"":11,""C116"":11,""C117"":10,""C118"":4,""C119"":22,""C120"":7,""C121"":6,""C122"":8,""C123"":7,""C124"":1097,""C13"":1,""C18"":1,""C28"":2,""C32"":1,""C37"":1,""C38"":1,""C39"":1,""C43"":2,""C45"":2,""C46"":2,""C47"":1,""C48"":1,""C50"":3,""C51"":1,""C53"":3,""C54"":5,""C55"":3,""C56"":4,""C57"":3,""C58"":3,""C59"":2,""C6"":1,""C60"":1,""C61"":1,""C62"":1,""C63"":6,""C64"":3,""C65"":6,""C66"":16,""C67"":16,""C68"":20,""C69"":1,""C70"":17,""C71"":4,""C72"":10,""C73"":6,""C74"":6,""C75"":4,""C76"":11,""C77"":5,""C78"":6,""C79"":11,""C80"":12,""C81"":14,""C82"":28,""C83"":21,""C84"":24,""C85"":86,""C86"":14,""C87"":14,""C88"":11,""C89"":33,""C90"":10,""C91"":8,""C92"":20,""C93"":23,""C94"":8,""C95"":9,""C96"":5,""C97"":11,""C98"":4,""C99"":12}"
     28672,         0,     26424,    1.09,PymatchingGapSampler,1799c3c0da3f62a62293dfcbce86ec31d862d6c965fb2bd8efc8492863084f95,"{""c"":""compiled-3q-multiplier-12-rotated-HXY"",""d1"":3,""d2"":5,""d3"":9,""noise"":""uniform"",""p"":0.012}","{""C100"":20,""C101"":10,""C102"":20,""C103"":30,""C104"":32,""C105"":27,""C106"":12,""C107"":15,""C108"":5,""C109"":20,""C110"":36,""C111"":5,""C112"":25,""C113"":43,""C114"":21,""C115"":22,""C116"":17,""C117"":17,""C118"":6,""C119"":28,""C120"":6,""C121"":6,""C122"":11,""C123"":13,""C124"":1202,""C16"":1,""C23"":1,""C24"":1,""C26"":2,""C27"":1,""C28"":3,""C33"":2,""C34"":1,""C36"":1,""C39"":1,""C41"":1,""C42"":2,""C43"":1,""C45"":3,""C46"":2,""C47"":2,""C48"":2,""C49"":2,""C50"":2,""C52"":3,""C54"":2,""C55"":1,""C56"":3,""C57"":2,""C58"":6,""C6"":1,""C60"":2,""C61"":3,""C62"":2,""C63"":2,""C64"":3,""C65"":1,""C66"":5,""C67"":35,""C68"":29,""C69"":4,""C70"":28,""C71"":1,""C72"":21,""C73"":2,""C74"":10,""C75"":4,""C76"":13,""C77"":12,""C78"":7,""C79"":8,""C80"":19,""C81"":11,""C82"":25,""C83"":20,""C84"":33,""C85"":47,""C86"":37,""C87"":18,""C88"":15,""C89"":32,""C90"":5,""C91"":11,""C92"":17,""C93"":12,""C94"":6,""C95"":10,""C96"":10,""C97"":19,""C98"":8,""C99"":3}"
     28672,         0,     25749,    1.10,PymatchingGapSampler,f72b3c9b18e2657f6ba8a9e93dcf58e1295b123d787cf6e64894244511c6ee4c,"{""c"":""compiled-3q-multiplier-3-rotated-HXY"",""d1"":3,""d2"":5,""d3"":9,""noise"":""uniform"",""p"":0.003}","{""C100"":11,""C101"":17,""C102"":22,""C103"":19,""C104"":42,""C105"":45,""C106"":16,""C107"":12,""C108"":5,""C109"":23,""C11"":1,""C110"":47,""C111"":18,""C112"":36,""C113"":61,""C114"":24,""C115"":17,""C116"":22,""C117"":19,""C118"":6,""C119"":18,""C120"":21,""C121"":5,""C122"":37,""C123"":24,""C124"":1548,""C21"":1,""C22"":1,""C24"":2,""C28"":5,""C29"":1,""C30"":1,""C32"":1,""C33"":1,""C34"":1,""C37"":1,""C4"":1,""C40"":2,""C41"":4,""C42"":1,""C43"":6,""C44"":2,""C45"":5,""C46"":2,""C47"":2,""C48"":4,""C49"":3,""C50"":1,""C51"":2,""C52"":1,""C53"":1,""C54"":3,""C55"":3,""C56"":1,""C57"":4,""C58"":9,""C59"":5,""C60"":1,""C61"":2,""C62"":1,""C63"":5,""C64"":7,""C65"":7,""C66"":2,""C67"":12,""C68"":66,""C69"":20,""C70"":20,""C71"":11,""C72"":5,""C73"":17,""C74"":10,""C75"":9,""C76"":20,""C77"":9,""C78"":23,""C79"":10,""C80"":9,""C81"":22,""C82"":44,""C83"":16,""C84"":39,""C85"":74,""C86"":37,""C87"":29,""C88"":3,""C89"":31,""C90"":39,""C91"":10,""C92"":24,""C93"":16,""C94"":8,""C95"":14,""C96"":16,""C97"":21,""C98"":11,""C99"":10}"
     27648,         1,     24671,    1.07,PymatchingGapSampler,ca1e269eb7e3cc81d333b9abe3cfa92061b38c0a57f57b74a7d59e6aebdb7133,"{""c"":""compiled-3q-multiplier-2-rotated-HXY"",""d1"":3,""d2"":5,""d3"":9,""noise"":""uniform"",""p"":0.002}","{""C100"":18,""C101"":16,""C102"":15,""C103"":31,""C104"":55,""C105"":53,""C106"":15,""C107"":21,""C108"":9,""C109"":48,""C110"":37,""C111"":12,""C112"":40,""C113"":56,""C114"":27,""C115"":16,""C116"":20,""C117"":23,""C118"":9,""C119"":12,""C12"":1,""C120"":29,""C121"":4,""C122"":19,""C123"":14,""C124"":1517,""C18"":1,""C23"":1,""C24"":1,""C28"":2,""C29"":2,""C31"":3,""C32"":3,""C34"":1,""C36"":1,""C37"":2,""C38"":2,""C40"":2,""C41"":5,""C42"":1,""C43"":3,""C44"":2,""C45"":2,""C47"":4,""C48"":3,""C49"":1,""C50"":1,""C51"":2,""C52"":1,""C55"":3,""C56"":3,""C57"":3,""C58"":6,""C59"":4,""C60"":2,""C61"":2,""C62"":4,""C63"":7,""C64"":7,""C65"":4,""C66"":2,""C67"":33,""C68"":56,""C69"":15,""C70"":23,""C71"":12,""C72"":4,""C73"":33,""C74"":10,""C75"":9,""C76"":10,""C77"":13,""C78"":18,""C79"":12,""C80"":9,""C81"":32,""C82"":36,""C83"":10,""C84"":53,""C85"":79,""C86"":50,""C87"":21,""C88"":6,""C89"":45,""C90"":28,""C91"":10,""C92"":24,""C93"":25,""C94"":8,""C95"":10,""C96"":15,""C97"":25,""C98"":12,""C99"":20,""E10"":1}"
     28672,         0,     25564,    1.11,PymatchingGapSampler,336e25b1bec4b5b4d72a9b8b647208d8cd41e0a3b6f91162b5875e89139d6d8d,"{""c"":""compiled-3q-multiplier-1-rotated-HXY"",""d1"":3,""d2"":5,""d3"":9,""noise"":""uniform"",""p"":0.001}","{""C100"":15,""C101"":18,""C102"":18,""C103"":27,""C104"":54,""C105"":47,""C106"":25,""C107"":18,""C108"":4,""C109"":41,""C110"":40,""C111"":8,""C112"":37,""C113"":61,""C114"":27,""C115"":17,""C116"":21,""C117"":26,""C118"":6,""C119"":10,""C12"":1,""C120"":24,""C121"":3,""C122"":26,""C123"":17,""C124"":1660,""C13"":1,""C24"":1,""C26"":1,""C28"":3,""C29"":1,""C30"":1,""C33"":1,""C34"":1,""C35"":1,""C37"":2,""C38"":3,""C42"":1,""C43"":1,""C45"":2,""C46"":1,""C47"":6,""C49"":3,""C50"":8,""C51"":2,""C52"":1,""C53"":2,""C54"":1,""C55"":2,""C57"":2,""C58"":7,""C59"":1,""C60"":3,""C62"":5,""C63"":14,""C64"":5,""C65"":8,""C66"":2,""C67"":22,""C68"":63,""C69"":18,""C70"":21,""C71"":7,""C72"":6,""C73"":26,""C74"":9,""C75"":8,""C76"":9,""C77"":12,""C78"":16,""C79"":17,""C80"":8,""C81"":24,""C82"":40,""C83"":14,""C84"":48,""C85"":94,""C86"":40,""C87"":34,""C88"":3,""C89"":41,""C90"":31,""C91"":11,""C92"":27,""C93"":17,""C94"":19,""C95"":8,""C96"":14,""C97"":28,""C98"":15,""C99"":14}"
     65536,         0,     42208,    1.50,PymatchingGapSampler,b5ef05b24abc92d86d9495c0b40efa77873b4d4896413cdea267f9f052052b98,"{""c"":""compiled-3q-multiplier-16-rotated-HXY"",""d1"":3,""d2"":5,""d3"":9,""noise"":""uniform_atoms"",""p"":0.016}","{""C100"":14,""C101"":106,""C102"":226,""C103"":108,""C104"":74,""C105"":161,""C106"":121,""C107"":132,""C108"":139,""C109"":73,""C110"":121,""C111"":120,""C112"":140,""C113"":164,""C114"":84,""C115"":151,""C116"":321,""C117"":141,""C118"":97,""C119"":73,""C120"":248,""C121"":127,""C122"":35,""C123"":110,""C124"":99,""C125"":210,""C126"":116,""C127"":38,""C128"":208,""C129"":206,""C130"":182,""C131"":79,""C132"":174,""C133"":127,""C134"":180,""C135"":368,""C136"":127,""C137"":103,""C138"":15129,""C18"":1,""C20"":1,""C21"":2,""C22"":2,""C25"":2,""C26"":2,""C27"":2,""C28"":1,""C29"":3,""C30"":2,""C31"":2,""C32"":1,""C33"":2,""C35"":4,""C36"":3,""C37"":2,""C38"":2,""C39"":7,""C41"":3,""C42"":3,""C44"":2,""C45"":4,""C46"":2,""C47"":2,""C48"":3,""C49"":3,""C50"":4,""C51"":4,""C52"":5,""C53"":9,""C54"":4,""C55"":8,""C56"":5,""C57"":3,""C58"":3,""C59"":9,""C60"":4,""C61"":19,""C62"":10,""C63"":2,""C64"":9,""C65"":12,""C66"":17,""C67"":7,""C68"":12,""C69"":20,""C70"":12,""C71"":11,""C72"":19,""C73"":14,""C74"":13,""C75"":13,""C76"":13,""C77"":83,""C78"":24,""C79"":23,""C80"":26,""C81"":116,""C82"":97,""C83"":161,""C84"":108,""C85"":135,""C86"":85,""C87"":233,""C88"":115,""C89"":19,""C90"":227,""C91"":79,""C92"":152,""C93"":88,""C94"":92,""C95"":49,""C96"":289,""C97"":48,""C98"":38,""C99"":285}"
     47104,         2,     21398,    1.53,PymatchingGapSampler,48745cbc9d131ede04aad5a664c79653032f86ac364eb54c884fc483279471f7,"{""c"":""compiled-3q-multiplier-2-rotated-HXY"",""d1"":3,""d2"":5,""d3"":9,""noise"":""uniform_atoms"",""p"":0.002}","{""C100"":88,""C101"":90,""C102"":195,""C103"":173,""C104"":96,""C105"":186,""C106"":143,""C107"":190,""C108"":190,""C109"":88,""C110"":153,""C111"":132,""C112"":129,""C113"":146,""C114"":82,""C115"":127,""C116"":320,""C117"":207,""C118"":220,""C119"":118,""C120"":166,""C121"":133,""C122"":84,""C123"":131,""C124"":95,""C125"":204,""C126"":197,""C127"":96,""C128"":160,""C129"":96,""C130"":207,""C131"":87,""C132"":254,""C133"":264,""C134"":178,""C135"":150,""C136"":295,""C137"":44,""C138"":295,""C139"":16643,""C17"":1,""C20"":2,""C21"":1,""C22"":1,""C24"":1,""C25"":1,""C26"":5,""C28"":1,""C29"":1,""C30"":6,""C31"":3,""C33"":3,""C34"":1,""C36"":1,""C37"":1,""C38"":3,""C39"":2,""C40"":3,""C41"":6,""C42"":4,""C44"":1,""C45"":4,""C46"":3,""C47"":5,""C48"":2,""C49"":3,""C50"":4,""C51"":7,""C52"":6,""C53"":8,""C54"":6,""C55"":5,""C56"":7,""C57"":5,""C58"":9,""C59"":8,""C60"":7,""C61"":6,""C62"":10,""C63"":10,""C64"":3,""C65"":12,""C66"":9,""C67"":12,""C68"":15,""C69"":21,""C70"":20,""C71"":15,""C72"":14,""C73"":20,""C74"":12,""C75"":19,""C76"":18,""C77"":37,""C78"":28,""C79"":26,""C80"":59,""C81"":128,""C82"":18,""C83"":275,""C84"":132,""C85"":15,""C86"":63,""C87"":186,""C88"":154,""C89"":63,""C90"":225,""C91"":87,""C92"":30,""C93"":120,""C94"":153,""C95"":63,""C96"":133,""C97"":125,""C98"":219,""C99"":160,""E2"":1,""E40"":1}"
     48128,         0,     22746,    1.51,PymatchingGapSampler,fa07acd832628ab615a7950e66d49f62ecef29ab8105ac4c978b008bb87ecdec,"{""c"":""compiled-3q-multiplier-3-rotated-HXY"",""d1"":3,""d2"":5,""d3"":9,""noise"":""uniform_atoms"",""p"":0.003}","{""C100"":80,""C101"":99,""C102"":193,""C103"":140,""C104"":111,""C105"":165,""C106"":136,""C107"":207,""C108"":213,""C109"":87,""C110"":125,""C111"":136,""C112"":116,""C113"":151,""C114"":107,""C115"":150,""C116"":333,""C117"":177,""C118"":199,""C119"":112,""C12"":1,""C120"":171,""C121"":128,""C122"":104,""C123"":159,""C124"":84,""C125"":181,""C126"":182,""C127"":66,""C128"":135,""C129"":93,""C13"":1,""C130"":214,""C131"":154,""C132"":256,""C133"":146,""C134"":160,""C135"":262,""C136"":186,""C137"":48,""C138"":268,""C139"":16512,""C14"":1,""C21"":2,""C22"":1,""C23"":1,""C24"":1,""C25"":2,""C28"":1,""C29"":3,""C30"":2,""C31"":5,""C33"":2,""C34"":2,""C35"":3,""C36"":6,""C37"":3,""C38"":5,""C39"":2,""C40"":1,""C42"":5,""C43"":3,""C44"":2,""C45"":2,""C46"":3,""C47"":6,""C48"":4,""C49"":3,""C50"":3,""C51"":2,""C52"":7,""C53"":9,""C54"":2,""C55"":8,""C56"":6,""C57"":8,""C58"":3,""C59"":10,""C60"":14,""C61"":13,""C62"":6,""C63"":10,""C64"":15,""C65"":12,""C66"":17,""C67"":11,""C68"":23,""C69"":14,""C7"":1,""C70"":17,""C71"":13,""C72"":11,""C73"":13,""C74"":13,""C75"":17,""C76"":10,""C77"":44,""C78"":30,""C79"":31,""C80"":49,""C81"":127,""C82"":15,""C83"":314,""C84"":124,""C85"":10,""C86"":77,""C87"":188,""C88"":134,""C89"":121,""C90"":166,""C91"":81,""C92"":22,""C93"":124,""C94"":88,""C95"":135,""C96"":157,""C97"":60,""C98"":189,""C99"":189}"
     59392,         1,     35519,    1.50,PymatchingGapSampler,4a3d7bda5757f7bb69a442074b5181897af381a3b4dbe9ab72cc3997cc72a4c6,"{""c"":""compiled-3q-multiplier-12-rotated-HXY"",""d1"":3,""d2"":5,""d3"":9,""noise"":""uniform_atoms"",""p"":0.012}","{""C100"":167,""C101"":37,""C102"":183,""C103"":244,""C104"":24,""C105"":151,""C106"":165,""C107"":111,""C108"":176,""C109"":76,""C110"":74,""C111"":173,""C112"":146,""C113"":90,""C114"":204,""C115"":134,""C116"":170,""C117"":179,""C118"":225,""C119"":27,""C120"":208,""C121"":139,""C122"":130,""C123"":98,""C124"":64,""C125"":222,""C126"":140,""C127"":49,""C128"":129,""C129"":74,""C130"":329,""C131"":147,""C132"":68,""C133"":197,""C134"":190,""C135"":203,""C136"":221,""C137"":109,""C138"":153,""C139"":15488,""C17"":1,""C20"":1,""C22"":2,""C24"":1,""C26"":2,""C27"":1,""C28"":2,""C29"":1,""C30"":3,""C32"":2,""C33"":2,""C35"":1,""C36"":1,""C37"":3,""C38"":2,""C39"":3,""C40"":5,""C41"":2,""C42"":1,""C43"":2,""C44"":4,""C45"":3,""C46"":4,""C47"":3,""C48"":7,""C49"":3,""C50"":5,""C51"":5,""C52"":2,""C53"":6,""C54"":2,""C55"":12,""C56"":8,""C57"":5,""C58"":9,""C59"":11,""C60"":9,""C61"":11,""C62"":5,""C63"":5,""C64"":11,""C65"":18,""C66"":16,""C67"":12,""C68"":9,""C69"":24,""C70"":18,""C71"":8,""C72"":18,""C73"":9,""C74"":13,""C75"":10,""C76"":6,""C77"":33,""C78"":69,""C79"":31,""C80"":29,""C81"":107,""C82"":36,""C83"":250,""C84"":80,""C85"":35,""C86"":166,""C87"":148,""C88"":228,""C89"":29,""C90"":147,""C91"":141,""C92"":68,""C93"":169,""C94"":77,""C95"":95,""C96"":170,""C97"":164,""C98"":26,""C99"":131,""E6"":1}"
     47104,         0,     20620,    1.53,PymatchingGapSampler,3b6c05e615564709dbfa395808f2e19641a9b1a0d8cff5bf6b0c54daa36894dc,"{""c"":""compiled-3q-multiplier-1-rotated-HXY"",""d1"":3,""d2"":5,""d3"":9,""noise"":""uniform_atoms"",""p"":0.001}","{""C100"":193,""C101"":80,""C102"":152,""C103"":253,""C104"":114,""C105"":109,""C106"":232,""C107"":126,""C108"":274,""C109"":89,""C110"":92,""C111"":197,""C112"":139,""C113"":105,""C114"":146,""C115"":152,""C116"":201,""C117"":314,""C118"":201,""C119"":88,""C120"":188,""C121"":131,""C122"":102,""C123"":113,""C124"":65,""C125"":216,""C126"":192,""C127"":87,""C128"":158,""C129"":95,""C130"":203,""C131"":100,""C132"":229,""C133"":272,""C134"":184,""C135"":158,""C136"":283,""C137"":48,""C138"":294,""C139"":17292,""C17"":1,""C21"":2,""C24"":1,""C25"":1,""C26"":1,""C27"":1,""C28"":3,""C29"":4,""C30"":4,""C31"":3,""C32"":2,""C33"":3,""C34"":4,""C35"":5,""C36"":1,""C37"":1,""C38"":2,""C39"":3,""C40"":1,""C41"":5,""C42"":4,""C43"":5,""C44"":6,""C45"":2,""C46"":3,""C47"":3,""C48"":5,""C49"":4,""C50"":3,""C51"":4,""C52"":4,""C53"":5,""C54"":9,""C55"":6,""C56"":6,""C57"":7,""C58"":8,""C59"":7,""C60"":12,""C61"":8,""C62"":13,""C63"":9,""C64"":12,""C65"":7,""C66"":11,""C67"":13,""C68"":19,""C69"":17,""C7"":2,""C70"":14,""C71"":16,""C72"":13,""C73"":20,""C74"":11,""C75"":19,""C76"":14,""C77"":41,""C78"":38,""C79"":11,""C80"":62,""C81"":133,""C82"":16,""C83"":297,""C84"":134,""C85"":19,""C86"":60,""C87"":163,""C88"":187,""C89"":60,""C90"":203,""C91"":114,""C92"":24,""C93"":87,""C94"":162,""C95"":77,""C96"":94,""C97"":167,""C98"":147,""C99"":152}"
     39936,         0,     37306,    1.55,PymatchingGapSampler,ad2b3a1a92770969f6aee591103a546cc8e262147c3de1fdc372b0a74e048f37,"{""c"":""compiled-3q-multiplier-16-rotated-HXY"",""d1"":3,""d2"":5,""d3"":9,""noise"":""uniform"",""p"":0.016}","{""C100"":17,""C101"":18,""C102"":24,""C103"":33,""C104"":45,""C105"":37,""C106"":17,""C107"":15,""C108"":4,""C109"":15,""C110"":30,""C111"":17,""C112"":38,""C113"":28,""C114"":18,""C115"":15,""C116"":10,""C117"":25,""C118"":11,""C119"":13,""C120"":14,""C121"":1,""C122"":22,""C123"":14,""C124"":1414,""C21"":3,""C28"":1,""C29"":2,""C31"":1,""C36"":1,""C37"":1,""C38"":1,""C40"":2,""C41"":2,""C43"":1,""C44"":2,""C45"":1,""C46"":1,""C47"":2,""C49"":6,""C51"":2,""C52"":4,""C53"":2,""C55"":1,""C56"":5,""C57"":1,""C58"":6,""C59"":2,""C60"":3,""C61"":1,""C62"":5,""C63"":2,""C64"":13,""C65"":5,""C66"":24,""C67"":36,""C68"":41,""C69"":4,""C70"":22,""C71"":4,""C72"":13,""C73"":11,""C74"":4,""C75"":7,""C76"":15,""C77"":6,""C78"":7,""C79"":13,""C80"":12,""C81"":13,""C82"":25,""C83"":25,""C84"":28,""C85"":112,""C86"":16,""C87"":24,""C88"":14,""C89"":38,""C9"":1,""C90"":28,""C91"":11,""C92"":21,""C93"":18,""C94"":10,""C95"":11,""C96"":12,""C97"":11,""C98"":8,""C99"":11}"
     40960,         1,     37793,    1.56,PymatchingGapSampler,1799c3c0da3f62a62293dfcbce86ec31d862d6c965fb2bd8efc8492863084f95,"{""c"":""compiled-3q-multiplier-12-rotated-HXY"",""d1"":3,""d2"":5,""d3"":9,""noise"":""uniform"",""p"":0.012}","{""C100"":13,""C101"":21,""C102"":24,""C103"":34,""C104"":46,""C105"":46,""C106"":12,""C107"":14,""C108"":7,""C109"":23,""C11"":2,""C110"":34,""C111"":19,""C112"":47,""C113"":52,""C114"":34,""C115"":17,""C116"":22,""C117"":22,""C118"":9,""C119"":27,""C12"":2,""C120"":17,""C121"":5,""C122"":22,""C123"":19,""C124"":1737,""C16"":1,""C20"":1,""C27"":1,""C28"":4,""C29"":4,""C30"":3,""C34"":1,""C36"":2,""C37"":1,""C38"":1,""C39"":2,""C40"":1,""C41"":1,""C42"":3,""C43"":1,""C44"":1,""C45"":2,""C46"":2,""C47"":1,""C48"":3,""C49"":3,""C50"":1,""C52"":3,""C53"":3,""C54"":4,""C55"":3,""C56"":2,""C57"":4,""C58"":4,""C59"":3,""C60"":1,""C61"":1,""C62"":2,""C63"":8,""C64"":5,""C65"":6,""C66"":11,""C67"":41,""C68"":40,""C69"":2,""C70"":26,""C71"":3,""C72"":27,""C73"":4,""C74"":10,""C75"":12,""C76"":11,""C77"":19,""C78"":12,""C79"":20,""C80"":17,""C81"":19,""C82"":36,""C83"":16,""C84"":33,""C85"":93,""C86"":51,""C87"":29,""C88"":27,""C89"":36,""C90"":20,""C91"":18,""C92"":23,""C93"":20,""C94"":8,""C95"":13,""C96"":12,""C97"":20,""C98"":11,""C99"":10,""E12"":1}"
     38912,         2,     34791,    1.52,PymatchingGapSampler,ca1e269eb7e3cc81d333b9abe3cfa92061b38c0a57f57b74a7d59e6aebdb7133,"{""c"":""compiled-3q-multiplier-2-rotated-HXY"",""d1"":3,""d2"":5,""d3"":9,""noise"":""uniform"",""p"":0.002}","{""C100"":19,""C101"":21,""C102"":30,""C103"":41,""C104"":67,""C105"":60,""C106"":17,""C107"":21,""C108"":13,""C109"":49,""C110"":51,""C111"":14,""C112"":49,""C113"":78,""C114"":36,""C115"":24,""C116"":26,""C117"":37,""C118"":18,""C119"":15,""C12"":1,""C120"":25,""C121"":7,""C122"":31,""C123"":17,""C124"":2230,""C20"":1,""C22"":1,""C24"":1,""C25"":2,""C26"":1,""C27"":1,""C28"":2,""C30"":2,""C31"":3,""C32"":3,""C33"":4,""C34"":1,""C35"":1,""C36"":1,""C39"":3,""C40"":3,""C41"":4,""C42"":3,""C43"":4,""C44"":2,""C45"":4,""C46"":3,""C47"":4,""C49"":7,""C50"":2,""C52"":2,""C53"":2,""C55"":3,""C56"":3,""C57"":2,""C58"":8,""C59"":3,""C60"":3,""C61"":1,""C62"":4,""C63"":7,""C64"":14,""C65"":6,""C66"":10,""C67"":23,""C68"":66,""C69"":23,""C70"":31,""C71"":12,""C72"":7,""C73"":39,""C74"":12,""C75"":16,""C76"":19,""C77"":13,""C78"":28,""C79"":26,""C80"":12,""C81"":34,""C82"":46,""C83"":14,""C84"":51,""C85"":129,""C86"":59,""C87"":45,""C88"":7,""C89"":51,""C90"":41,""C91"":8,""C92"":36,""C93"":22,""C94"":18,""C95"":10,""C96"":23,""C97"":37,""C98"":19,""C99"":14,""E1"":1,""E24"":1}"
     38912,         0,     34927,    1.53,PymatchingGapSampler,f72b3c9b18e2657f6ba8a9e93dcf58e1295b123d787cf6e64894244511c6ee4c,"{""c"":""compiled-3q-multiplier-3-rotated-HXY"",""d1"":3,""d2"":5,""d3"":9,""noise"":""uniform"",""p"":0.003}","{""C100"":23,""C101"":25,""C102"":34,""C103"":35,""C104"":67,""C105"":60,""C106"":13,""C107"":16,""C108"":8,""C109"":36,""C110"":48,""C111"":23,""C112"":43,""C113"":83,""C114"":29,""C115"":29,""C116"":37,""C117"":35,""C118"":7,""C119"":25,""C120"":25,""C121"":5,""C122"":30,""C123"":16,""C124"":2134,""C15"":1,""C20"":1,""C25"":1,""C26"":1,""C27"":3,""C28"":5,""C30"":2,""C33"":3,""C34"":1,""C35"":2,""C37"":1,""C39"":1,""C40"":3,""C41"":2,""C42"":3,""C43"":1,""C44"":5,""C45"":1,""C46"":1,""C48"":1,""C49"":5,""C50"":6,""C51"":2,""C52"":2,""C53"":4,""C54"":4,""C55"":3,""C56"":3,""C57"":6,""C58"":5,""C59"":4,""C60"":1,""C61"":5,""C62"":5,""C63"":7,""C64"":8,""C65"":12,""C66"":6,""C67"":30,""C68"":72,""C69"":22,""C70"":34,""C71"":12,""C72"":3,""C73"":36,""C74"":15,""C75"":15,""C76"":11,""C77"":10,""C78"":27,""C79"":29,""C80"":13,""C81"":33,""C82"":45,""C83"":19,""C84"":51,""C85"":132,""C86"":41,""C87"":29,""C88"":4,""C89"":38,""C90"":45,""C91"":17,""C92"":38,""C93"":30,""C94"":17,""C95"":14,""C96"":21,""C97"":35,""C98"":16,""C99"":18}"
     37888,         0,     33751,    1.53,PymatchingGapSampler,336e25b1bec4b5b4d72a9b8b647208d8cd41e0a3b6f91162b5875e89139d6d8d,"{""c"":""compiled-3q-multiplier-1-rotated-HXY"",""d1"":3,""d2"":5,""d3"":9,""noise"":""uniform"",""p"":0.001}","{""C100"":17,""C101"":19,""C102"":20,""C103"":45,""C104"":75,""C105"":51,""C106"":24,""C107"":23,""C108"":9,""C109"":45,""C11"":1,""C110"":43,""C111"":12,""C112"":54,""C113"":74,""C114"":42,""C115"":21,""C116"":46,""C117"":39,""C118"":12,""C119"":21,""C120"":29,""C121"":9,""C122"":29,""C123"":26,""C124"":2231,""C16"":1,""C17"":1,""C20"":1,""C22"":1,""C23"":1,""C27"":2,""C28"":2,""C29"":3,""C30"":1,""C31"":1,""C34"":1,""C35"":2,""C36"":1,""C37"":1,""C39"":1,""C40"":1,""C41"":2,""C42"":4,""C44"":1,""C45"":4,""C46"":1,""C47"":4,""C48"":2,""C49"":1,""C50"":2,""C51"":1,""C52"":2,""C53"":2,""C54"":2,""C55"":3,""C56"":5,""C57"":6,""C58"":14,""C59"":5,""C60"":4,""C61"":2,""C62"":5,""C63"":9,""C64"":11,""C65"":10,""C66"":1,""C67"":33,""C68"":75,""C69"":19,""C70"":32,""C71"":14,""C72"":10,""C73"":35,""C74"":10,""C75"":8,""C76"":16,""C77"":11,""C78"":29,""C79"":22,""C80"":16,""C81"":24,""C82"":53,""C83"":21,""C84"":60,""C85"":114,""C86"":66,""C87"":26,""C88"":12,""C89"":50,""C90"":51,""C91"":26,""C92"":27,""C93"":11,""C94"":29,""C95"":7,""C96"":20,""C97"":31,""C98"":20,""C99"":18}"
     97280,         1,     62681,    2.09,PymatchingGapSampler,b5ef05b24abc92d86d9495c0b40efa77873b4d4896413cdea267f9f052052b98,"{""c"":""compiled-3q-multiplier-16-rotated-HXY"",""d1"":3,""d2"":5,""d3"":9,""noise"":""uniform_atoms"",""p"":0.016}","{""C100"":35,""C101"":155,""C102"":336,""C103"":151,""C104"":123,""C105"":251,""C106"":209,""C107"":227,""C108"":222,""C109"":112,""C110"":186,""C111"":192,""C112"":223,""C113"":306,""C114"":132,""C115"":211,""C116"":474,""C117"":247,""C118"":152,""C119"":94,""C120"":377,""C121"":190,""C122"":56,""C123"":188,""C124"":138,""C125"":277,""C126"":166,""C127"":43,""C128"":253,""C129"":324,""C130"":253,""C131"":122,""C132"":262,""C133"":185,""C134"":242,""C135"":504,""C136"":161,""C137"":160,""C138"":22320,""C15"":1,""C17"":1,""C20"":1,""C24"":2,""C25"":3,""C26"":3,""C27"":2,""C28"":2,""C30"":4,""C31"":2,""C32"":2,""C33"":2,""C34"":5,""C35"":4,""C36"":5,""C37"":2,""C38"":5,""C39"":5,""C40"":1,""C41"":2,""C42"":3,""C43"":1,""C44"":3,""C45"":4,""C46"":2,""C47"":9,""C48"":7,""C49"":5,""C50"":8,""C51"":3,""C52"":5,""C53"":6,""C54"":5,""C55"":12,""C56"":18,""C57"":11,""C58"":10,""C59"":11,""C60"":7,""C61"":10,""C62"":17,""C63"":10,""C64"":11,""C65"":29,""C66"":24,""C67"":14,""C68"":20,""C69"":23,""C70"":21,""C71"":16,""C72"":33,""C73"":20,""C74"":20,""C75"":29,""C76"":19,""C77"":138,""C78"":34,""C79"":37,""C80"":25,""C81"":180,""C82"":192,""C83"":229,""C84"":142,""C85"":198,""C86"":121,""C87"":357,""C88"":180,""C89"":18,""C90"":312,""C91"":125,""C92"":258,""C93"":107,""C94"":121,""C95"":91,""C96"":411,""C97"":72,""C98"":55,""C99"":436,""E5"":1}"
     67584,         1,     30652,    2.13,PymatchingGapSampler,48745cbc9d131ede04aad5a664c79653032f86ac364eb54c884fc483279471f7,"{""c"":""compiled-3q-multiplier-2-rotated-HXY"",""d1"":3,""d2"":5,""d3"":9,""noise"":""uniform_atoms"",""p"":0.002}","{""C100"":129,""C101"":157,""C102"":270,""C103"":263,""C104"":172,""C105"":237,""C106"":194,""C107"":270,""C108"":290,""C109"":129,""C110"":181,""C111"":171,""C112"":209,""C113"":186,""C114"":149,""C115"":208,""C116"":480,""C117"":263,""C118"":321,""C119"":139,""C120"":247,""C121"":177,""C122"":125,""C123"":190,""C124"":149,""C125"":255,""C126"":269,""C127"":135,""C128"":193,""C129"":162,""C130"":320,""C131"":127,""C132"":300,""C133"":353,""C134"":243,""C135"":255,""C136"":430,""C137"":57,""C138"":376,""C139"":24066,""C15"":1,""C22"":2,""C23"":1,""C24"":1,""C26"":3,""C28"":8,""C29"":4,""C30"":3,""C31"":2,""C32"":1,""C33"":6,""C34"":4,""C35"":6,""C36"":3,""C37"":4,""C38"":3,""C39"":3,""C40"":7,""C41"":4,""C42"":10,""C43"":2,""C44"":2,""C45"":4,""C47"":9,""C48"":8,""C49"":3,""C5"":1,""C50"":4,""C51"":6,""C52"":5,""C53"":20,""C54"":7,""C55"":14,""C56"":5,""C57"":4,""C58"":5,""C59"":6,""C60"":10,""C61"":16,""C62"":12,""C63"":5,""C64"":15,""C65"":11,""C66"":18,""C67"":18,""C68"":24,""C69"":21,""C70"":29,""C71"":13,""C72"":27,""C73"":19,""C74"":14,""C75"":28,""C76"":28,""C77"":51,""C78"":42,""C79"":38,""C80"":82,""C81"":152,""C82"":19,""C83"":428,""C84"":210,""C85"":16,""C86"":83,""C87"":271,""C88"":196,""C89"":81,""C90"":332,""C91"":157,""C92"":46,""C93"":177,""C94"":198,""C95"":96,""C96"":173,""C97"":177,""C98"":327,""C99"":243,""E22"":1}"
     67584,         0,     31910,    2.15,PymatchingGapSampler,fa07acd832628ab615a7950e66d49f62ecef29ab8105ac4c978b008bb87ecdec,"{""c"":""compiled-3q-multiplier-3-rotated-HXY"",""d1"":3,""d2"":5,""d3"":9,""noise"":""uniform_atoms"",""p"":0.003}","{""C100"":122,""C101"":160,""C102"":227,""C103"":234,""C104"":152,""C105"":264,""C106"":180,""C107"":301,""C108"":285,""C109"":131,""C110"":184,""C111"":162,""C112"":199,""C113"":212,""C114"":139,""C115"":210,""C116"":453,""C117"":228,""C118"":285,""C119"":143,""C120"":249,""C121"":162,""C122"":140,""C123"":190,""C124"":90,""C125"":251,""C126"":258,""C127"":135,""C128"":221,""C129"":113,""C130"":280,""C131"":176,""C132"":373,""C133"":206,""C134"":268,""C135"":345,""C136"":241,""C137"":55,""C138"":357,""C139"":23500,""C16"":1,""C18"":1,""C19"":1,""C21"":1,""C22"":1,""C23"":1,""C24"":1,""C25"":5,""C26"":1,""C27"":3,""C28"":2,""C29"":2,""C30"":3,""C31"":3,""C32"":3,""C33"":4,""C34"":2,""C35"":4,""C36"":3,""C37"":3,""C38"":5,""C39"":3,""C40"":1,""C41"":3,""C42"":11,""C44"":3,""C45"":3,""C46"":1,""C47"":8,""C48"":7,""C49"":4,""C50"":8,""C51"":9,""C52"":4,""C53"":7,""C54"":5,""C55"":7,""C56"":10,""C57"":13,""C58"":11,""C59"":15,""C60"":15,""C61"":14,""C62"":18,""C63"":7,""C64"":14,""C65"":21,""C66"":10,""C67"":8,""C68"":32,""C69"":17,""C70"":17,""C71"":15,""C72"":23,""C73"":14,""C74"":23,""C75"":26,""C76"":19,""C77"":52,""C78"":31,""C79"":32,""C8"":1,""C80"":76,""C81"":135,""C82"":25,""C83"":365,""C84"":165,""C85"":20,""C86"":76,""C87"":260,""C88"":185,""C89"":174,""C90"":231,""C91"":118,""C92"":31,""C93"":205,""C94"":107,""C95"":233,""C96"":213,""C97"":69,""C98"":265,""C99"":248}"
     84992,         1,     51079,    2.10,PymatchingGapSampler,4a3d7bda5757f7bb69a442074b5181897af381a3b4dbe9ab72cc3997cc72a4c6,"{""c"":""compiled-3q-multiplier-12-rotated-HXY"",""d1"":3,""d2"":5,""d3"":9,""noise"":""uniform_atoms"",""p"":0.012}","{""C100"":271,""C101"":41,""C102"":239,""C103"":330,""C104"":33,""C105"":229,""C106"":280,""C107"":202,""C108"":243,""C109"":118,""C110"":104,""C111"":239,""C112"":173,""C113"":142,""C114"":311,""C115"":201,""C116"":271,""C117"":295,""C118"":302,""C119"":61,""C120"":249,""C121"":192,""C122"":166,""C123"":129,""C124"":113,""C125"":290,""C126"":171,""C127"":70,""C128"":225,""C129"":110,""C130"":469,""C131"":220,""C132"":109,""C133"":341,""C134"":221,""C135"":252,""C136"":358,""C137"":155,""C138"":264,""C139"":21849,""C16"":2,""C18"":1,""C22"":1,""C23"":3,""C24"":1,""C25"":1,""C26"":3,""C27"":1,""C28"":1,""C29"":2,""C3"":2,""C30"":3,""C31"":4,""C32"":3,""C33"":1,""C34"":6,""C35"":8,""C36"":3,""C37"":2,""C38"":8,""C39"":5,""C40"":8,""C41"":3,""C42"":3,""C43"":2,""C44"":3,""C45"":4,""C46"":3,""C47"":6,""C48"":5,""C49"":4,""C50"":4,""C51"":3,""C52"":6,""C53"":5,""C54"":5,""C55"":5,""C56"":12,""C57"":5,""C58"":12,""C59"":6,""C6"":1,""C60"":15,""C61"":7,""C62"":19,""C63"":11,""C64"":21,""C65"":19,""C66"":19,""C67"":14,""C68"":16,""C69"":22,""C70"":22,""C71"":14,""C72"":11,""C73"":18,""C74"":17,""C75"":27,""C76"":23,""C77"":61,""C78"":95,""C79"":37,""C8"":1,""C80"":37,""C81"":123,""C82"":61,""C83"":352,""C84"":116,""C85"":51,""C86"":245,""C87"":196,""C88"":349,""C89"":49,""C90"":186,""C91"":170,""C92"":98,""C93"":240,""C94"":122,""C95"":100,""C96"":235,""C97"":233,""C98"":54,""C99"":202,""E8"":1}"
     65536,         1,     28631,    2.15,PymatchingGapSampler,3b6c05e615564709dbfa395808f2e19641a9b1a0d8cff5bf6b0c54daa36894dc,"{""c"":""compiled-3q-multiplier-1-rotated-HXY"",""d1"":3,""d2"":5,""d3"":9,""noise"":""uniform_atoms"",""p"":0.001}","{""C1"":1,""C100"":311,""C101"":127,""C102"":190,""C103"":337,""C104"":147,""C105"":120,""C106"":300,""C107"":202,""C108"":412,""C109"":114,""C110"":106,""C111"":233,""C112"":188,""C113"":123,""C114"":193,""C115"":235,""C116"":284,""C117"":472,""C118"":294,""C119"":133,""C120"":245,""C121"":164,""C122"":156,""C123"":170,""C124"":79,""C125"":290,""C126"":286,""C127"":138,""C128"":187,""C129"":112,""C13"":1,""C130"":304,""C131"":149,""C132"":276,""C133"":347,""C134"":245,""C135"":261,""C136"":370,""C137"":62,""C138"":407,""C139"":24137,""C16"":3,""C21"":1,""C23"":1,""C24"":1,""C25"":1,""C26"":2,""C27"":3,""C28"":1,""C29"":3,""C31"":4,""C33"":3,""C34"":3,""C35"":3,""C36"":3,""C37"":3,""C38"":7,""C39"":8,""C40"":3,""C41"":5,""C42"":7,""C43"":4,""C44"":2,""C45"":3,""C46"":1,""C47"":3,""C48"":5,""C49"":1,""C50"":5,""C51"":2,""C52"":5,""C53"":12,""C54"":8,""C55"":5,""C56"":8,""C57"":9,""C58"":5,""C59"":6,""C60"":20,""C61"":16,""C62"":20,""C63"":18,""C64"":19,""C65"":11,""C66"":12,""C67"":18,""C68"":18,""C69"":25,""C70"":24,""C71"":13,""C72"":18,""C73"":20,""C74"":12,""C75"":20,""C76"":23,""C77"":54,""C78"":36,""C79"":23,""C80"":92,""C81"":170,""C82"":21,""C83"":481,""C84"":181,""C85"":23,""C86"":111,""C87"":233,""C88"":226,""C89"":90,""C90"":312,""C91"":181,""C92"":51,""C93"":147,""C94"":201,""C95"":117,""C96"":144,""C97"":226,""C98"":208,""C99"":212,""E0"":1}"
     57344,         0,     53338,    2.17,PymatchingGapSampler,ad2b3a1a92770969f6aee591103a546cc8e262147c3de1fdc372b0a74e048f37,"{""c"":""compiled-3q-multiplier-16-rotated-HXY"",""d1"":3,""d2"":5,""d3"":9,""noise"":""uniform"",""p"":0.016}","{""C100"":17,""C101"":23,""C102"":35,""C103"":39,""C104"":68,""C105"":62,""C106"":29,""C107"":24,""C108"":5,""C109"":26,""C110"":50,""C111"":22,""C112"":58,""C113"":65,""C114"":44,""C115"":29,""C116"":30,""C117"":27,""C118"":11,""C119"":24,""C12"":1,""C120"":23,""C121"":9,""C122"":23,""C123"":18,""C124"":2077,""C14"":1,""C15"":1,""C19"":1,""C24"":1,""C26"":1,""C28"":1,""C29"":2,""C30"":4,""C31"":1,""C32"":1,""C33"":3,""C34"":2,""C35"":2,""C36"":1,""C37"":1,""C38"":2,""C39"":2,""C40"":1,""C41"":2,""C42"":2,""C43"":2,""C45"":4,""C46"":2,""C47"":4,""C48"":2,""C49"":1,""C50"":2,""C51"":3,""C52"":3,""C53"":1,""C54"":5,""C55"":1,""C56"":4,""C57"":4,""C58"":7,""C59"":6,""C60"":3,""C61"":2,""C62"":3,""C63"":4,""C64"":7,""C65"":4,""C66"":35,""C67"":50,""C68"":59,""C69"":7,""C70"":39,""C71"":4,""C72"":35,""C73"":19,""C74"":9,""C75"":9,""C76"":14,""C77"":28,""C78"":12,""C79"":32,""C80"":27,""C81"":22,""C82"":51,""C83"":27,""C84"":46,""C85"":161,""C86"":16,""C87"":38,""C88"":24,""C89"":56,""C90"":28,""C91"":17,""C92"":33,""C93"":37,""C94"":17,""C95"":19,""C96"":26,""C97"":21,""C98"":22,""C99"":21}"
     53248,         0,     47800,    2.15,PymatchingGapSampler,f72b3c9b18e2657f6ba8a9e93dcf58e1295b123d787cf6e64894244511c6ee4c,"{""c"":""compiled-3q-multiplier-3-rotated-HXY"",""d1"":3,""d2"":5,""d3"":9,""noise"":""uniform"",""p"":0.003}","{""C10"":1,""C100"":16,""C101"":30,""C102"":36,""C103"":40,""C104"":94,""C105"":81,""C106"":28,""C107"":42,""C108"":13,""C109"":48,""C110"":60,""C111"":27,""C112"":49,""C113"":102,""C114"":57,""C115"":36,""C116"":47,""C117"":47,""C118"":10,""C119"":27,""C12"":1,""C120"":45,""C121"":13,""C122"":36,""C123"":38,""C124"":2911,""C15"":1,""C16"":1,""C18"":1,""C19"":1,""C2"":1,""C20"":1,""C22"":1,""C26"":1,""C27"":1,""C28"":7,""C29"":1,""C30"":1,""C31"":4,""C32"":2,""C33"":1,""C34"":1,""C36"":2,""C38"":1,""C40"":4,""C41"":2,""C42"":4,""C43"":6,""C44"":1,""C45"":3,""C47"":3,""C48"":10,""C49"":3,""C5"":1,""C50"":6,""C51"":4,""C52"":9,""C53"":5,""C54"":5,""C55"":5,""C56"":5,""C57"":6,""C58"":17,""C59"":6,""C60"":7,""C61"":8,""C62"":3,""C63"":13,""C64"":10,""C65"":12,""C66"":6,""C67"":41,""C68"":106,""C69"":35,""C70"":30,""C71"":16,""C72"":11,""C73"":50,""C74"":12,""C75"":16,""C76"":27,""C77"":13,""C78"":30,""C79"":30,""C80"":17,""C81"":45,""C82"":54,""C83"":25,""C84"":77,""C85"":157,""C86"":75,""C87"":49,""C88"":12,""C89"":72,""C90"":55,""C91"":21,""C92"":48,""C93"":34,""C94"":21,""C95"":17,""C96"":24,""C97"":42,""C98"":19,""C99"":39}"
     57344,         0,     52971,    2.19,PymatchingGapSampler,1799c3c0da3f62a62293dfcbce86ec31d862d6c965fb2bd8efc8492863084f95,"{""c"":""compiled-3q-multiplier-12-rotated-HXY"",""d1"":3,""d2"":5,""d3"":9,""noise"":""uniform"",""p"":0.012}","{""C100"":20,""C101"":19,""C102"":27,""C103"":52,""C104"":65,""C105"":57,""C106"":24,""C107"":26,""C108"":9,""C109"":40,""C11"":2,""C110"":53,""C111"":30,""C112"":48,""C113"":82,""C114"":36,""C115"":31,""C116"":28,""C117"":26,""C118"":6,""C119"":22,""C120"":15,""C121"":13,""C122"":42,""C123"":29,""C124"":2340,""C13"":1,""C17"":2,""C21"":1,""C23"":1,""C25"":1,""C26"":3,""C28"":5,""C29"":6,""C30"":2,""C31"":2,""C32"":1,""C35"":1,""C36"":4,""C37"":2,""C38"":1,""C39"":1,""C40"":1,""C41"":3,""C42"":3,""C43"":3,""C44"":2,""C45"":1,""C46"":3,""C47"":4,""C48"":4,""C49"":5,""C50"":2,""C51"":1,""C52"":3,""C53"":3,""C54"":2,""C55"":4,""C56"":2,""C57"":6,""C58"":4,""C59"":6,""C60"":3,""C61"":2,""C62"":3,""C63"":3,""C64"":10,""C65"":8,""C66"":17,""C67"":57,""C68"":57,""C69"":7,""C7"":1,""C70"":35,""C71"":7,""C72"":31,""C73"":22,""C74"":19,""C75"":11,""C76"":23,""C77"":20,""C78"":22,""C79"":26,""C80"":33,""C81"":26,""C82"":49,""C83"":38,""C84"":42,""C85"":155,""C86"":64,""C87"":31,""C88"":27,""C89"":63,""C9"":1,""C90"":30,""C91"":20,""C92"":42,""C93"":30,""C94"":18,""C95"":8,""C96"":18,""C97"":24,""C98"":13,""C99"":19}"
     55296,         3,     49501,    2.16,PymatchingGapSampler,ca1e269eb7e3cc81d333b9abe3cfa92061b38c0a57f57b74a7d59e6aebdb7133,"{""c"":""compiled-3q-multiplier-2-rotated-HXY"",""d1"":3,""d2"":5,""d3"":9,""noise"":""uniform"",""p"":0.002}","{""C10"":1,""C100"":34,""C101"":24,""C102"":33,""C103"":51,""C104"":78,""C105"":83,""C106"":25,""C107"":36,""C108"":8,""C109"":52,""C110"":64,""C111"":10,""C112"":69,""C113"":129,""C114"":50,""C115"":30,""C116"":39,""C117"":55,""C118"":21,""C119"":25,""C120"":43,""C121"":11,""C122"":41,""C123"":33,""C124"":3229,""C15"":2,""C16"":2,""C18"":2,""C20"":2,""C22"":1,""C26"":1,""C27"":4,""C28"":2,""C29"":4,""C3"":1,""C30"":2,""C31"":1,""C32"":4,""C33"":3,""C34"":2,""C35"":1,""C36"":1,""C39"":2,""C40"":1,""C41"":4,""C42"":4,""C43"":3,""C44"":2,""C45"":5,""C46"":4,""C47"":4,""C48"":5,""C49"":4,""C50"":4,""C51"":5,""C52"":3,""C53"":4,""C54"":1,""C55"":3,""C56"":5,""C57"":6,""C58"":11,""C59"":9,""C60"":6,""C61"":7,""C62"":7,""C63"":9,""C64"":17,""C65"":11,""C66"":11,""C67"":40,""C68"":113,""C69"":29,""C70"":38,""C71"":20,""C72"":14,""C73"":34,""C74"":13,""C75"":22,""C76"":26,""C77"":25,""C78"":39,""C79"":28,""C80"":11,""C81"":40,""C82"":62,""C83"":21,""C84"":77,""C85"":153,""C86"":75,""C87"":48,""C88"":8,""C89"":58,""C90"":63,""C91"":28,""C92"":38,""C93"":30,""C94"":35,""C95"":10,""C96"":27,""C97"":53,""C98"":23,""C99"":25,""E0"":1,""E24"":1,""E7"":1}"
     55296,         4,     49361,    2.13,PymatchingGapSampler,336e25b1bec4b5b4d72a9b8b647208d8cd41e0a3b6f91162b5875e89139d6d8d,"{""c"":""compiled-3q-multiplier-1-rotated-HXY"",""d1"":3,""d2"":5,""d3"":9,""noise"":""uniform"",""p"":0.001}","{""C100"":28,""C101"":28,""C102"":41,""C103"":51,""C104"":103,""C105"":67,""C106"":50,""C107"":33,""C108"":9,""C109"":42,""C11"":1,""C110"":71,""C111"":8,""C112"":63,""C113"":128,""C114"":55,""C115"":33,""C116"":56,""C117"":47,""C118"":14,""C119"":28,""C120"":38,""C121"":17,""C122"":36,""C123"":33,""C124"":3225,""C13"":2,""C15"":1,""C16"":1,""C20"":2,""C22"":2,""C23"":1,""C24"":2,""C26"":1,""C27"":2,""C29"":2,""C30"":4,""C31"":3,""C33"":4,""C35"":2,""C37"":1,""C39"":1,""C40"":2,""C41"":5,""C42"":2,""C43"":5,""C44"":4,""C45"":9,""C46"":1,""C47"":4,""C48"":3,""C49"":4,""C50"":4,""C51"":3,""C52"":3,""C53"":3,""C54"":4,""C55"":3,""C56"":5,""C57"":9,""C58"":8,""C59"":6,""C60"":4,""C61"":7,""C62"":2,""C63"":7,""C64"":14,""C65"":14,""C66"":10,""C67"":45,""C68"":114,""C69"":29,""C70"":47,""C71"":20,""C72"":15,""C73"":49,""C74"":19,""C75"":20,""C76"":26,""C77"":21,""C78"":29,""C79"":24,""C8"":1,""C80"":18,""C81"":42,""C82"":77,""C83"":26,""C84"":103,""C85"":149,""C86"":96,""C87"":40,""C88"":16,""C89"":71,""C90"":59,""C91"":17,""C92"":58,""C93"":19,""C94"":39,""C95"":16,""C96"":31,""C97"":63,""C98"":27,""C99"":24,""E11"":1,""E13"":1,""E2"":1,""E5"":1}"
    130048,         0,     83870,    2.96,PymatchingGapSampler,b5ef05b24abc92d86d9495c0b40efa77873b4d4896413cdea267f9f052052b98,"{""c"":""compiled-3q-multiplier-16-rotated-HXY"",""d1"":3,""d2"":5,""d3"":9,""noise"":""uniform_atoms"",""p"":0.016}","{""C100"":30,""C101"":202,""C102"":539,""C103"":188,""C104"":173,""C105"":310,""C106"":282,""C107"":300,""C108"":261,""C109"":143,""C110"":253,""C111"":239,""C112"":279,""C113"":378,""C114"":162,""C115"":289,""C116"":610,""C117"":275,""C118"":212,""C119"":129,""C120"":449,""C121"":245,""C122"":80,""C123"":239,""C124"":177,""C125"":383,""C126"":199,""C127"":81,""C128"":342,""C129"":432,""C130"":393,""C131"":170,""C132"":336,""C133"":246,""C134"":293,""C135"":627,""C136"":236,""C137"":203,""C138"":30098,""C14"":1,""C18"":2,""C20"":1,""C21"":3,""C23"":2,""C25"":2,""C26"":2,""C27"":4,""C28"":3,""C30"":6,""C31"":6,""C32"":3,""C33"":6,""C34"":5,""C35"":3,""C36"":7,""C37"":2,""C38"":7,""C39"":9,""C40"":5,""C42"":5,""C43"":3,""C44"":5,""C45"":4,""C46"":6,""C47"":11,""C48"":8,""C49"":4,""C5"":1,""C50"":7,""C51"":9,""C52"":5,""C53"":5,""C54"":7,""C55"":10,""C56"":13,""C57"":15,""C58"":15,""C59"":15,""C6"":1,""C60"":11,""C61"":18,""C62"":20,""C63"":11,""C64"":36,""C65"":31,""C66"":19,""C67"":25,""C68"":16,""C69"":34,""C70"":29,""C71"":18,""C72"":22,""C73"":26,""C74"":26,""C75"":22,""C76"":17,""C77"":179,""C78"":57,""C79"":40,""C8"":2,""C80"":36,""C81"":251,""C82"":208,""C83"":304,""C84"":202,""C85"":254,""C86"":183,""C87"":453,""C88"":219,""C89"":31,""C90"":476,""C91"":167,""C92"":322,""C93"":125,""C94"":171,""C95"":130,""C96"":566,""C97"":78,""C98"":74,""C99"":558}"
     95232,         1,     43410,    2.99,PymatchingGapSampler,48745cbc9d131ede04aad5a664c79653032f86ac364eb54c884fc483279471f7,"{""c"":""compiled-3q-multiplier-2-rotated-HXY"",""d1"":3,""d2"":5,""d3"":9,""noise"":""uniform_atoms"",""p"":0.002}","{""C100"":186,""C101"":212,""C102"":367,""C103"":361,""C104"":203,""C105"":365,""C106"":288,""C107"":406,""C108"":390,""C109"":178,""C110"":290,""C111"":246,""C112"":271,""C113"":295,""C114"":217,""C115"":278,""C116"":614,""C117"":370,""C118"":415,""C119"":192,""C120"":341,""C121"":239,""C122"":182,""C123"":254,""C124"":169,""C125"":310,""C126"":378,""C127"":184,""C128"":287,""C129"":185,""C130"":449,""C131"":164,""C132"":427,""C133"":548,""C134"":327,""C135"":334,""C136"":608,""C137"":88,""C138"":563,""C139"":33955,""C17"":2,""C2"":1,""C20"":1,""C21"":1,""C22"":1,""C23"":1,""C24"":3,""C25"":2,""C26"":1,""C27"":4,""C28"":3,""C3"":1,""C30"":5,""C31"":2,""C32"":3,""C33"":7,""C34"":2,""C35"":6,""C36"":6,""C37"":5,""C38"":2,""C39"":9,""C40"":4,""C41"":5,""C42"":8,""C43"":5,""C44"":7,""C45"":9,""C46"":5,""C47"":6,""C48"":8,""C49"":2,""C50"":11,""C51"":5,""C52"":6,""C53"":11,""C54"":9,""C55"":12,""C56"":9,""C57"":8,""C58"":14,""C59"":19,""C60"":16,""C61"":11,""C62"":18,""C63"":22,""C64"":20,""C65"":13,""C66"":26,""C67"":18,""C68"":44,""C69"":30,""C70"":34,""C71"":19,""C72"":34,""C73"":36,""C74"":24,""C75"":48,""C76"":27,""C77"":79,""C78"":74,""C79"":52,""C80"":99,""C81"":226,""C82"":32,""C83"":567,""C84"":279,""C85"":31,""C86"":108,""C87"":419,""C88"":301,""C89"":120,""C90"":423,""C91"":203,""C92"":61,""C93"":243,""C94"":249,""C95"":143,""C96"":277,""C97"":255,""C98"":436,""C99"":337,""E36"":1}"
     96256,         0,     45481,    2.99,PymatchingGapSampler,fa07acd832628ab615a7950e66d49f62ecef29ab8105ac4c978b008bb87ecdec,"{""c"":""compiled-3q-multiplier-3-rotated-HXY"",""d1"":3,""d2"":5,""d3"":9,""noise"":""uniform_atoms"",""p"":0.003}","{""C100"":141,""C101"":191,""C102"":363,""C103"":353,""C104"":211,""C105"":366,""C106"":242,""C107"":380,""C108"":402,""C109"":163,""C110"":256,""C111"":218,""C112"":267,""C113"":281,""C114"":208,""C115"":297,""C116"":681,""C117"":344,""C118"":411,""C119"":192,""C120"":344,""C121"":233,""C122"":202,""C123"":301,""C124"":151,""C125"":352,""C126"":396,""C127"":181,""C128"":270,""C129"":205,""C130"":434,""C131"":296,""C132"":571,""C133"":281,""C134"":366,""C135"":562,""C136"":391,""C137"":102,""C138"":534,""C139"":32970,""C14"":1,""C15"":1,""C17"":1,""C21"":1,""C22"":1,""C24"":4,""C25"":3,""C26"":6,""C27"":2,""C28"":5,""C29"":3,""C30"":3,""C31"":5,""C32"":6,""C33"":2,""C34"":6,""C35"":10,""C36"":3,""C37"":4,""C38"":6,""C39"":4,""C40"":5,""C41"":4,""C42"":7,""C43"":3,""C44"":7,""C45"":12,""C46"":1,""C47"":8,""C48"":7,""C49"":1,""C50"":4,""C51"":4,""C52"":8,""C53"":13,""C54"":15,""C55"":9,""C56"":15,""C57"":13,""C58"":17,""C59"":16,""C60"":17,""C61"":20,""C62"":19,""C63"":19,""C64"":20,""C65"":28,""C66"":30,""C67"":23,""C68"":28,""C69"":32,""C70"":28,""C71"":31,""C72"":30,""C73"":24,""C74"":31,""C75"":31,""C76"":37,""C77"":68,""C78"":56,""C79"":52,""C8"":1,""C80"":105,""C81"":222,""C82"":25,""C83"":586,""C84"":253,""C85"":30,""C86"":124,""C87"":363,""C88"":286,""C89"":279,""C90"":372,""C91"":167,""C92"":45,""C93"":265,""C94"":172,""C95"":322,""C96"":284,""C97"":109,""C98"":424,""C99"":362}"
    119808,         0,     72089,    2.94,PymatchingGapSampler,4a3d7bda5757f7bb69a442074b5181897af381a3b4dbe9ab72cc3997cc72a4c6,"{""c"":""compiled-3q-multiplier-12-rotated-HXY"",""d1"":3,""d2"":5,""d3"":9,""noise"":""uniform_atoms"",""p"":0.012}","{""C10"":1,""C100"":360,""C101"":52,""C102"":394,""C103"":487,""C104"":42,""C105"":305,""C106"":373,""C107"":269,""C108"":335,""C109"":163,""C110"":175,""C111"":340,""C112"":269,""C113"":160,""C114"":425,""C115"":296,""C116"":329,""C117"":357,""C118"":419,""C119"":97,""C120"":375,""C121"":297,""C122"":257,""C123"":167,""C124"":144,""C125"":397,""C126"":247,""C127"":77,""C128"":270,""C129"":181,""C130"":644,""C131"":282,""C132"":182,""C133"":457,""C134"":341,""C135"":374,""C136"":504,""C137"":240,""C138"":330,""C139"":30730,""C18"":1,""C2"":1,""C20"":3,""C21"":3,""C24"":1,""C25"":3,""C26"":2,""C27"":5,""C28"":2,""C29"":4,""C30"":4,""C31"":1,""C32"":5,""C33"":1,""C34"":4,""C35"":4,""C36"":4,""C37"":7,""C38"":3,""C39"":3,""C40"":3,""C41"":7,""C42"":4,""C43"":9,""C44"":3,""C45"":7,""C46"":4,""C47"":7,""C48"":7,""C49"":4,""C50"":8,""C51"":3,""C52"":7,""C53"":16,""C54"":14,""C55"":18,""C56"":7,""C57"":16,""C58"":7,""C59"":17,""C60"":18,""C61"":22,""C62"":23,""C63"":12,""C64"":15,""C65"":35,""C66"":29,""C67"":15,""C68"":31,""C69"":32,""C7"":1,""C70"":40,""C71"":26,""C72"":25,""C73"":26,""C74"":29,""C75"":30,""C76"":38,""C77"":64,""C78"":149,""C79"":43,""C80"":65,""C81"":228,""C82"":79,""C83"":510,""C84"":155,""C85"":83,""C86"":358,""C87"":291,""C88"":439,""C89"":55,""C90"":259,""C91"":266,""C92"":158,""C93"":354,""C94"":166,""C95"":169,""C96"":351,""C97"":332,""C98"":88,""C99"":237}"
     92160,         0,     40644,    3.01,PymatchingGapSampler,3b6c05e615564709dbfa395808f2e19641a9b1a0d8cff5bf6b0c54daa36894dc,"{""c"":""compiled-3q-multiplier-1-rotated-HXY"",""d1"":3,""d2"":5,""d3"":9,""noise"":""uniform_atoms"",""p"":0.001}","{""C100"":400,""C101"":133,""C102"":286,""C103"":466,""C104"":229,""C105"":190,""C106"":480,""C107"":279,""C108"":516,""C109"":172,""C110"":155,""C111"":344,""C112"":262,""C113"":161,""C114"":304,""C115"":304,""C116"":383,""C117"":664,""C118"":389,""C119"":202,""C120"":355,""C121"":251,""C122"":202,""C123"":247,""C124"":121,""C125"":421,""C126"":393,""C127"":155,""C128"":266,""C129"":190,""C130"":376,""C131"":203,""C132"":470,""C133"":440,""C134"":367,""C135"":359,""C136"":578,""C137"":120,""C138"":544,""C139"":33712,""C16"":1,""C18"":1,""C21"":2,""C23"":1,""C24"":1,""C25"":5,""C26"":4,""C27"":3,""C29"":3,""C30"":4,""C31"":8,""C32"":2,""C33"":2,""C34"":2,""C35"":2,""C36"":4,""C37"":7,""C38"":3,""C39"":6,""C40"":5,""C41"":3,""C42"":4,""C43"":3,""C44"":4,""C45"":5,""C46"":6,""C47"":8,""C48"":4,""C49"":4,""C50"":4,""C51"":4,""C52"":8,""C53"":14,""C54"":7,""C55"":16,""C56"":10,""C57"":5,""C58"":18,""C59"":19,""C6"":1,""C60"":14,""C61"":27,""C62"":21,""C63"":17,""C64"":23,""C65"":21,""C66"":27,""C67"":23,""C68"":39,""C69"":26,""C70"":27,""C71"":21,""C72"":40,""C73"":29,""C74"":26,""C75"":34,""C76"":30,""C77"":78,""C78"":51,""C79"":26,""C80"":127,""C81"":250,""C82"":41,""C83"":578,""C84"":271,""C85"":28,""C86"":105,""C87"":320,""C88"":335,""C89"":111,""C90"":397,""C91"":242,""C92"":69,""C93"":202,""C94"":289,""C95"":177,""C96"":211,""C97"":327,""C98"":275,""C99"":259}"
     78848,         1,     73385,    2.97,PymatchingGapSampler,ad2b3a1a92770969f6aee591103a546cc8e262147c3de1fdc372b0a74e048f37,"{""c"":""compiled-3q-multiplier-16-rotated-HXY"",""d1"":3,""d2"":5,""d3"":9,""noise"":""uniform"",""p"":0.016}","{""C100"":31,""C101"":25,""C102"":44,""C103"":60,""C104"":90,""C105"":65,""C106"":46,""C107"":23,""C108"":7,""C109"":70,""C110"":71,""C111"":32,""C112"":104,""C113"":67,""C114"":43,""C115"":34,""C116"":27,""C117"":46,""C118"":12,""C119"":48,""C12"":1,""C120"":19,""C121"":7,""C122"":47,""C123"":30,""C124"":2879,""C23"":1,""C24"":1,""C25"":1,""C26"":3,""C27"":3,""C28"":4,""C30"":3,""C32"":2,""C33"":3,""C34"":1,""C35"":2,""C36"":1,""C37"":1,""C38"":1,""C39"":2,""C40"":2,""C41"":2,""C42"":1,""C43"":4,""C45"":5,""C46"":7,""C47"":6,""C48"":4,""C49"":2,""C50"":2,""C51"":5,""C52"":4,""C53"":3,""C54"":1,""C55"":4,""C56"":3,""C57"":9,""C58"":15,""C59"":8,""C60"":3,""C61"":4,""C62"":8,""C63"":6,""C64"":12,""C65"":11,""C66"":37,""C67"":70,""C68"":68,""C69"":6,""C70"":51,""C71"":12,""C72"":36,""C73"":28,""C74"":8,""C75"":18,""C76"":24,""C77"":26,""C78"":14,""C79"":34,""C80"":42,""C81"":31,""C82"":42,""C83"":45,""C84"":76,""C85"":231,""C86"":27,""C87"":48,""C88"":29,""C89"":81,""C90"":39,""C91"":30,""C92"":31,""C93"":45,""C94"":16,""C95"":25,""C96"":19,""C97"":39,""C98"":26,""C99"":20,""E15"":1}"
     76800,         1,     68945,    3.00,PymatchingGapSampler,f72b3c9b18e2657f6ba8a9e93dcf58e1295b123d787cf6e64894244511c6ee4c,"{""c"":""compiled-3q-multiplier-3-rotated-HXY"",""d1"":3,""d2"":5,""d3"":9,""noise"":""uniform"",""p"":0.003}","{""C10"":1,""C100"":50,""C101"":49,""C102"":53,""C103"":72,""C104"":131,""C105"":139,""C106"":48,""C107"":38,""C108"":17,""C109"":77,""C11"":2,""C110"":94,""C111"":34,""C112"":68,""C113"":168,""C114"":81,""C115"":38,""C116"":58,""C117"":60,""C118"":22,""C119"":39,""C12"":3,""C120"":51,""C121"":16,""C122"":46,""C123"":39,""C124"":4137,""C14"":1,""C15"":1,""C16"":1,""C24"":2,""C26"":2,""C27"":1,""C28"":5,""C29"":4,""C30"":3,""C31"":4,""C32"":2,""C33"":6,""C34"":2,""C35"":2,""C36"":2,""C37"":2,""C38"":2,""C39"":2,""C40"":1,""C41"":1,""C42"":9,""C43"":6,""C44"":4,""C45"":10,""C46"":2,""C47"":3,""C48"":4,""C49"":4,""C50"":3,""C51"":5,""C52"":7,""C53"":4,""C54"":1,""C55"":6,""C56"":5,""C57"":8,""C58"":15,""C59"":3,""C60"":10,""C61"":19,""C62"":10,""C63"":14,""C64"":29,""C65"":17,""C66"":5,""C67"":60,""C68"":145,""C69"":37,""C7"":1,""C70"":74,""C71"":31,""C72"":16,""C73"":63,""C74"":24,""C75"":16,""C76"":36,""C77"":26,""C78"":51,""C79"":45,""C8"":2,""C80"":24,""C81"":52,""C82"":98,""C83"":37,""C84"":126,""C85"":222,""C86"":116,""C87"":87,""C88"":23,""C89"":98,""C90"":81,""C91"":27,""C92"":58,""C93"":65,""C94"":37,""C95"":25,""C96"":37,""C97"":60,""C98"":28,""C99"":46,""E13"":1}"
     75776,         6,     67647,    2.99,PymatchingGapSampler,ca1e269eb7e3cc81d333b9abe3cfa92061b38c0a57f57b74a7d59e6aebdb7133,"{""c"":""compiled-3q-multiplier-2-rotated-HXY"",""d1"":3,""d2"":5,""d3"":9,""noise"":""uniform"",""p"":0.002}","{""C100"":42,""C101"":37,""C102"":62,""C103"":79,""C104"":137,""C105"":113,""C106"":46,""C107"":50,""C108"":21,""C109"":75,""C110"":112,""C111"":26,""C112"":96,""C113"":156,""C114"":77,""C115"":40,""C116"":72,""C117"":52,""C118"":22,""C119"":37,""C120"":68,""C121"":24,""C122"":62,""C123"":38,""C124"":4246,""C14"":1,""C15"":1,""C16"":1,""C17"":1,""C20"":1,""C22"":1,""C24"":4,""C25"":1,""C26"":4,""C28"":5,""C29"":2,""C30"":1,""C31"":3,""C32"":1,""C33"":2,""C34"":2,""C35"":2,""C38"":2,""C39"":2,""C40"":7,""C41"":4,""C42"":5,""C43"":7,""C44"":1,""C45"":5,""C46"":2,""C47"":2,""C48"":10,""C49"":11,""C50"":4,""C51"":4,""C52"":5,""C53"":4,""C54"":1,""C55"":5,""C56"":8,""C57"":13,""C58"":15,""C59"":11,""C60"":10,""C61"":4,""C62"":7,""C63"":16,""C64"":21,""C65"":16,""C66"":10,""C67"":64,""C68"":171,""C69"":50,""C7"":1,""C70"":57,""C71"":40,""C72"":20,""C73"":70,""C74"":23,""C75"":23,""C76"":38,""C77"":30,""C78"":44,""C79"":45,""C80"":33,""C81"":71,""C82"":105,""C83"":34,""C84"":115,""C85"":256,""C86"":129,""C87"":71,""C88"":20,""C89"":119,""C90"":69,""C91"":29,""C92"":63,""C93"":42,""C94"":41,""C95"":33,""C96"":40,""C97"":84,""C98"":29,""C99"":29,""E1"":1,""E15"":1,""E2"":1,""E3"":1,""E4"":1,""E47"":1}"
     77824,         2,     69415,    2.99,PymatchingGapSampler,336e25b1bec4b5b4d72a9b8b647208d8cd41e0a3b6f91162b5875e89139d6d8d,"{""c"":""compiled-3q-multiplier-1-rotated-HXY"",""d1"":3,""d2"":5,""d3"":9,""noise"":""uniform"",""p"":0.001}","{""C100"":41,""C101"":34,""C102"":47,""C103"":74,""C104"":150,""C105"":101,""C106"":58,""C107"":58,""C108"":21,""C109"":83,""C110"":100,""C111"":24,""C112"":95,""C113"":186,""C114"":79,""C115"":56,""C116"":59,""C117"":71,""C118"":29,""C119"":42,""C12"":2,""C120"":63,""C121"":19,""C122"":69,""C123"":34,""C124"":4570,""C13"":1,""C16"":3,""C18"":1,""C20"":1,""C21"":1,""C23"":3,""C25"":1,""C26"":2,""C27"":6,""C28"":7,""C29"":2,""C3"":1,""C30"":2,""C31"":1,""C32"":1,""C33"":2,""C34"":1,""C36"":2,""C37"":4,""C38"":5,""C39"":2,""C4"":1,""C40"":3,""C41"":4,""C42"":3,""C43"":1,""C44"":6,""C45"":8,""C46"":5,""C47"":3,""C48"":7,""C49"":11,""C50"":7,""C51"":8,""C52"":7,""C53"":4,""C54"":6,""C55"":4,""C56"":9,""C57"":7,""C58"":12,""C59"":9,""C60"":11,""C61"":12,""C62"":9,""C63"":23,""C64"":18,""C65"":16,""C66"":4,""C67"":55,""C68"":152,""C69"":51,""C70"":53,""C71"":39,""C72"":12,""C73"":63,""C74"":16,""C75"":22,""C76"":24,""C77"":23,""C78"":46,""C79"":45,""C80"":33,""C81"":56,""C82"":93,""C83"":28,""C84"":117,""C85"":232,""C86"":124,""C87"":79,""C88"":17,""C89"":115,""C90"":87,""C91"":37,""C92"":74,""C93"":28,""C94"":61,""C95"":10,""C96"":45,""C97"":64,""C98"":34,""C99"":40,""E12"":1,""E5"":1}"
     78848,         2,     72809,    3.01,PymatchingGapSampler,1799c3c0da3f62a62293dfcbce86ec31d862d6c965fb2bd8efc8492863084f95,"{""c"":""compiled-3q-multiplier-12-rotated-HXY"",""d1"":3,""d2"":5,""d3"":9,""noise"":""uniform"",""p"":0.012}","{""C100"":27,""C101"":30,""C102"":47,""C103"":78,""C104"":90,""C105"":70,""C106"":23,""C107"":40,""C108"":13,""C109"":54,""C110"":82,""C111"":31,""C112"":78,""C113"":103,""C114"":60,""C115"":49,""C116"":40,""C117"":41,""C118"":18,""C119"":53,""C12"":1,""C120"":36,""C121"":14,""C122"":38,""C123"":30,""C124"":3166,""C13"":1,""C16"":1,""C18"":1,""C20"":2,""C23"":2,""C24"":1,""C26"":2,""C27"":3,""C28"":7,""C29"":2,""C30"":8,""C31"":2,""C32"":3,""C34"":1,""C35"":2,""C36"":2,""C37"":1,""C38"":2,""C39"":2,""C40"":4,""C41"":5,""C42"":3,""C43"":2,""C44"":3,""C45"":12,""C46"":4,""C47"":3,""C48"":2,""C49"":6,""C50"":5,""C51"":2,""C52"":7,""C53"":2,""C54"":2,""C55"":2,""C56"":7,""C57"":1,""C58"":17,""C59"":10,""C6"":1,""C60"":8,""C61"":9,""C62"":3,""C63"":12,""C64"":9,""C65"":14,""C66"":26,""C67"":80,""C68"":78,""C69"":6,""C70"":52,""C71"":14,""C72"":57,""C73"":27,""C74"":20,""C75"":22,""C76"":17,""C77"":21,""C78"":32,""C79"":29,""C80"":35,""C81"":38,""C82"":66,""C83"":51,""C84"":61,""C85"":159,""C86"":118,""C87"":75,""C88"":49,""C89"":70,""C90"":44,""C91"":27,""C92"":43,""C93"":38,""C94"":23,""C95"":25,""C96"":16,""C97"":57,""C98"":25,""C99"":24,""E1"":2}"
    185344,         2,    119851,    4.11,PymatchingGapSampler,b5ef05b24abc92d86d9495c0b40efa77873b4d4896413cdea267f9f052052b98,"{""c"":""compiled-3q-multiplier-16-rotated-HXY"",""d1"":3,""d2"":5,""d3"":9,""noise"":""uniform_atoms"",""p"":0.016}","{""C100"":56,""C101"":325,""C102"":681,""C103"":264,""C104"":220,""C105"":484,""C106"":389,""C107"":381,""C108"":416,""C109"":204,""C11"":2,""C110"":334,""C111"":343,""C112"":380,""C113"":542,""C114"":247,""C115"":369,""C116"":854,""C117"":427,""C118"":274,""C119"":183,""C120"":661,""C121"":372,""C122"":103,""C123"":330,""C124"":245,""C125"":552,""C126"":314,""C127"":132,""C128"":556,""C129"":610,""C130"":533,""C131"":245,""C132"":559,""C133"":353,""C134"":464,""C135"":958,""C136"":344,""C137"":304,""C138"":42591,""C16"":2,""C17"":1,""C18"":1,""C20"":2,""C21"":2,""C22"":1,""C23"":1,""C24"":3,""C25"":4,""C26"":6,""C27"":2,""C28"":3,""C29"":4,""C30"":8,""C31"":7,""C32"":7,""C33"":5,""C34"":5,""C35"":5,""C36"":7,""C37"":8,""C38"":1,""C39"":12,""C40"":11,""C41"":7,""C42"":13,""C43"":4,""C44"":5,""C45"":6,""C46"":3,""C47"":8,""C48"":12,""C49"":8,""C50"":10,""C51"":8,""C52"":6,""C53"":18,""C54"":20,""C55"":17,""C56"":12,""C57"":14,""C58"":18,""C59"":13,""C60"":17,""C61"":25,""C62"":25,""C63"":32,""C64"":29,""C65"":24,""C66"":36,""C67"":41,""C68"":37,""C69"":43,""C70"":42,""C71"":28,""C72"":39,""C73"":39,""C74"":37,""C75"":56,""C76"":42,""C77"":235,""C78"":78,""C79"":70,""C80"":23,""C81"":331,""C82"":324,""C83"":424,""C84"":306,""C85"":351,""C86"":215,""C87"":658,""C88"":336,""C89"":42,""C90"":568,""C91"":220,""C92"":437,""C93"":189,""C94"":225,""C95"":177,""C96"":762,""C97"":88,""C98"":108,""C99"":821,""E1"":1,""E8"":1}"
    126976,         4,     57411,    4.18,PymatchingGapSampler,48745cbc9d131ede04aad5a664c79653032f86ac364eb54c884fc483279471f7,"{""c"":""compiled-3q-multiplier-2-rotated-HXY"",""d1"":3,""d2"":5,""d3"":9,""noise"":""uniform_atoms"",""p"":0.002}","{""C0"":1,""C1"":1,""C10"":1,""C100"":277,""C101"":265,""C102"":501,""C103"":444,""C104"":312,""C105"":509,""C106"":361,""C107"":522,""C108"":462,""C109"":217,""C110"":357,""C111"":321,""C112"":349,""C113"":368,""C114"":270,""C115"":396,""C116"":808,""C117"":521,""C118"":561,""C119"":289,""C120"":476,""C121"":348,""C122"":218,""C123"":358,""C124"":257,""C125"":464,""C126"":499,""C127"":213,""C128"":399,""C129"":259,""C130"":565,""C131"":217,""C132"":614,""C133"":663,""C134"":456,""C135"":438,""C136"":788,""C137"":133,""C138"":755,""C139"":45558,""C14"":1,""C16"":1,""C18"":1,""C19"":1,""C20"":1,""C21"":2,""C22"":2,""C23"":2,""C24"":2,""C25"":1,""C26"":5,""C27"":4,""C28"":8,""C29"":10,""C30"":3,""C31"":4,""C32"":5,""C33"":5,""C34"":2,""C35"":10,""C36"":6,""C37"":5,""C38"":1,""C39"":11,""C40"":12,""C41"":4,""C42"":10,""C43"":3,""C44"":8,""C45"":9,""C46"":4,""C47"":14,""C48"":9,""C49"":4,""C5"":1,""C50"":9,""C51"":10,""C52"":9,""C53"":25,""C54"":21,""C55"":12,""C56"":18,""C57"":22,""C58"":17,""C59"":14,""C6"":1,""C60"":27,""C61"":24,""C62"":26,""C63"":21,""C64"":27,""C65"":38,""C66"":27,""C67"":44,""C68"":50,""C69"":36,""C70"":36,""C71"":35,""C72"":42,""C73"":31,""C74"":37,""C75"":45,""C76"":58,""C77"":118,""C78"":94,""C79"":84,""C80"":124,""C81"":336,""C82"":33,""C83"":733,""C84"":392,""C85"":35,""C86"":175,""C87"":567,""C88"":364,""C89"":226,""C90"":613,""C91"":258,""C92"":91,""C93"":350,""C94"":361,""C95"":186,""C96"":347,""C97"":326,""C98"":581,""C99"":443,""E11"":1,""E31"":1,""E7"":1,""E8"":1}"
    132096,         0,     62395,    4.17,PymatchingGapSampler,fa07acd832628ab615a7950e66d49f62ecef29ab8105ac4c978b008bb87ecdec,"{""c"":""compiled-3q-multiplier-3-rotated-HXY"",""d1"":3,""d2"":5,""d3"":9,""noise"":""uniform_atoms"",""p"":0.003}","{""C100"":229,""C101"":269,""C102"":520,""C103"":458,""C104"":278,""C105"":468,""C106"":400,""C107"":515,""C108"":565,""C109"":221,""C110"":386,""C111"":332,""C112"":378,""C113"":375,""C114"":280,""C115"":429,""C116"":870,""C117"":438,""C118"":572,""C119"":298,""C12"":2,""C120"":498,""C121"":314,""C122"":267,""C123"":413,""C124"":196,""C125"":464,""C126"":564,""C127"":254,""C128"":409,""C129"":268,""C13"":1,""C130"":612,""C131"":388,""C132"":668,""C133"":384,""C134"":511,""C135"":742,""C136"":514,""C137"":116,""C138"":754,""C139"":45437,""C16"":1,""C17"":1,""C18"":1,""C22"":2,""C23"":1,""C24"":3,""C25"":5,""C26"":5,""C27"":1,""C28"":2,""C29"":5,""C30"":8,""C31"":10,""C32"":3,""C33"":6,""C34"":4,""C35"":10,""C36"":5,""C37"":7,""C38"":10,""C39"":4,""C40"":3,""C41"":5,""C42"":14,""C43"":8,""C44"":7,""C45"":10,""C46"":4,""C47"":14,""C48"":12,""C49"":4,""C50"":12,""C51"":3,""C52"":5,""C53"":21,""C54"":14,""C55"":17,""C56"":14,""C57"":26,""C58"":16,""C59"":26,""C60"":28,""C61"":20,""C62"":30,""C63"":26,""C64"":22,""C65"":42,""C66"":24,""C67"":43,""C68"":52,""C69"":33,""C7"":1,""C70"":45,""C71"":28,""C72"":38,""C73"":36,""C74"":38,""C75"":43,""C76"":36,""C77"":96,""C78"":80,""C79"":62,""C8"":1,""C80"":129,""C81"":322,""C82"":57,""C83"":760,""C84"":345,""C85"":33,""C86"":187,""C87"":559,""C88"":405,""C89"":388,""C90"":460,""C91"":240,""C92"":47,""C93"":348,""C94"":234,""C95"":438,""C96"":386,""C97"":147,""C98"":573,""C99"":433}"
    161792,         4,     96729,    4.13,PymatchingGapSampler,4a3d7bda5757f7bb69a442074b5181897af381a3b4dbe9ab72cc3997cc72a4c6,"{""c"":""compiled-3q-multiplier-12-rotated-HXY"",""d1"":3,""d2"":5,""d3"":9,""noise"":""uniform_atoms"",""p"":0.012}","{""C0"":1,""C100"":521,""C101"":84,""C102"":516,""C103"":665,""C104"":60,""C105"":431,""C106"":513,""C107"":337,""C108"":477,""C109"":206,""C11"":1,""C110"":205,""C111"":422,""C112"":340,""C113"":246,""C114"":541,""C115"":392,""C116"":432,""C117"":510,""C118"":546,""C119"":104,""C12"":2,""C120"":509,""C121"":354,""C122"":353,""C123"":225,""C124"":185,""C125"":644,""C126"":382,""C127"":146,""C128"":356,""C129"":221,""C130"":912,""C131"":401,""C132"":233,""C133"":625,""C134"":433,""C135"":493,""C136"":612,""C137"":316,""C138"":451,""C139"":42329,""C18"":1,""C2"":1,""C20"":1,""C21"":2,""C23"":3,""C24"":2,""C25"":1,""C26"":8,""C27"":3,""C28"":4,""C29"":5,""C30"":1,""C31"":3,""C32"":7,""C33"":4,""C34"":1,""C35"":15,""C36"":9,""C37"":9,""C38"":7,""C39"":8,""C4"":1,""C40"":4,""C41"":3,""C42"":8,""C43"":11,""C44"":6,""C45"":4,""C46"":6,""C47"":8,""C48"":7,""C49"":5,""C50"":13,""C51"":7,""C52"":13,""C53"":21,""C54"":8,""C55"":15,""C56"":21,""C57"":16,""C58"":20,""C59"":22,""C60"":23,""C61"":20,""C62"":34,""C63"":28,""C64"":35,""C65"":37,""C66"":37,""C67"":34,""C68"":34,""C69"":46,""C7"":1,""C70"":39,""C71"":35,""C72"":39,""C73"":34,""C74"":40,""C75"":36,""C76"":54,""C77"":91,""C78"":194,""C79"":69,""C80"":72,""C81"":280,""C82"":107,""C83"":643,""C84"":228,""C85"":120,""C86"":438,""C87"":397,""C88"":630,""C89"":67,""C90"":370,""C91"":351,""C92"":183,""C93"":417,""C94"":210,""C95"":237,""C96"":398,""C97"":478,""C98"":86,""C99"":341,""E18"":1,""E4"":1,""E5"":1,""E7"":1}"
    128000,         2,     56039,    4.14,PymatchingGapSampler,3b6c05e615564709dbfa395808f2e19641a9b1a0d8cff5bf6b0c54daa36894dc,"{""c"":""compiled-3q-multiplier-1-rotated-HXY"",""d1"":3,""d2"":5,""d3"":9,""noise"":""uniform_atoms"",""p"":0.001}","{""C0"":1,""C100"":578,""C101"":212,""C102"":403,""C103"":681,""C104"":359,""C105"":265,""C106"":627,""C107"":357,""C108"":762,""C109"":239,""C110"":233,""C111"":493,""C112"":415,""C113"":248,""C114"":446,""C115"":403,""C116"":480,""C117"":886,""C118"":586,""C119"":273,""C120"":507,""C121"":334,""C122"":259,""C123"":393,""C124"":157,""C125"":601,""C126"":505,""C127"":216,""C128"":437,""C129"":249,""C130"":595,""C131"":263,""C132"":543,""C133"":615,""C134"":516,""C135"":447,""C136"":798,""C137"":131,""C138"":742,""C139"":47051,""C16"":1,""C2"":1,""C20"":2,""C21"":2,""C23"":2,""C24"":2,""C25"":1,""C26"":2,""C27"":6,""C28"":4,""C29"":8,""C3"":1,""C30"":12,""C31"":5,""C32"":5,""C33"":7,""C34"":5,""C35"":5,""C36"":5,""C37"":13,""C38"":5,""C39"":14,""C40"":7,""C41"":8,""C42"":10,""C44"":8,""C45"":7,""C46"":5,""C47"":13,""C48"":9,""C49"":10,""C50"":17,""C51"":3,""C52"":5,""C53"":15,""C54"":19,""C55"":19,""C56"":16,""C57"":23,""C58"":19,""C59"":21,""C6"":1,""C60"":24,""C61"":23,""C62"":28,""C63"":34,""C64"":27,""C65"":45,""C66"":33,""C67"":36,""C68"":49,""C69"":30,""C70"":48,""C71"":30,""C72"":40,""C73"":38,""C74"":37,""C75"":62,""C76"":45,""C77"":121,""C78"":78,""C79"":56,""C80"":167,""C81"":358,""C82"":34,""C83"":807,""C84"":358,""C85"":35,""C86"":171,""C87"":509,""C88"":464,""C89"":209,""C90"":513,""C91"":362,""C92"":85,""C93"":281,""C94"":372,""C95"":204,""C96"":252,""C97"":430,""C98"":420,""C99"":395,""E0"":1,""E37"":1}"
    110592,         1,    102925,    4.19,PymatchingGapSampler,ad2b3a1a92770969f6aee591103a546cc8e262147c3de1fdc372b0a74e048f37,"{""c"":""compiled-3q-multiplier-16-rotated-HXY"",""d1"":3,""d2"":5,""d3"":9,""noise"":""uniform"",""p"":0.016}","{""C100"":36,""C101"":32,""C102"":76,""C103"":76,""C104"":129,""C105"":93,""C106"":39,""C107"":48,""C108"":13,""C109"":90,""C11"":1,""C110"":90,""C111"":40,""C112"":122,""C113"":115,""C114"":70,""C115"":30,""C116"":36,""C117"":57,""C118"":23,""C119"":64,""C12"":1,""C120"":35,""C121"":18,""C122"":45,""C123"":40,""C124"":4088,""C14"":1,""C16"":2,""C2"":1,""C20"":3,""C22"":1,""C23"":1,""C24"":1,""C25"":1,""C27"":5,""C28"":7,""C29"":10,""C30"":4,""C32"":2,""C33"":2,""C36"":3,""C37"":3,""C38"":4,""C39"":5,""C40"":4,""C41"":3,""C43"":9,""C44"":6,""C45"":8,""C46"":3,""C47"":4,""C48"":2,""C49"":9,""C5"":2,""C50"":5,""C51"":7,""C52"":8,""C53"":4,""C54"":7,""C55"":7,""C56"":7,""C57"":7,""C58"":18,""C59"":9,""C60"":10,""C61"":6,""C62"":6,""C63"":13,""C64"":15,""C65"":18,""C66"":56,""C67"":80,""C68"":85,""C69"":9,""C70"":74,""C71"":11,""C72"":49,""C73"":45,""C74"":15,""C75"":21,""C76"":24,""C77"":44,""C78"":23,""C79"":41,""C80"":51,""C81"":49,""C82"":74,""C83"":64,""C84"":87,""C85"":331,""C86"":45,""C87"":60,""C88"":52,""C89"":93,""C9"":1,""C90"":51,""C91"":39,""C92"":69,""C93"":64,""C94"":24,""C95"":19,""C96"":41,""C97"":48,""C98"":35,""C99"":32,""E0"":1}"
    106496,         1,     95192,    4.18,PymatchingGapSampler,ca1e269eb7e3cc81d333b9abe3cfa92061b38c0a57f57b74a7d59e6aebdb7133,"{""c"":""compiled-3q-multiplier-2-rotated-HXY"",""d1"":3,""d2"":5,""d3"":9,""noise"":""uniform"",""p"":0.002}","{""C0"":1,""C10"":1,""C100"":50,""C101"":58,""C102"":56,""C103"":118,""C104"":158,""C105"":181,""C106"":57,""C107"":67,""C108"":26,""C109"":114,""C11"":1,""C110"":129,""C111"":36,""C112"":141,""C113"":213,""C114"":114,""C115"":62,""C116"":106,""C117"":95,""C118"":21,""C119"":60,""C120"":84,""C121"":23,""C122"":72,""C123"":57,""C124"":6067,""C16"":1,""C17"":1,""C18"":1,""C19"":1,""C20"":1,""C23"":2,""C24"":1,""C25"":1,""C26"":4,""C27"":6,""C28"":9,""C29"":7,""C30"":2,""C31"":5,""C32"":3,""C33"":7,""C34"":3,""C35"":3,""C37"":1,""C38"":1,""C39"":2,""C40"":5,""C41"":6,""C42"":3,""C43"":4,""C44"":7,""C45"":12,""C46"":4,""C47"":7,""C48"":6,""C49"":9,""C5"":1,""C50"":5,""C51"":8,""C52"":8,""C53"":13,""C54"":10,""C55"":11,""C56"":11,""C57"":18,""C58"":25,""C59"":6,""C60"":8,""C61"":12,""C62"":12,""C63"":18,""C64"":36,""C65"":27,""C66"":7,""C67"":88,""C68"":237,""C69"":74,""C7"":1,""C70"":97,""C71"":47,""C72"":16,""C73"":110,""C74"":39,""C75"":28,""C76"":44,""C77"":46,""C78"":70,""C79"":59,""C80"":29,""C81"":105,""C82"":159,""C83"":62,""C84"":159,""C85"":293,""C86"":129,""C87"":93,""C88"":27,""C89"":139,""C90"":117,""C91"":37,""C92"":82,""C93"":69,""C94"":52,""C95"":29,""C96"":45,""C97"":93,""C98"":48,""C99"":51,""E17"":1}"
    110592,         1,    102116,    4.16,PymatchingGapSampler,1799c3c0da3f62a62293dfcbce86ec31d862d6c965fb2bd8efc8492863084f95,"{""c"":""compiled-3q-multiplier-12-rotated-HXY"",""d1"":3,""d2"":5,""d3"":9,""noise"":""uniform"",""p"":0.012}","{""C100"":36,""C101"":53,""C102"":61,""C103"":105,""C104"":127,""C105"":115,""C106"":52,""C107"":57,""C108"":15,""C109"":88,""C110"":108,""C111"":43,""C112"":138,""C113"":112,""C114"":81,""C115"":50,""C116"":43,""C117"":71,""C118"":22,""C119"":63,""C120"":37,""C121"":14,""C122"":52,""C123"":44,""C124"":4578,""C13"":2,""C16"":2,""C20"":1,""C21"":1,""C22"":1,""C23"":2,""C24"":2,""C27"":1,""C28"":9,""C29"":8,""C30"":5,""C31"":1,""C33"":1,""C34"":1,""C35"":2,""C36"":1,""C37"":2,""C38"":3,""C39"":5,""C40"":4,""C41"":5,""C42"":4,""C43"":4,""C44"":4,""C45"":8,""C46"":5,""C47"":6,""C48"":4,""C49"":5,""C50"":6,""C51"":4,""C52"":3,""C53"":10,""C54"":3,""C55"":7,""C56"":8,""C57"":9,""C58"":20,""C59"":12,""C60"":8,""C61"":10,""C62"":11,""C63"":12,""C64"":28,""C65"":16,""C66"":31,""C67"":112,""C68"":97,""C69"":8,""C70"":79,""C71"":13,""C72"":68,""C73"":27,""C74"":30,""C75"":28,""C76"":34,""C77"":36,""C78"":46,""C79"":62,""C80"":60,""C81"":39,""C82"":82,""C83"":69,""C84"":90,""C85"":254,""C86"":133,""C87"":72,""C88"":55,""C89"":92,""C90"":50,""C91"":22,""C92"":79,""C93"":49,""C94"":35,""C95"":30,""C96"":41,""C97"":53,""C98"":30,""C99"":38,""E1"":1}"
    107520,         2,     95752,    4.18,PymatchingGapSampler,336e25b1bec4b5b4d72a9b8b647208d8cd41e0a3b6f91162b5875e89139d6d8d,"{""c"":""compiled-3q-multiplier-1-rotated-HXY"",""d1"":3,""d2"":5,""d3"":9,""noise"":""uniform"",""p"":0.001}","{""C0"":1,""C100"":62,""C101"":67,""C102"":78,""C103"":113,""C104"":192,""C105"":164,""C106"":86,""C107"":63,""C108"":21,""C109"":126,""C11"":3,""C110"":146,""C111"":42,""C112"":141,""C113"":231,""C114"":125,""C115"":62,""C116"":86,""C117"":88,""C118"":41,""C119"":40,""C12"":1,""C120"":87,""C121"":18,""C122"":82,""C123"":59,""C124"":6429,""C13"":2,""C14"":3,""C15"":1,""C20"":2,""C21"":1,""C23"":2,""C24"":5,""C25"":1,""C26"":3,""C27"":4,""C28"":12,""C29"":5,""C30"":3,""C31"":3,""C32"":2,""C33"":9,""C34"":1,""C35"":3,""C36"":3,""C37"":2,""C38"":6,""C39"":4,""C4"":1,""C40"":4,""C41"":7,""C42"":9,""C43"":6,""C44"":6,""C45"":8,""C46"":7,""C47"":11,""C48"":5,""C49"":9,""C50"":8,""C51"":6,""C52"":9,""C53"":9,""C54"":3,""C55"":15,""C56"":13,""C57"":10,""C58"":28,""C59"":18,""C60"":15,""C61"":16,""C62"":9,""C63"":14,""C64"":27,""C65"":27,""C66"":13,""C67"":101,""C68"":210,""C69"":62,""C7"":1,""C70"":75,""C71"":45,""C72"":25,""C73"":79,""C74"":31,""C75"":40,""C76"":40,""C77"":41,""C78"":63,""C79"":68,""C80"":31,""C81"":72,""C82"":153,""C83"":53,""C84"":166,""C85"":307,""C86"":157,""C87"":111,""C88"":19,""C89"":145,""C90"":103,""C91"":42,""C92"":90,""C93"":33,""C94"":98,""C95"":27,""C96"":46,""C97"":108,""C98"":41,""C99"":39,""E12"":1,""E19"":1}"
    105472,         0,     94767,    4.20,PymatchingGapSampler,f72b3c9b18e2657f6ba8a9e93dcf58e1295b123d787cf6e64894244511c6ee4c,"{""c"":""compiled-3q-multiplier-3-rotated-HXY"",""d1"":3,""d2"":5,""d3"":9,""noise"":""uniform"",""p"":0.003}","{""C100"":62,""C101"":62,""C102"":83,""C103"":82,""C104"":163,""C105"":138,""C106"":57,""C107"":69,""C108"":23,""C109"":121,""C110"":143,""C111"":44,""C112"":118,""C113"":219,""C114"":102,""C115"":48,""C116"":86,""C117"":79,""C118"":22,""C119"":43,""C12"":1,""C120"":88,""C121"":17,""C122"":70,""C123"":57,""C124"":5765,""C14"":2,""C16"":3,""C20"":3,""C22"":1,""C23"":1,""C24"":3,""C25"":2,""C26"":1,""C27"":6,""C28"":13,""C29"":3,""C3"":1,""C30"":4,""C31"":5,""C32"":4,""C33"":5,""C34"":3,""C35"":4,""C36"":2,""C37"":2,""C38"":5,""C39"":1,""C4"":1,""C40"":4,""C41"":5,""C42"":8,""C43"":8,""C44"":5,""C45"":9,""C46"":1,""C47"":5,""C48"":6,""C49"":8,""C50"":3,""C51"":11,""C52"":6,""C53"":9,""C54"":5,""C55"":7,""C56"":11,""C57"":14,""C58"":25,""C59"":14,""C60"":15,""C61"":12,""C62"":14,""C63"":28,""C64"":18,""C65"":19,""C66"":8,""C67"":74,""C68"":202,""C69"":68,""C7"":1,""C70"":92,""C71"":42,""C72"":17,""C73"":73,""C74"":33,""C75"":31,""C76"":43,""C77"":26,""C78"":72,""C79"":59,""C80"":33,""C81"":76,""C82"":146,""C83"":37,""C84"":144,""C85"":297,""C86"":148,""C87"":106,""C88"":32,""C89"":125,""C90"":106,""C91"":42,""C92"":87,""C93"":76,""C94"":46,""C95"":32,""C96"":51,""C97"":67,""C98"":49,""C99"":57}"
