     shots,    errors,  discards, seconds,decoder,strong_id,json_metadata,custom_counts
5577729364,    100032,4967398275,530991.0,PymatchingGapSampler,f26b8096fbcef0282323541152ee04d6a1f7c083b4ca34b171fbb7d32a8abe68,"{""c"":""compiled-3q-multiplier-1-rotated-HXY"",""d1"":3,""d2"":5,""d3"":9,""noise"":""uniform"",""p"":0.001}","{""C0"":7960,""C1"":8173,""C10"":27433,""C100"":3064871,""C101"":3089557,""C102"":3889450,""C103"":5326368,""C104"":10029333,""C105"":7821178,""C106"":4479589,""C107"":3734855,""C108"":1406785,""C109"":6096387,""C11"":56655,""C110"":7196430,""C111"":1964665,""C112"":7009616,""C113"":12599587,""C114"":5955671,""C115"":3310977,""C116"":4865661,""C117"":4764323,""C118"":1636176,""C119"":2892960,""C12"":53512,""C120"":4494019,""C121"":1226067,""C122"":4195201,""C123"":3211443,""C124"":327965852,""C13"":52227,""C14"":38740,""C15"":44875,""C16"":63039,""C17"":49963,""C18"":50387,""C19"":33379,""C2"":9697,""C20"":62820,""C21"":34297,""C22"":49360,""C23"":87188,""C24"":112181,""C25"":87197,""C26"":154432,""C27"":235849,""C28"":408940,""C29"":296105,""C3"":12405,""C30"":221646,""C31"":207210,""C32"":150460,""C33"":259927,""C34"":165101,""C35"":134808,""C36"":162189,""C37"":129799,""C38"":175249,""C39"":192762,""C4"":7657,""C40"":225949,""C41"":319050,""C42"":344020,""C43"":295909,""C44"":313440,""C45"":493993,""C46"":193225,""C47"":391310,""C48"":420422,""C49"":513059,""C5"":11514,""C50"":372792,""C51"":404569,""C52"":428010,""C53"":427501,""C54"":347370,""C55"":435555,""C56"":447534,""C57"":702007,""C58"":1414604,""C59"":641105,""C6"":12442,""C60"":594348,""C61"":656806,""C62"":633194,""C63"":1089307,""C64"":1317625,""C65"":1328478,""C66"":703509,""C67"":4420706,""C68"":11110005,""C69"":3503471,""C7"":17420,""C70"":4721341,""C71"":2380100,""C72"":1243559,""C73"":4863521,""C74"":1680295,""C75"":1775048,""C76"":2365790,""C77"":1926092,""C78"":3719094,""C79"":3534386,""C8"":18514,""C80"":1908166,""C81"":4748226,""C82"":7867811,""C83"":2570423,""C84"":8604160,""C85"":17366983,""C86"":8933501,""C87"":5658999,""C88"":1298843,""C89"":7954358,""C9"":24639,""C90"":6285319,""C91"":2313690,""C92"":4816589,""C93"":1688103,""C94"":4731850,""C95"":1727289,""C96"":2908953,""C97"":4851752,""C98"":2282544,""C99"":2860227,""E0"":7333,""E1"":6886,""E10"":4429,""E11"":5443,""E12"":5122,""E124"":1,""E13"":3321,""E14"":2659,""E15"":2632,""E16"":2717,""E17"":2336,""E18"":1668,""E19"":1132,""E2"":4410,""E20"":1477,""E21"":720,""E22"":727,""E23"":1232,""E24"":1300,""E25"":1042,""E26"":1114,""E27"":1760,""E28"":2822,""E29"":1687,""E3"":5675,""E30"":767,""E31"":699,""E32"":526,""E33"":489,""E34"":310,""E35"":279,""E36"":216,""E37"":210,""E38"":199,""E39"":226,""E4"":4070,""E40"":148,""E41"":147,""E42"":209,""E43"":126,""E44"":88,""E45"":229,""E46"":44,""E47"":61,""E48"":75,""E49"":85,""E5"":3461,""E50"":36,""E51"":44,""E52"":34,""E53"":39,""E54"":16,""E55"":54,""E56"":11,""E57"":18,""E58"":17,""E59"":19,""E6"":3791,""E60"":17,""E61"":16,""E62"":5,""E63"":12,""E64"":13,""E65"":9,""E66"":5,""E67"":17,""E68"":36,""E69"":10,""E7"":5086,""E70"":6,""E71"":9,""E72"":2,""E73"":13,""E74"":4,""E75"":4,""E76"":2,""E77"":5,""E78"":3,""E79"":3,""E8"":3787,""E82"":5,""E83"":2,""E84"":4,""E85"":6,""E86"":1,""E88"":1,""E89"":1,""E9"":4555,""E90"":1,""E92"":1,""E95"":3}"
6503788815,    100116,2849446832,1083665.4,PymatchingGapSampler,aec44fc3c6a40f37d27b1c950da89e7f036b9e58c271681dfcffd970abc63314,"{""c"":""compiled-3q-multiplier-1-rotated-HXY"",""d1"":3,""d2"":5,""d3"":9,""noise"":""uniform_atoms"",""p"":0.001}","{""C0"":5821,""C1"":13298,""C10"":18401,""C100"":28795685,""C101"":11062523,""C102"":20429461,""C103"":33900665,""C104"":15484924,""C105"":13535931,""C106"":32106260,""C107"":18247122,""C108"":38317625,""C109"":12058611,""C11"":17457,""C110"":11560263,""C111"":25104136,""C112"":19318957,""C113"":12576290,""C114"":22049495,""C115"":21221625,""C116"":27037973,""C117"":44646846,""C118"":29058257,""C119"":14340392,""C12"":17767,""C120"":25613511,""C121"":17170552,""C122"":13633799,""C123"":18101788,""C124"":7988979,""C125"":29695640,""C126"":27309036,""C127"":12468704,""C128"":20898573,""C129"":13413299,""C13"":21559,""C130"":29389884,""C131"":13939516,""C132"":30850524,""C133"":33964704,""C134"":26083734,""C135"":23591157,""C136"":40731929,""C137"":6711270,""C138"":38879378,""C139"":2385737652,""C14"":23472,""C15"":21144,""C16"":28434,""C17"":27668,""C18"":29275,""C19"":43811,""C2"":10811,""C20"":42552,""C21"":91737,""C22"":81133,""C23"":76462,""C24"":104971,""C25"":190699,""C26"":273996,""C27"":173423,""C28"":192096,""C29"":278324,""C3"":16100,""C30"":357294,""C31"":368996,""C32"":294134,""C33"":351601,""C34"":219562,""C35"":429080,""C36"":418586,""C37"":313235,""C38"":335632,""C39"":499231,""C4"":15404,""C40"":298031,""C41"":344658,""C42"":511795,""C43"":274518,""C44"":399369,""C45"":469218,""C46"":285309,""C47"":512619,""C48"":429837,""C49"":323205,""C5"":15436,""C50"":560268,""C51"":475884,""C52"":566403,""C53"":889121,""C54"":698537,""C55"":855646,""C56"":762261,""C57"":939889,""C58"":1125786,""C59"":933625,""C6"":14793,""C60"":1238352,""C61"":1430792,""C62"":1321696,""C63"":1282008,""C64"":1628721,""C65"":1660883,""C66"":1548701,""C67"":1783690,""C68"":2500254,""C69"":1832265,""C7"":15934,""C70"":2317010,""C71"":1609012,""C72"":2123525,""C73"":2047989,""C74"":1834438,""C75"":2603098,""C76"":2359526,""C77"":5488706,""C78"":4169347,""C79"":2155511,""C8"":17058,""C80"":9185266,""C81"":16936460,""C82"":2251761,""C83"":40629262,""C84"":18623951,""C85"":1942276,""C86"":8178137,""C87"":24349741,""C88"":23435505,""C89"":9001768,""C9"":16221,""C90"":28478121,""C91"":17569491,""C92"":4419399,""C93"":13455222,""C94"":20652614,""C95"":11398513,""C96"":14364198,""C97"":23245974,""C98"":19828971,""C99"":19194456,""E0"":5454,""E1"":8769,""E10"":2701,""E100"":1,""E102"":1,""E108"":1,""E11"":2584,""E113"":1,""E12"":2310,""E13"":1778,""E14"":1850,""E15"":1554,""E16"":1609,""E17"":1268,""E18"":1756,""E19"":1182,""E2"":7976,""E20"":1275,""E21"":1706,""E22"":1181,""E23"":1410,""E24"":1276,""E25"":1263,""E26"":1810,""E27"":1100,""E28"":781,""E29"":1132,""E3"":7950,""E30"":1212,""E31"":895,""E32"":722,""E33"":783,""E34"":341,""E35"":596,""E36"":548,""E37"":266,""E38"":291,""E39"":250,""E4"":7400,""E40"":216,""E41"":170,""E42"":188,""E43"":130,""E44"":107,""E45"":97,""E46"":70,""E47"":66,""E48"":65,""E49"":32,""E5"":6563,""E50"":57,""E51"":48,""E52"":58,""E53"":38,""E54"":27,""E55"":31,""E56"":29,""E57"":25,""E58"":28,""E59"":31,""E6"":5072,""E60"":16,""E61"":12,""E62"":6,""E63"":19,""E64"":8,""E65"":12,""E66"":11,""E67"":14,""E68"":8,""E69"":8,""E7"":4071,""E70"":9,""E71"":7,""E72"":4,""E73"":4,""E74"":2,""E75"":6,""E76"":1,""E77"":1,""E78"":3,""E79"":3,""E8"":4139,""E80"":2,""E81"":3,""E82"":2,""E83"":3,""E84"":2,""E85"":1,""E87"":1,""E9"":3599,""E97"":1,""E98"":7}"
5712418132,    100110,5106367596,553660.5,PymatchingGapSampler,3daeceada4e9e6ba3668d3b02d9a73e29a3b23deb735af012a2cc82c9f80580a,"{""c"":""compiled-3q-multiplier-2-rotated-HXY"",""d1"":3,""d2"":5,""d3"":9,""noise"":""uniform"",""p"":0.002}","{""C0"":5478,""C1"":10851,""C10"":27807,""C100"":3048758,""C101"":3073887,""C102"":3856098,""C103"":5683614,""C104"":9553407,""C105"":8938386,""C106"":3267422,""C107"":3703114,""C108"":1396820,""C109"":6054509,""C11"":56942,""C110"":7144877,""C111"":1948840,""C112"":6963844,""C113"":12539479,""C114"":5907982,""C115"":3289122,""C116"":4829406,""C117"":4728339,""C118"":1624443,""C119"":2871609,""C12"":79618,""C120"":4458916,""C121"":1218383,""C122"":4165575,""C123"":3190021,""C124"":325512138,""C13"":26173,""C14"":38042,""C15"":50357,""C16"":58456,""C17"":49030,""C18"":51186,""C19"":32863,""C2"":9738,""C20"":61945,""C21"":33644,""C22"":48993,""C23"":87113,""C24"":111413,""C25"":90925,""C26"":149730,""C27"":237407,""C28"":407713,""C29"":296709,""C3"":12303,""C30"":220032,""C31"":206963,""C32"":195803,""C33"":221246,""C34"":154046,""C35"":137293,""C36"":158741,""C37"":128071,""C38"":179254,""C39"":188379,""C4"":7410,""C40"":225490,""C41"":317230,""C42"":347178,""C43"":290849,""C44"":313082,""C45"":495625,""C46"":190015,""C47"":389208,""C48"":418618,""C49"":511129,""C5"":11956,""C50"":367489,""C51"":399108,""C52"":430656,""C53"":425690,""C54"":333074,""C55"":439445,""C56"":444089,""C57"":696273,""C58"":1410182,""C59"":636246,""C6"":12512,""C60"":591503,""C61"":659264,""C62"":624596,""C63"":1079650,""C64"":1312588,""C65"":1318968,""C66"":681747,""C67"":4399241,""C68"":11051224,""C69"":3468812,""C7"":17282,""C70"":4682724,""C71"":2371201,""C72"":1221100,""C73"":4834409,""C74"":1677389,""C75"":1765068,""C76"":2354773,""C77"":1906672,""C78"":3688220,""C79"":3501424,""C8"":18521,""C80"":1909642,""C81"":4713850,""C82"":7832491,""C83"":2554049,""C84"":8575370,""C85"":17319411,""C86"":8870190,""C87"":5629042,""C88"":1294969,""C89"":7886757,""C9"":24360,""C90"":6234642,""C91"":2300195,""C92"":4772021,""C93"":3834078,""C94"":2534789,""C95"":1715489,""C96"":2891503,""C97"":4821260,""C98"":2264399,""C99"":2839736,""E0"":7090,""E1"":6978,""E10"":4514,""E11"":5514,""E12"":6254,""E13"":2087,""E14"":2761,""E15"":2804,""E16"":2649,""E17"":2328,""E18"":1729,""E19"":1140,""E2"":4427,""E20"":1392,""E21"":703,""E22"":712,""E23"":1222,""E24"":1366,""E25"":1033,""E26"":1178,""E27"":1866,""E28"":2818,""E29"":1787,""E3"":5634,""E30"":726,""E31"":703,""E32"":591,""E33"":428,""E34"":317,""E35"":281,""E36"":218,""E37"":212,""E38"":208,""E39"":245,""E4"":3872,""E40"":162,""E41"":159,""E42"":256,""E43"":114,""E44"":77,""E45"":259,""E46"":47,""E47"":83,""E48"":72,""E49"":90,""E5"":3473,""E50"":36,""E51"":63,""E52"":37,""E53"":24,""E54"":21,""E55"":55,""E56"":21,""E57"":26,""E58"":13,""E59"":13,""E6"":3739,""E60"":13,""E61"":3,""E62"":9,""E63"":18,""E64"":16,""E65"":8,""E66"":5,""E67"":28,""E68"":48,""E69"":8,""E7"":4929,""E70"":5,""E71"":7,""E72"":2,""E73"":10,""E74"":6,""E75"":2,""E76"":3,""E77"":5,""E78"":3,""E79"":4,""E8"":3870,""E82"":4,""E84"":3,""E85"":8,""E86"":3,""E9"":4461,""E91"":1,""E94"":1}"
6649433564,    100079,3027026210,1065907.3,PymatchingGapSampler,de03cb2c61ab63131ef4ec428ca513a296ec5f4a0f86d76c377844dc7d888fb4,"{""c"":""compiled-3q-multiplier-2-rotated-HXY"",""d1"":3,""d2"":5,""d3"":9,""noise"":""uniform_atoms"",""p"":0.002}","{""C0"":6106,""C1"":12855,""C10"":18636,""C100"":13523107,""C101"":13999802,""C102"":26148700,""C103"":24699176,""C104"":15306169,""C105"":24846036,""C106"":20311051,""C107"":27617030,""C108"":28504930,""C109"":11874150,""C11"":16743,""C110"":19362755,""C111"":17033960,""C112"":19203926,""C113"":20349418,""C114"":13870053,""C115"":21044103,""C116"":44584410,""C117"":26487894,""C118"":28783218,""C119"":14131277,""C12"":18623,""C120"":25394894,""C121"":17034816,""C122"":13478587,""C123"":17964054,""C124"":12993581,""C125"":24351935,""C126"":27100386,""C127"":12318644,""C128"":20726958,""C129"":13308294,""C13"":20971,""C130"":30311006,""C131"":12703864,""C132"":30516389,""C133"":34824693,""C134"":24631145,""C135"":23425329,""C136"":40426710,""C137"":6665493,""C138"":38490893,""C139"":2364093532,""C14"":23214,""C15"":20758,""C16"":28257,""C17"":27654,""C18"":29626,""C19"":47074,""C2"":10153,""C20"":49987,""C21"":80085,""C22"":88725,""C23"":75154,""C24"":114465,""C25"":226034,""C26"":208631,""C27"":158843,""C28"":237447,""C29"":261446,""C3"":16707,""C30"":352215,""C31"":409916,""C32"":261785,""C33"":341660,""C34"":219482,""C35"":522172,""C36"":318421,""C37"":308722,""C38"":352469,""C39"":484109,""C4"":14054,""C40"":305060,""C41"":329100,""C42"":496043,""C43"":288394,""C44"":390557,""C45"":487960,""C46"":265030,""C47"":517265,""C48"":449003,""C49"":293840,""C5"":16227,""C50"":586942,""C51"":469337,""C52"":562391,""C53"":928663,""C54"":672782,""C55"":794446,""C56"":825217,""C57"":912741,""C58"":1110407,""C59"":988120,""C6"":15139,""C60"":1240108,""C61"":1330732,""C62"":1486115,""C63"":1160331,""C64"":1562656,""C65"":1796682,""C66"":1523813,""C67"":1702291,""C68"":2558349,""C69"":1822684,""C7"":15508,""C70"":2250580,""C71"":1650164,""C72"":2065261,""C73"":1919885,""C74"":1915007,""C75"":2560383,""C76"":2336578,""C77"":5512279,""C78"":4070652,""C79"":3827112,""C8"":14937,""C80"":7573083,""C81"":16735645,""C82"":2113208,""C83"":39486843,""C84"":19568080,""C85"":1782281,""C86"":8269817,""C87"":27577215,""C88"":20000648,""C89"":9077903,""C9"":17834,""C90"":31398187,""C91"":14100397,""C92"":4440624,""C93"":17935067,""C94"":19189211,""C95"":9805835,""C96"":18683942,""C97"":16948387,""C98"":29908838,""C99"":23841892,""E0"":5836,""E1"":8052,""E10"":2751,""E106"":1,""E11"":2551,""E12"":2252,""E13"":1729,""E14"":1839,""E15"":1545,""E16"":1572,""E17"":1373,""E18"":1734,""E19"":1330,""E2"":8066,""E20"":1147,""E21"":1619,""E22"":1364,""E23"":1352,""E24"":1248,""E25"":1437,""E26"":1431,""E27"":1205,""E28"":954,""E29"":963,""E3"":8436,""E30"":1248,""E31"":909,""E32"":715,""E33"":861,""E34"":377,""E35"":617,""E36"":464,""E37"":275,""E38"":270,""E39"":329,""E4"":7169,""E40"":232,""E41"":166,""E42"":162,""E43"":129,""E44"":149,""E45"":96,""E46"":54,""E47"":91,""E48"":48,""E49"":37,""E5"":6134,""E50"":55,""E51"":40,""E52"":47,""E53"":33,""E54"":31,""E55"":43,""E56"":23,""E57"":18,""E58"":38,""E59"":24,""E6"":5366,""E60"":22,""E61"":16,""E62"":13,""E63"":18,""E64"":12,""E65"":13,""E66"":14,""E67"":11,""E68"":11,""E69"":11,""E7"":4337,""E70"":13,""E71"":4,""E72"":9,""E73"":5,""E74"":5,""E75"":4,""E77"":2,""E78"":3,""E79"":1,""E8"":3994,""E80"":3,""E81"":2,""E83"":1,""E84"":1,""E85"":1,""E86"":1,""E87"":2,""E88"":1,""E9"":3510,""E95"":1,""E96"":1}"
5829645106,    100077,5229834231,563993.8,PymatchingGapSampler,909f52eb501fae8d66e6fe52f0e344700e9aa00f36280a0c2f9d06439240256b,"{""c"":""compiled-3q-multiplier-3-rotated-HXY"",""d1"":3,""d2"":5,""d3"":9,""noise"":""uniform"",""p"":0.003}","{""C0"":5123,""C1"":11122,""C10"":26600,""C100"":3013252,""C101"":3043007,""C102"":4983262,""C103"":4454164,""C104"":9454886,""C105"":8845898,""C106"":3234057,""C107"":3663592,""C108"":1383222,""C109"":5987464,""C11"":56358,""C110"":7072231,""C111"":2995476,""C112"":5827404,""C113"":12602363,""C114"":5667271,""C115"":3251657,""C116"":4776780,""C117"":4679143,""C118"":1612518,""C119"":2840816,""C12"":78358,""C120"":4422667,""C121"":1190543,""C122"":4122941,""C123"":3152659,""C124"":322006367,""C13"":27181,""C14"":37034,""C15"":49732,""C16"":57781,""C17"":48487,""C18"":50949,""C19"":32984,""C2"":9173,""C20"":60961,""C21"":33552,""C22"":48298,""C23"":86859,""C24"":109783,""C25"":90092,""C26"":148458,""C27"":235677,""C28"":405688,""C29"":297655,""C3"":12298,""C30"":216917,""C31"":199086,""C32"":201507,""C33"":207460,""C34"":164464,""C35"":136129,""C36"":158018,""C37"":127373,""C38"":176432,""C39"":190947,""C4"":7552,""C40"":222155,""C41"":325845,""C42"":333723,""C43"":286661,""C44"":314447,""C45"":491814,""C46"":189486,""C47"":388644,""C48"":413570,""C49"":503502,""C5"":11451,""C50"":370372,""C51"":391477,""C52"":429435,""C53"":417224,""C54"":331091,""C55"":437406,""C56"":448911,""C57"":690881,""C58"":1433436,""C59"":604661,""C6"":12060,""C60"":559754,""C61"":654536,""C62"":619641,""C63"":1069906,""C64"":1303636,""C65"":1300619,""C66"":673304,""C67"":4364913,""C68"":10938741,""C69"":3382347,""C7"":18094,""C70"":4688699,""C71"":2345104,""C72"":1214291,""C73"":4778198,""C74"":1653617,""C75"":1757749,""C76"":2818798,""C77"":1396994,""C78"":3652973,""C79"":3478025,""C8"":17646,""C80"":1875448,""C81"":4672722,""C82"":7763176,""C83"":2521392,""C84"":8533283,""C85"":17224967,""C86"":8770224,""C87"":5572626,""C88"":1276576,""C89"":7803705,""C9"":25078,""C90"":6178376,""C91"":2267943,""C92"":4721951,""C93"":4040459,""C94"":2276718,""C95"":1686331,""C96"":2854788,""C97"":4772922,""C98"":2240845,""C99"":2805703,""E0"":6822,""E1"":7127,""E10"":4288,""E11"":5473,""E113"":1,""E12"":6030,""E13"":2439,""E14"":2499,""E15"":2810,""E16"":2794,""E17"":2369,""E18"":1758,""E19"":1200,""E2"":4238,""E20"":1456,""E21"":710,""E22"":744,""E23"":1227,""E24"":1333,""E25"":1130,""E26"":1223,""E27"":1745,""E28"":2893,""E29"":1723,""E3"":5401,""E30"":699,""E31"":760,""E32"":628,""E33"":382,""E34"":339,""E35"":286,""E36"":230,""E37"":233,""E38"":196,""E39"":255,""E4"":4036,""E40"":159,""E41"":152,""E42"":259,""E43"":108,""E44"":77,""E45"":260,""E46"":38,""E47"":46,""E48"":63,""E49"":77,""E5"":3473,""E50"":46,""E51"":63,""E52"":27,""E53"":23,""E54"":10,""E55"":54,""E56"":18,""E57"":26,""E58"":20,""E59"":17,""E6"":3825,""E60"":8,""E61"":9,""E62"":6,""E63"":11,""E64"":8,""E65"":10,""E66"":5,""E67"":21,""E68"":29,""E69"":9,""E7"":4993,""E70"":5,""E71"":7,""E72"":4,""E73"":11,""E75"":2,""E76"":3,""E77"":3,""E78"":2,""E8"":3851,""E81"":1,""E82"":3,""E83"":1,""E84"":1,""E85"":9,""E89"":1,""E9"":4741,""E90"":3,""E95"":2}"
6776646449,    100110,3197422795,994990.1,PymatchingGapSampler,4c62066ffe8a203b1f4342a590413145ef1feec3a677b72c5d675254811dd6f1,"{""c"":""compiled-3q-multiplier-3-rotated-HXY"",""d1"":3,""d2"":5,""d3"":9,""noise"":""uniform_atoms"",""p"":0.003}","{""C0"":6423,""C1"":12578,""C10"":17178,""C100"":11892649,""C101"":13841095,""C102"":25916321,""C103"":24251842,""C104"":15237558,""C105"":24807119,""C106"":19727667,""C107"":27379717,""C108"":28427316,""C109"":11458730,""C11"":16896,""C110"":19097393,""C111"":16784890,""C112"":19148235,""C113"":19903536,""C114"":13706461,""C115"":20849002,""C116"":46650270,""C117"":23465671,""C118"":28420681,""C119"":13985380,""C12"":19535,""C120"":25087860,""C121"":16793167,""C122"":13335315,""C123"":19664730,""C124"":10908597,""C125"":24048424,""C126"":26781664,""C127"":12125665,""C128"":20502858,""C129"":13211540,""C13"":16842,""C130"":29860066,""C131"":18976442,""C132"":37524673,""C133"":20565968,""C134"":24355995,""C135"":36906204,""C136"":26314775,""C137"":6572502,""C138"":38012327,""C139"":2335034653,""C14"":23349,""C15"":24383,""C16"":27292,""C17"":27711,""C18"":32829,""C19"":40565,""C2"":10239,""C20"":55668,""C21"":91428,""C22"":69343,""C23"":99401,""C24"":91771,""C25"":224758,""C26"":215480,""C27"":154714,""C28"":260073,""C29"":257642,""C3"":16917,""C30"":332322,""C31"":403546,""C32"":290968,""C33"":304432,""C34"":216242,""C35"":584884,""C36"":274121,""C37"":295535,""C38"":472042,""C39"":378694,""C4"":13022,""C40"":264434,""C41"":340666,""C42"":500717,""C43"":296076,""C44"":360263,""C45"":505879,""C46"":246062,""C47"":521690,""C48"":478835,""C49"":268152,""C5"":16413,""C50"":589000,""C51"":502592,""C52"":510012,""C53"":932535,""C54"":722552,""C55"":735083,""C56"":825420,""C57"":975697,""C58"":1031543,""C59"":1020017,""C6"":15929,""C60"":1281195,""C61"":1211332,""C62"":1472475,""C63"":1202536,""C64"":1472916,""C65"":1879180,""C66"":1585895,""C67"":1588050,""C68"":2702215,""C69"":1763434,""C7"":13888,""C70"":2101541,""C71"":1727036,""C72"":2082418,""C73"":1834830,""C74"":1876609,""C75"":2599345,""C76"":2147002,""C77"":5526270,""C78"":4108830,""C79"":3641554,""C8"":15953,""C80"":7500994,""C81"":16500205,""C82"":2098158,""C83"":40562516,""C84"":18017600,""C85"":1746231,""C86"":9735507,""C87"":26059441,""C88"":19756726,""C89"":18533083,""C9"":19134,""C90"":24592194,""C91"":12263863,""C92"":2963857,""C93"":19233168,""C94"":11576736,""C95"":21821874,""C96"":21710322,""C97"":7375849,""C98"":29625403,""C99"":25022831,""E0"":6014,""E1"":7597,""E10"":2596,""E11"":2549,""E12"":2473,""E13"":1665,""E14"":1794,""E15"":1589,""E16"":1506,""E17"":1401,""E18"":1683,""E19"":1307,""E2"":8082,""E20"":1310,""E21"":1782,""E22"":1154,""E23"":1576,""E24"":1154,""E25"":1500,""E26"":1381,""E27"":1245,""E28"":1013,""E29"":1025,""E3"":9025,""E30"":1104,""E31"":853,""E32"":761,""E33"":676,""E34"":394,""E35"":746,""E36"":418,""E37"":219,""E38"":388,""E39"":247,""E4"":6819,""E40"":162,""E41"":178,""E42"":180,""E43"":101,""E44"":130,""E45"":124,""E46"":47,""E47"":88,""E48"":53,""E49"":35,""E5"":6040,""E50"":46,""E51"":42,""E52"":35,""E53"":33,""E54"":37,""E55"":30,""E56"":25,""E57"":9,""E58"":24,""E59"":13,""E6"":5532,""E60"":18,""E61"":12,""E62"":11,""E63"":6,""E64"":14,""E65"":10,""E66"":14,""E67"":10,""E68"":13,""E69"":7,""E7"":3930,""E70"":5,""E71"":5,""E72"":8,""E73"":5,""E74"":2,""E75"":4,""E76"":3,""E77"":3,""E78"":1,""E79"":3,""E8"":4146,""E81"":3,""E82"":1,""E83"":2,""E84"":3,""E87"":3,""E88"":2,""E89"":1,""E9"":3847,""E90"":2,""E93"":1,""E96"":1,""E98"":4}"
6409515075,    100057,5808212859,612008.4,PymatchingGapSampler,92f6f33c263051a3ae71fe3546c24ca7fb0a0c5ed031cc62cc0a5b65786fc468,"{""c"":""compiled-3q-multiplier-6-rotated-HXY"",""d1"":3,""d2"":5,""d3"":9,""noise"":""uniform"",""p"":0.006}","{""C0"":6896,""C1"":11917,""C10"":27607,""C100"":3028491,""C101"":3029929,""C102"":4991874,""C103"":4465551,""C104"":9459330,""C105"":8853408,""C106"":3242659,""C107"":3906070,""C108"":1151167,""C109"":5989048,""C11"":57584,""C110"":7083242,""C111"":2999375,""C112"":5825240,""C113"":12702895,""C114"":5678931,""C115"":3253674,""C116"":4785376,""C117"":4686228,""C118"":1568251,""C119"":2890212,""C12"":80086,""C120"":4423180,""C121"":1194792,""C122"":4173507,""C123"":3115247,""C124"":322366673,""C13"":31542,""C14"":56777,""C15"":32402,""C16"":57178,""C17"":46861,""C18"":51153,""C19"":33362,""C2"":9166,""C20"":62247,""C21"":31023,""C22"":59755,""C23"":78000,""C24"":107811,""C25"":90707,""C26"":159311,""C27"":239567,""C28"":376663,""C29"":340591,""C3"":12328,""C30"":254458,""C31"":160195,""C32"":196249,""C33"":227738,""C34"":158137,""C35"":139286,""C36"":151018,""C37"":138402,""C38"":173258,""C39"":208954,""C4"":7810,""C40"":259610,""C41"":284170,""C42"":287946,""C43"":337945,""C44"":330268,""C45"":403057,""C46"":291782,""C47"":410446,""C48"":378438,""C49"":527058,""C5"":11591,""C50"":375479,""C51"":392835,""C52"":426199,""C53"":425792,""C54"":323619,""C55"":444717,""C56"":457948,""C57"":688867,""C58"":1412433,""C59"":637239,""C6"":12145,""C60"":572858,""C61"":624050,""C62"":664672,""C63"":1059321,""C64"":1309917,""C65"":1295997,""C66"":698867,""C67"":4372729,""C68"":10965188,""C69"":3395200,""C7"":18354,""C70"":4666922,""C71"":2389737,""C72"":2972997,""C73"":3043821,""C74"":1652147,""C75"":2032009,""C76"":2594782,""C77"":1372688,""C78"":3668632,""C79"":3467478,""C8"":18043,""C80"":3670351,""C81"":3375163,""C82"":7382360,""C83"":2505006,""C84"":8654214,""C85"":17495035,""C86"":9269341,""C87"":5113943,""C88"":1285286,""C89"":10140752,""C9"":25243,""C90"":3850759,""C91"":2504168,""C92"":4484856,""C93"":4075776,""C94"":2265062,""C95"":2113897,""C96"":2724846,""C97"":4492845,""C98"":2265906,""C99"":2790968,""E0"":4369,""E1"":8125,""E10"":4571,""E102"":1,""E11"":5713,""E111"":1,""E12"":6267,""E13"":3134,""E14"":2967,""E15"":2062,""E16"":2814,""E17"":2393,""E18"":1712,""E19"":1115,""E2"":3968,""E20"":1526,""E21"":760,""E22"":762,""E23"":1150,""E24"":1344,""E25"":1096,""E26"":1166,""E27"":1828,""E28"":2770,""E29"":2124,""E3"":5444,""E30"":856,""E31"":559,""E32"":654,""E33"":403,""E34"":298,""E35"":263,""E36"":216,""E37"":208,""E38"":224,""E39"":237,""E4"":4166,""E40"":172,""E41"":144,""E42"":187,""E43"":167,""E44"":77,""E45"":187,""E46"":124,""E47"":73,""E48"":68,""E49"":86,""E5"":3478,""E50"":35,""E51"":36,""E52"":25,""E53"":25,""E54"":16,""E55"":55,""E56"":17,""E57"":36,""E58"":15,""E59"":9,""E6"":3795,""E60"":16,""E61"":13,""E62"":11,""E63"":9,""E64"":12,""E65"":15,""E66"":3,""E67"":25,""E68"":33,""E69"":10,""E7"":5249,""E70"":11,""E71"":8,""E72"":7,""E73"":6,""E74"":1,""E75"":5,""E76"":2,""E78"":2,""E8"":3770,""E81"":3,""E82"":6,""E84"":5,""E85"":3,""E86"":1,""E89"":2,""E9"":4733,""E91"":2,""E95"":1}"
7343561996,    100447,3808550271,1076865.6,PymatchingGapSampler,80e771c5cc1d93658deb14681f5704dfdfc228ed4e38d322c80dd6baaddd8a39,"{""c"":""compiled-3q-multiplier-6-rotated-HXY"",""d1"":3,""d2"":5,""d3"":9,""noise"":""uniform_atoms"",""p"":0.006}","{""C0"":6096,""C1"":12955,""C10"":14788,""C100"":17495745,""C101"":16478840,""C102"":16768223,""C103"":35416895,""C104"":14733675,""C105"":13369969,""C106"":28720138,""C107"":25376115,""C108"":20479265,""C109"":18970213,""C11"":20021,""C110"":11338584,""C111"":16889787,""C112"":26126095,""C113"":12027210,""C114"":14644842,""C115"":36811080,""C116"":28715416,""C117"":28020281,""C118"":30722819,""C119"":6114182,""C12"":18322,""C120"":24681671,""C121"":19121918,""C122"":22671467,""C123"":7379684,""C124"":10671128,""C125"":28673198,""C126"":21484141,""C127"":11992778,""C128"":22582979,""C129"":11806392,""C13"":16317,""C130"":28353748,""C131"":29171447,""C132"":27587820,""C133"":19165481,""C134"":25236305,""C135"":35167228,""C136"":23467178,""C137"":28070134,""C138"":25569495,""C139"":2296915164,""C14"":24637,""C15"":28739,""C16"":25238,""C17"":25083,""C18"":47904,""C19"":38871,""C2"":10938,""C20"":56803,""C21"":113856,""C22"":44763,""C23"":97583,""C24"":146140,""C25"":157372,""C26"":222968,""C27"":211085,""C28"":187428,""C29"":242741,""C3"":16271,""C30"":410422,""C31"":417963,""C32"":270528,""C33"":283764,""C34"":257504,""C35"":536794,""C36"":261350,""C37"":355246,""C38"":409220,""C39"":396865,""C4"":13607,""C40"":271558,""C41"":446910,""C42"":406014,""C43"":294180,""C44"":480828,""C45"":357929,""C46"":301367,""C47"":504813,""C48"":472468,""C49"":323641,""C5"":15772,""C50"":566701,""C51"":499402,""C52"":520171,""C53"":894346,""C54"":717610,""C55"":777967,""C56"":804180,""C57"":1024144,""C58"":1068189,""C59"":1027206,""C6"":16192,""C60"":1257635,""C61"":1227725,""C62"":1341468,""C63"":1326607,""C64"":1422122,""C65"":1887458,""C66"":1674573,""C67"":1636223,""C68"":1851540,""C69"":2668193,""C7"":12664,""C70"":1870404,""C71"":1958011,""C72"":2057356,""C73"":1596957,""C74"":2123826,""C75"":2305975,""C76"":2195587,""C77"":5625904,""C78"":3732804,""C79"":8642444,""C8"":14503,""C80"":4425178,""C81"":14301800,""C82"":3926055,""C83"":38395640,""C84"":12379466,""C85"":9340110,""C86"":11079456,""C87"":20064745,""C88"":37442347,""C89"":10434569,""C9"":22352,""C90"":17827962,""C91"":12164852,""C92"":7370035,""C93"":18231519,""C94"":17001878,""C95"":28063047,""C96"":9233379,""C97"":16701326,""C98"":25417277,""C99"":16477806,""E0"":4641,""E1"":8569,""E10"":2774,""E101"":1,""E11"":2621,""E12"":2239,""E13"":1628,""E14"":1993,""E15"":2052,""E16"":1325,""E17"":1461,""E18"":2262,""E19"":1070,""E2"":7735,""E20"":1213,""E21"":2278,""E22"":844,""E23"":1411,""E24"":1644,""E25"":1139,""E26"":1473,""E27"":1305,""E28"":938,""E29"":1011,""E3"":8563,""E30"":1346,""E31"":994,""E32"":709,""E33"":564,""E34"":507,""E35"":748,""E36"":353,""E37"":396,""E38"":326,""E39"":216,""E4"":7157,""E40"":200,""E41"":186,""E42"":178,""E43"":105,""E44"":110,""E45"":110,""E46"":83,""E47"":68,""E48"":67,""E49"":32,""E5"":6226,""E50"":50,""E51"":54,""E52"":33,""E53"":36,""E54"":50,""E55"":35,""E56"":28,""E57"":30,""E58"":19,""E59"":13,""E6"":5284,""E60"":29,""E61"":18,""E62"":15,""E63"":8,""E64"":10,""E65"":17,""E66"":9,""E67"":12,""E68"":8,""E69"":10,""E7"":3953,""E70"":6,""E71"":6,""E72"":4,""E73"":3,""E74"":1,""E75"":6,""E76"":2,""E77"":3,""E78"":4,""E79"":3,""E8"":4094,""E80"":1,""E81"":4,""E82"":1,""E83"":2,""E85"":1,""E86"":1,""E87"":3,""E88"":1,""E89"":1,""E9"":3696,""E93"":2,""E98"":1,""E99"":9}"
6687458644,    100074,6097480313,629740.1,PymatchingGapSampler,3762fb5bfd526673775ed61a3791646cded3eb047ddaf9ca7a3e770e0f770d58,"{""c"":""compiled-3q-multiplier-8-rotated-HXY"",""d1"":3,""d2"":5,""d3"":9,""noise"":""uniform"",""p"":0.008}","{""C0"":7079,""C1"":11700,""C10"":27765,""C100"":2972687,""C101"":2957144,""C102"":4911187,""C103"":5477511,""C104"":10478218,""C105"":6364604,""C106"":3719221,""C107"":3295127,""C108"":1146466,""C109"":5849418,""C11"":64319,""C110"":6947867,""C111"":2936069,""C112"":5716211,""C113"":12511488,""C114"":5558928,""C115"":4065829,""C116"":3813266,""C117"":4595544,""C118"":1534857,""C119"":2830947,""C12"":73162,""C120"":4340427,""C121"":1173399,""C122"":4083646,""C123"":3056951,""C124"":316037680,""C13"":33422,""C14"":44740,""C15"":39090,""C16"":59281,""C17"":45712,""C18"":50703,""C19"":31308,""C2"":9007,""C20"":62048,""C21"":31090,""C22"":58524,""C23"":77975,""C24"":111266,""C25"":83713,""C26"":157739,""C27"":163592,""C28"":449109,""C29"":342097,""C3"":12365,""C30"":247002,""C31"":180185,""C32"":168381,""C33"":223329,""C34"":156980,""C35"":133192,""C36"":152000,""C37"":135647,""C38"":170004,""C39"":206669,""C4"":7734,""C40"":261207,""C41"":281801,""C42"":281603,""C43"":300221,""C44"":212394,""C45"":554530,""C46"":293916,""C47"":398020,""C48"":367813,""C49"":521983,""C5"":11529,""C50"":364008,""C51"":390621,""C52"":462681,""C53"":371642,""C54"":324331,""C55"":458795,""C56"":448171,""C57"":644262,""C58"":1404739,""C59"":627173,""C6"":11855,""C60"":578806,""C61"":593996,""C62"":648488,""C63"":1039843,""C64"":1291714,""C65"":1248937,""C66"":971178,""C67"":4025079,""C68"":10760822,""C69"":3343999,""C7"":17631,""C70"":4576484,""C71"":2342404,""C72"":3896040,""C73"":2020055,""C74"":1615755,""C75"":2032324,""C76"":2514470,""C77"":2010192,""C78"":2949102,""C79"":3367471,""C8"":16978,""C80"":3680795,""C81"":3780304,""C82"":6750054,""C83"":2452715,""C84"":8549433,""C85"":17340550,""C86"":9077956,""C87"":5021216,""C88"":1264000,""C89"":9931176,""C9"":25802,""C90"":3777242,""C91"":2459165,""C92"":4391432,""C93"":3994773,""C94"":2210776,""C95"":2090713,""C96"":2656475,""C97"":4403101,""C98"":2221671,""C99"":2741224,""E0"":4875,""E1"":7606,""E10"":4562,""E11"":6545,""E114"":1,""E12"":5532,""E124"":1,""E13"":3147,""E14"":2891,""E15"":1937,""E16"":3054,""E17"":2316,""E18"":1815,""E19"":1073,""E2"":4056,""E20"":1487,""E21"":726,""E22"":780,""E23"":1194,""E24"":1337,""E25"":1033,""E26"":1252,""E27"":1231,""E28"":3307,""E29"":2184,""E3"":5398,""E30"":868,""E31"":609,""E32"":605,""E33"":381,""E34"":349,""E35"":258,""E36"":227,""E37"":207,""E38"":216,""E39"":247,""E4"":4093,""E40"":158,""E41"":131,""E42"":215,""E43"":143,""E44"":73,""E45"":206,""E46"":127,""E47"":74,""E48"":35,""E49"":73,""E5"":3449,""E50"":47,""E51"":63,""E52"":28,""E53"":38,""E54"":17,""E55"":62,""E56"":28,""E57"":25,""E58"":34,""E59"":24,""E6"":3568,""E60"":14,""E61"":10,""E62"":11,""E63"":10,""E64"":12,""E65"":19,""E66"":9,""E67"":22,""E68"":42,""E69"":13,""E7"":5001,""E70"":10,""E71"":12,""E72"":4,""E73"":7,""E74"":2,""E75"":2,""E76"":2,""E77"":1,""E78"":4,""E79"":3,""E8"":3888,""E80"":2,""E81"":2,""E82"":4,""E84"":1,""E85"":4,""E86"":1,""E89"":1,""E9"":4941,""E91"":1,""E93"":1}"
7685446380,    100164,4207549117,1066993.0,PymatchingGapSampler,6c9a97752b9b5fc200a22363829dd13b52abb5a1b34d9b6956236bc3e9d1a20c,"{""c"":""compiled-3q-multiplier-8-rotated-HXY"",""d1"":3,""d2"":5,""d3"":9,""noise"":""uniform_atoms"",""p"":0.008}","{""C0"":6261,""C1"":12325,""C10"":16737,""C100"":20193899,""C101"":13432105,""C102"":22085888,""C103"":29693088,""C104"":14193514,""C105"":12821520,""C106"":28377748,""C107"":25290928,""C108"":19664646,""C109"":18746565,""C11"":19919,""C110"":11502375,""C111"":16184209,""C112"":26986101,""C113"":10663608,""C114"":18188718,""C115"":32203676,""C116"":28446662,""C117"":27313392,""C118"":30227328,""C119"":6173171,""C12"":17673,""C120"":25519270,""C121"":18684896,""C122"":21141179,""C123"":7115423,""C124"":10538306,""C125"":29395647,""C126"":19882948,""C127"":11796347,""C128"":22257726,""C129"":11572818,""C13"":17165,""C130"":27829203,""C131"":42133634,""C132"":13692942,""C133"":18845091,""C134"":38411882,""C135"":26576881,""C136"":34776122,""C137"":17255805,""C138"":23950113,""C139"":2252600905,""C14"":26177,""C15"":23633,""C16"":27581,""C17"":41371,""C18"":39000,""C19"":38532,""C2"":11612,""C20"":74046,""C21"":88542,""C22"":89441,""C23"":114348,""C24"":79804,""C25"":178627,""C26"":271720,""C27"":175390,""C28"":181830,""C29"":284215,""C3"":15831,""C30"":339883,""C31"":379433,""C32"":343298,""C33"":216607,""C34"":320421,""C35"":451731,""C36"":313813,""C37"":469908,""C38"":310014,""C39"":390543,""C4"":13751,""C40"":381740,""C41"":318241,""C42"":374578,""C43"":467585,""C44"":288236,""C45"":385273,""C46"":323158,""C47"":507620,""C48"":439458,""C49"":350222,""C5"":16113,""C50"":623367,""C51"":465511,""C52"":481950,""C53"":937826,""C54"":683813,""C55"":796159,""C56"":840243,""C57"":987694,""C58"":1012244,""C59"":1112720,""C6"":15411,""C60"":1161943,""C61"":1205554,""C62"":1402903,""C63"":1276063,""C64"":1465772,""C65"":1791480,""C66"":1710998,""C67"":1757544,""C68"":1679966,""C69"":2551384,""C7"":12678,""C70"":1994108,""C71"":1857899,""C72"":1918061,""C73"":1631250,""C74"":2227459,""C75"":2076741,""C76"":2429312,""C77"":5402840,""C78"":3554190,""C79"":8549238,""C8"":15659,""C80"":4440497,""C81"":15442290,""C82"":2448004,""C83"":37815505,""C84"":13605449,""C85"":9507382,""C86"":9518964,""C87"":29053148,""C88"":31369105,""C89"":7135582,""C9"":19536,""C90"":17515803,""C91"":12142371,""C92"":11749327,""C93"":21557816,""C94"":17697198,""C95"":18832435,""C96"":14802246,""C97"":16240374,""C98"":20864987,""C99"":14789415,""E0"":4827,""E1"":8376,""E10"":2492,""E11"":2648,""E12"":2314,""E13"":1776,""E14"":2236,""E15"":1667,""E16"":1382,""E17"":2031,""E18"":1776,""E19"":1051,""E2"":8509,""E20"":1573,""E21"":1865,""E22"":1379,""E23"":1487,""E24"":1187,""E25"":1325,""E26"":1747,""E27"":1037,""E28"":1001,""E29"":1095,""E3"":7439,""E30"":1004,""E31"":1144,""E32"":800,""E33"":501,""E34"":628,""E35"":701,""E36"":359,""E37"":468,""E38"":233,""E39"":186,""E4"":7163,""E40"":229,""E41"":147,""E42"":118,""E43"":156,""E44"":73,""E45"":85,""E46"":90,""E47"":73,""E48"":61,""E49"":48,""E5"":6428,""E50"":61,""E51"":61,""E52"":32,""E53"":14,""E54"":28,""E55"":32,""E56"":42,""E57"":23,""E58"":22,""E59"":18,""E6"":5022,""E60"":15,""E61"":14,""E62"":15,""E63"":15,""E64"":14,""E65"":13,""E66"":9,""E67"":11,""E68"":10,""E69"":8,""E7"":3853,""E70"":8,""E71"":5,""E72"":2,""E73"":12,""E74"":5,""E75"":7,""E76"":6,""E79"":1,""E8"":4357,""E80"":4,""E81"":3,""E82"":1,""E83"":3,""E84"":1,""E86"":2,""E87"":1,""E89"":1,""E9"":3495,""E91"":1,""E93"":1,""E99"":1}"
7310821989,    100035,6740466830,641051.1,PymatchingGapSampler,918e9eee10f75996da8786830000044d02b1c98e1b22fe76dccc7aca2b36b9a5,"{""c"":""compiled-3q-multiplier-12-rotated-HXY"",""d1"":3,""d2"":5,""d3"":9,""noise"":""uniform"",""p"":0.012}","{""C0"":6100,""C1"":12262,""C10"":23042,""C100"":2864844,""C101"":2897336,""C102"":4695897,""C103"":6467604,""C104"":8929969,""C105"":7240108,""C106"":2498907,""C107"":3175189,""C108"":1106013,""C109"":5651614,""C11"":64790,""C110"":6714604,""C111"":3156067,""C112"":8153881,""C113"":9219242,""C114"":5358302,""C115"":3931756,""C116"":3675115,""C117"":4440567,""C118"":1474589,""C119"":4354231,""C12"":76592,""C120"":2563618,""C121"":1128986,""C122"":3939772,""C123"":2948996,""C124"":304964002,""C13"":31219,""C14"":41836,""C15"":39712,""C16"":63755,""C17"":39238,""C18"":48281,""C19"":33959,""C2"":9358,""C20"":57209,""C21"":32744,""C22"":56779,""C23"":79788,""C24"":102488,""C25"":83109,""C26"":148161,""C27"":169730,""C28"":444865,""C29"":338138,""C3"":11795,""C30"":242868,""C31"":175875,""C32"":162158,""C33"":222083,""C34"":143604,""C35"":131909,""C36"":153719,""C37"":133909,""C38"":166438,""C39"":199923,""C4"":7662,""C40"":248781,""C41"":280216,""C42"":282149,""C43"":295369,""C44"":209553,""C45"":533909,""C46"":304503,""C47"":410053,""C48"":363881,""C49"":452105,""C5"":11252,""C50"":407484,""C51"":389103,""C52"":412195,""C53"":358573,""C54"":319630,""C55"":439097,""C56"":450295,""C57"":646933,""C58"":1312801,""C59"":639972,""C6"":11601,""C60"":552606,""C61"":564701,""C62"":640936,""C63"":996688,""C64"":1227426,""C65"":1198814,""C66"":2170896,""C67"":8536707,""C68"":7148732,""C69"":656092,""C7"":17148,""C70"":5642143,""C71"":1062790,""C72"":3794840,""C73"":1834071,""C74"":1896129,""C75"":1727302,""C76"":2422976,""C77"":1988523,""C78"":2836127,""C79"":3248942,""C8"":19678,""C80"":3994431,""C81"":3213257,""C82"":6599743,""C83"":3994265,""C84"":6746808,""C85"":17093410,""C86"":8767421,""C87"":4859032,""C88"":3499439,""C89"":7276839,""C9"":26261,""C90"":3675218,""C91"":2381154,""C92"":4229570,""C93"":3861428,""C94"":2133702,""C95"":2033983,""C96"":2558440,""C97"":4252301,""C98"":2139735,""C99"":2648658,""E0"":4033,""E1"":8051,""E10"":3853,""E11"":6676,""E12"":5907,""E13"":3105,""E14"":2814,""E15"":1906,""E16"":3132,""E17"":2087,""E18"":1757,""E19"":1167,""E2"":4727,""E20"":1368,""E21"":761,""E22"":772,""E23"":1254,""E24"":1263,""E25"":1137,""E26"":1136,""E27"":1345,""E28"":3332,""E29"":2200,""E3"":4689,""E30"":920,""E31"":636,""E32"":566,""E33"":483,""E34"":283,""E35"":291,""E36"":203,""E37"":276,""E38"":185,""E39"":273,""E4"":4184,""E40"":155,""E41"":200,""E42"":172,""E43"":150,""E44"":79,""E45"":224,""E46"":150,""E47"":79,""E48"":32,""E49"":71,""E5"":3491,""E50"":39,""E51"":57,""E52"":37,""E53"":29,""E54"":14,""E55"":76,""E56"":17,""E57"":27,""E58"":20,""E59"":16,""E6"":3485,""E60"":10,""E61"":10,""E62"":9,""E63"":10,""E64"":15,""E65"":11,""E66"":17,""E67"":30,""E68"":37,""E69"":4,""E7"":4980,""E70"":24,""E71"":5,""E72"":5,""E73"":2,""E74"":7,""E75"":3,""E76"":1,""E77"":2,""E78"":2,""E79"":1,""E8"":4349,""E81"":2,""E82"":13,""E83"":2,""E84"":4,""E85"":8,""E86"":1,""E9"":5078,""E90"":1}"
8389128122,    100054,5034188288,1045311.9,PymatchingGapSampler,820328bbc5933ca4261d5f1d1713a26e3d5c4abeeacdff6161888134eb37ce21,"{""c"":""compiled-3q-multiplier-12-rotated-HXY"",""d1"":3,""d2"":5,""d3"":9,""noise"":""uniform_atoms"",""p"":0.012}","{""C0"":5679,""C1"":11274,""C10"":19669,""C100"":24892160,""C101"":4499173,""C102"":26824804,""C103"":33537574,""C104"":3293506,""C105"":21265491,""C106"":25763706,""C107"":16951165,""C108"":26367686,""C109"":11064521,""C11"":18896,""C110"":10895201,""C111"":22873494,""C112"":18680900,""C113"":12525490,""C114"":29437192,""C115"":19380251,""C116"":24634912,""C117"":26282416,""C118"":29333667,""C119"":5733934,""C12"":18208,""C120"":25939241,""C121"":19846786,""C122"":17203543,""C123"":11643926,""C124"":10152756,""C125"":30103459,""C126"":19265022,""C127"":7030566,""C128"":20283352,""C129"":11126165,""C13"":18631,""C130"":46911111,""C131"":20445735,""C132"":12070917,""C133"":32488696,""C134"":22661224,""C135"":25633242,""C136"":34521904,""C137"":16076262,""C138"":23247755,""C139"":2169537350,""C14"":25495,""C15"":25726,""C16"":29941,""C17"":46957,""C18"":38622,""C19"":37199,""C2"":11757,""C20"":75045,""C21"":110286,""C22"":88797,""C23"":80050,""C24"":94904,""C25"":177080,""C26"":288427,""C27"":159763,""C28"":180688,""C29"":237987,""C3"":14635,""C30"":435147,""C31"":346076,""C32"":308922,""C33"":195039,""C34"":307622,""C35"":484485,""C36"":321619,""C37"":431276,""C38"":307641,""C39"":337216,""C4"":14498,""C40"":407624,""C41"":372897,""C42"":292613,""C43"":390698,""C44"":401383,""C45"":327096,""C46"":379984,""C47"":502648,""C48"":424577,""C49"":397710,""C5"":14382,""C50"":579827,""C51"":431330,""C52"":583717,""C53"":853103,""C54"":655409,""C55"":895396,""C56"":746660,""C57"":950838,""C58"":1072863,""C59"":1053132,""C6"":14122,""C60"":1124226,""C61"":1227374,""C62"":1375889,""C63"":1163774,""C64"":1463884,""C65"":1795073,""C66"":1774114,""C67"":1635485,""C68"":1731685,""C69"":2383338,""C7"":15274,""C70"":2035282,""C71"":1668821,""C72"":1795067,""C73"":1766001,""C74"":1962098,""C75"":2250250,""C76"":2268444,""C77"":5023812,""C78"":9689799,""C79"":3762689,""C8"":15403,""C80"":3954189,""C81"":13836659,""C82"":5894185,""C83"":34130047,""C84"":11749940,""C85"":6153762,""C86"":23456573,""C87"":20519154,""C88"":31660938,""C89"":3785663,""C9"":14947,""C90"":18409189,""C91"":18930991,""C92"":10299670,""C93"":23586508,""C94"":12292179,""C95"":11827253,""C96"":21829048,""C97"":24650642,""C98"":4954767,""C99"":17496173,""E0"":4819,""E1"":8029,""E10"":2805,""E100"":1,""E102"":1,""E108"":1,""E11"":2572,""E12"":2202,""E13"":1770,""E14"":2374,""E15"":1639,""E16"":1734,""E17"":2170,""E18"":1756,""E19"":1070,""E2"":8948,""E20"":1671,""E21"":1976,""E22"":1403,""E23"":1229,""E24"":1259,""E25"":1282,""E26"":1701,""E27"":1073,""E28"":841,""E29"":1091,""E3"":6720,""E30"":1244,""E31"":1092,""E32"":685,""E33"":467,""E34"":588,""E35"":836,""E36"":369,""E37"":421,""E38"":280,""E39"":207,""E4"":7327,""E40"":220,""E41"":204,""E42"":100,""E43"":128,""E44"":178,""E45"":56,""E46"":116,""E47"":84,""E48"":47,""E49"":64,""E5"":5859,""E50"":79,""E51"":50,""E52"":47,""E53"":27,""E54"":23,""E55"":53,""E56"":17,""E57"":14,""E58"":30,""E59"":22,""E6"":4806,""E60"":17,""E61"":13,""E62"":17,""E63"":14,""E64"":24,""E65"":10,""E66"":3,""E67"":13,""E68"":8,""E69"":4,""E7"":4149,""E70"":13,""E71"":10,""E72"":3,""E73"":4,""E74"":3,""E75"":7,""E76"":4,""E77"":4,""E78"":8,""E79"":1,""E8"":4384,""E80"":6,""E81"":1,""E82"":1,""E83"":2,""E84"":4,""E85"":2,""E86"":2,""E87"":1,""E89"":1,""E9"":3434,""E90"":2,""E91"":1,""E92"":1,""E96"":1,""E98"":1,""E99"":4}"
7996020325,    100056,7444408460,681072.0,PymatchingGapSampler,fee83eee3480cacb8332bb031689c2614b2867704befa9c585a70c1ce57b1865,"{""c"":""compiled-3q-multiplier-16-rotated-HXY"",""d1"":3,""d2"":5,""d3"":9,""noise"":""uniform"",""p"":0.016}","{""C0"":5802,""C1"":12089,""C10"":56212,""C100"":2765018,""C101"":2781273,""C102"":4887154,""C103"":5917122,""C104"":8784695,""C105"":6824338,""C106"":3100304,""C107"":2585195,""C108"":858555,""C109"":5461068,""C11"":45215,""C110"":6652419,""C111"":2866195,""C112"":8748389,""C113"":8311840,""C114"":5837292,""C115"":3096133,""C116"":3535348,""C117"":4162926,""C118"":1422466,""C119"":4487431,""C12"":69372,""C120"":2188758,""C121"":1101915,""C122"":3799935,""C123"":2848217,""C124"":294397205,""C13"":23712,""C14"":40730,""C15"":38215,""C16"":65225,""C17"":41653,""C18"":43033,""C19"":37711,""C2"":6701,""C20"":51884,""C21"":32983,""C22"":54146,""C23"":80764,""C24"":103160,""C25"":82560,""C26"":137132,""C27"":205338,""C28"":404482,""C29"":337979,""C3"":14149,""C30"":230637,""C31"":176467,""C32"":165837,""C33"":208603,""C34"":141577,""C35"":128648,""C36"":141722,""C37"":137874,""C38"":164606,""C39"":242439,""C4"":7592,""C40"":203280,""C41"":270321,""C42"":275670,""C43"":296500,""C44"":203899,""C45"":406858,""C46"":418792,""C47"":421894,""C48"":350637,""C49"":421259,""C5"":10838,""C50"":369511,""C51"":407652,""C52"":408507,""C53"":299835,""C54"":361834,""C55"":398736,""C56"":550676,""C57"":533431,""C58"":1267166,""C59"":644606,""C6"":12006,""C60"":522148,""C61"":540762,""C62"":635731,""C63"":955546,""C64"":1188705,""C65"":1163911,""C66"":3780515,""C67"":6583478,""C68"":6913105,""C69"":640978,""C7"":20187,""C70"":5462482,""C71"":993011,""C72"":3934998,""C73"":2432121,""C74"":970892,""C75"":1672458,""C76"":2347280,""C77"":2819954,""C78"":1839534,""C79"":3145458,""C8"":14402,""C80"":3864134,""C81"":3547079,""C82"":5996399,""C83"":3881761,""C84"":6628131,""C85"":22603383,""C86"":2689023,""C87"":4686317,""C88"":3189233,""C89"":7226893,""C9"":25865,""C90"":3607402,""C91"":2582903,""C92"":3740528,""C93"":4089658,""C94"":1702687,""C95"":1959379,""C96"":3040361,""C97"":3537721,""C98"":2074946,""C99"":2569002,""E0"":4047,""E1"":7876,""E10"":6063,""E103"":1,""E11"":6326,""E112"":1,""E12"":4510,""E124"":1,""E13"":2793,""E14"":2881,""E15"":1902,""E16"":3350,""E17"":2271,""E18"":1636,""E19"":1200,""E2"":4548,""E20"":1380,""E21"":781,""E22"":745,""E23"":1193,""E24"":1352,""E25"":1090,""E26"":1130,""E27"":2037,""E28"":2909,""E29"":2379,""E3"":4644,""E30"":844,""E31"":582,""E32"":563,""E33"":445,""E34"":297,""E35"":274,""E36"":188,""E37"":299,""E38"":162,""E39"":295,""E4"":4099,""E40"":122,""E41"":181,""E42"":193,""E43"":147,""E44"":73,""E45"":127,""E46"":231,""E47"":78,""E48"":51,""E49"":89,""E5"":3625,""E50"":44,""E51"":65,""E52"":34,""E53"":27,""E54"":25,""E55"":54,""E56"":32,""E57"":24,""E58"":27,""E59"":21,""E6"":3696,""E60"":9,""E61"":9,""E62"":16,""E63"":14,""E64"":17,""E65"":12,""E66"":30,""E67"":36,""E68"":28,""E69"":2,""E7"":4999,""E70"":12,""E71"":5,""E72"":14,""E73"":4,""E74"":6,""E75"":1,""E76"":2,""E77"":1,""E78"":4,""E79"":2,""E8"":3684,""E80"":2,""E81"":1,""E82"":10,""E83"":1,""E84"":5,""E85"":8,""E87"":1,""E88"":1,""E9"":5060}"
9032650136,    100068,5840318007,1002795.2,PymatchingGapSampler,23d6b092eccda44cc6b8b4b33b75f95bc606b770364651079bade75b44f5d6c3,"{""c"":""compiled-3q-multiplier-16-rotated-HXY"",""d1"":3,""d2"":5,""d3"":9,""noise"":""uniform_atoms"",""p"":0.016}","{""C0"":4878,""C1"":11029,""C10"":15944,""C100"":2657669,""C101"":14855892,""C102"":33109212,""C103"":13880343,""C104"":10321798,""C105"":22718189,""C106"":18593532,""C107"":19112308,""C108"":18645120,""C109"":10347457,""C11"":20732,""C110"":17068535,""C111"":15943066,""C112"":18825344,""C113"":25493850,""C114"":12105780,""C115"":18333101,""C116"":42130753,""C117"":21619035,""C118"":13688888,""C119"":8452993,""C12"":16330,""C120"":33692675,""C121"":16495592,""C122"":5397595,""C123"":15613886,""C124"":12435210,""C125"":27340062,""C126"":14420083,""C127"":5543820,""C128"":26015009,""C129"":29676914,""C13"":23589,""C130"":26106391,""C131"":10949959,""C132"":24476760,""C133"":17870900,""C134"":21554381,""C135"":46671931,""C136"":16560501,""C137"":14815650,""C138"":2078136226,""C14"":23345,""C15"":21497,""C16"":48253,""C17"":37645,""C18"":36470,""C19"":56389,""C2"":10832,""C20"":66300,""C21"":127794,""C22"":68407,""C23"":49223,""C24"":113227,""C25"":207583,""C26"":233606,""C27"":209295,""C28"":185805,""C29"":185669,""C3"":11985,""C30"":443295,""C31"":381238,""C32"":221096,""C33"":269307,""C34"":341562,""C35"":355124,""C36"":476880,""C37"":271934,""C38"":264232,""C39"":482323,""C4"":16816,""C40"":264038,""C41"":337065,""C42"":450549,""C43"":214696,""C44"":339545,""C45"":440635,""C46"":336453,""C47"":479356,""C48"":496896,""C49"":348475,""C5"":13528,""C50"":570796,""C51"":457625,""C52"":501551,""C53"":920972,""C54"":645645,""C55"":728993,""C56"":821075,""C57"":940933,""C58"":1031588,""C59"":1044399,""C6"":15428,""C60"":1005221,""C61"":1283157,""C62"":1235471,""C63"":1121932,""C64"":1452797,""C65"":1749368,""C66"":1654757,""C67"":1700122,""C68"":1603138,""C69"":2316248,""C7"":13708,""C70"":1927758,""C71"":1477980,""C72"":1813495,""C73"":1780981,""C74"":1762151,""C75"":2200457,""C76"":2051342,""C77"":12048428,""C78"":3668987,""C79"":3437773,""C8"":14881,""C80"":2362714,""C81"":16834649,""C82"":14913758,""C83"":20832204,""C84"":13925375,""C85"":17616597,""C86"":10301537,""C87"":32697562,""C88"":16598636,""C89"":2309963,""C9"":15273,""C90"":30003165,""C91"":11029955,""C92"":22386610,""C93"":9721987,""C94"":11757556,""C95"":8593358,""C96"":36982452,""C97"":5014824,""C98"":4906752,""C99"":37720697,""E0"":4678,""E1"":8739,""E10"":2734,""E102"":1,""E11"":2527,""E116"":1,""E12"":2416,""E13"":2080,""E137"":1,""E14"":2058,""E15"":1779,""E16"":2203,""E17"":1731,""E18"":1805,""E19"":1378,""E2"":7326,""E20"":1632,""E21"":2312,""E22"":1108,""E23"":1001,""E24"":1389,""E25"":1476,""E26"":1467,""E27"":1451,""E28"":833,""E29"":951,""E3"":7441,""E30"":1429,""E31"":1015,""E32"":570,""E33"":582,""E34"":876,""E35"":472,""E36"":604,""E37"":263,""E38"":252,""E39"":335,""E4"":6928,""E40"":153,""E41"":171,""E42"":199,""E43"":97,""E44"":88,""E45"":124,""E46"":95,""E47"":81,""E48"":58,""E49"":56,""E5"":5798,""E50"":63,""E51"":40,""E52"":36,""E53"":51,""E54"":41,""E55"":28,""E56"":25,""E57"":14,""E58"":35,""E59"":24,""E6"":5270,""E60"":26,""E61"":18,""E62"":19,""E63"":12,""E64"":15,""E65"":12,""E66"":3,""E67"":15,""E68"":5,""E69"":11,""E7"":3853,""E70"":7,""E71"":3,""E72"":2,""E73"":2,""E74"":2,""E75"":5,""E76"":3,""E77"":4,""E78"":3,""E79"":2,""E8"":3955,""E80"":1,""E82"":1,""E83"":2,""E84"":2,""E85"":4,""E86"":1,""E87"":5,""E88"":2,""E9"":3671,""E94"":1,""E96"":2,""E98"":1,""E99"":7}"
22998578244,   1046397,20701929342, 82643.3,PymatchingGapSampler,d967a7c38d9681e2bf9e68f1621b26a444c8abc3917e231b38363c89c58665b6,"{""c"":""end2end-rotated-HXY-d3-d5-with-syndromes"",""d1"":3,""d2"":5,""d3"":5,""noise"":""uniform"",""p"":0.001}","{""C0"":61262,""C1"":102116,""C10"":204399,""C100"":4836625,""C101"":5455104,""C102"":22851626,""C103"":308363,""C104"":1348462,""C105"":16156602,""C106"":16413235,""C107"":10243808,""C108"":19505237,""C109"":10994017,""C11"":238190,""C110"":7247303,""C111"":3019681,""C112"":14370345,""C113"":4872870,""C114"":6263346,""C115"":6782399,""C116"":4970776,""C117"":9775959,""C118"":25694391,""C119"":66208590,""C12"":615805,""C120"":19894630,""C121"":42506387,""C122"":976167457,""C13"":343646,""C14"":265720,""C15"":511033,""C16"":461079,""C17"":383970,""C18"":390433,""C19"":585807,""C2"":119582,""C20"":523048,""C21"":568741,""C22"":784283,""C23"":828564,""C24"":1178460,""C25"":1259055,""C26"":1136653,""C27"":2889980,""C28"":1864845,""C29"":2816735,""C3"":106324,""C30"":1841788,""C31"":1708370,""C32"":2633724,""C33"":959770,""C34"":3188354,""C35"":1906056,""C36"":2014105,""C37"":1427284,""C38"":1313516,""C39"":915772,""C4"":83230,""C40"":2262023,""C41"":2490221,""C42"":3087648,""C43"":2527394,""C44"":1580405,""C45"":2021356,""C46"":1963245,""C47"":2194959,""C48"":2441717,""C49"":2523756,""C5"":127136,""C50"":2124093,""C51"":2268223,""C52"":4355365,""C53"":2753289,""C54"":2877096,""C55"":8172240,""C56"":4114184,""C57"":3924045,""C58"":5081531,""C59"":5247541,""C6"":98294,""C60"":5190137,""C61"":14489434,""C62"":6744014,""C63"":3916165,""C64"":2509844,""C65"":4881860,""C66"":29210142,""C67"":35259547,""C68"":37787811,""C69"":11792410,""C7"":150188,""C70"":9956693,""C71"":9027971,""C72"":5977021,""C73"":6527867,""C74"":9834084,""C75"":16888852,""C76"":4049392,""C77"":25445203,""C78"":4561093,""C79"":31925433,""C8"":225844,""C80"":32810524,""C81"":48885345,""C82"":106530297,""C83"":79024164,""C84"":22299684,""C85"":75384022,""C86"":54697265,""C87"":20689895,""C88"":19814796,""C89"":6145152,""C9"":313518,""C90"":13193800,""C91"":7389036,""C92"":21386677,""C93"":58694427,""C94"":43315698,""C95"":2644949,""C96"":4773692,""C97"":1983206,""C98"":2015990,""C99"":904690,""E0"":77258,""E1"":85951,""E10"":28252,""E102"":1,""E103"":1,""E107"":1,""E11"":33519,""E119"":1,""E12"":43765,""E120"":1,""E122"":1,""E13"":34447,""E14"":19221,""E15"":29085,""E16"":20637,""E17"":16482,""E18"":16438,""E19"":22443,""E2"":84938,""E20"":11287,""E21"":13506,""E22"":12490,""E23"":12497,""E24"":14383,""E25"":13064,""E26"":9874,""E27"":24804,""E28"":13455,""E29"":16611,""E3"":69419,""E30"":9193,""E31"":6645,""E32"":7477,""E33"":3081,""E34"":5014,""E35"":4490,""E36"":2794,""E37"":2622,""E38"":1682,""E39"":1272,""E4"":50968,""E40"":2535,""E41"":2004,""E42"":1950,""E43"":1908,""E44"":764,""E45"":1049,""E46"":526,""E47"":611,""E48"":631,""E49"":625,""E5"":52588,""E50"":756,""E51"":648,""E52"":481,""E53"":747,""E54"":314,""E55"":683,""E56"":246,""E57"":170,""E58"":222,""E59"":218,""E6"":37686,""E60"":172,""E61"":159,""E62"":180,""E63"":115,""E64"":44,""E65"":55,""E66"":183,""E67"":185,""E68"":163,""E69"":76,""E7"":45451,""E70"":53,""E71"":19,""E72"":16,""E73"":20,""E74"":10,""E75"":34,""E76"":9,""E77"":51,""E78"":10,""E79"":34,""E8"":41502,""E80"":31,""E81"":25,""E82"":44,""E83"":33,""E84"":4,""E85"":18,""E86"":10,""E87"":11,""E88"":6,""E89"":1,""E9"":31217,""E90"":3,""E91"":2,""E92"":1,""E93"":6,""E94"":11,""E95"":1}"
1174876436266,  53355373,1057549211994,17768959.2,PymatchingGapSampler,4f7c4ded3f7123b1cc9722dfccf97156b7d212c3ce6e5a135f1f73b7daa9607e,"{""c"":""end2end-rotated-HXY-d3-d5-with-syndromes"",""d1"":3,""d2"":5,""d3"":5,""noise"":""uniform"",""p"":0.001}","{""C0"":3122928,""C1"":5229815,""C10"":10412443,""C100"":247225907,""C101"":278772613,""C102"":1167398275,""C103"":15733866,""C104"":68951714,""C105"":825237259,""C106"":838168626,""C107"":523446203,""C108"":996493657,""C109"":561137970,""C11"":12142049,""C110"":370369885,""C111"":154155671,""C112"":734205128,""C113"":249035105,""C114"":320044085,""C115"":346530938,""C116"":253996816,""C117"":499488527,""C118"":1312668767,""C119"":3382406957,""C12"":31450649,""C120"":1016229087,""C121"":2171540385,""C122"":49869822001,""C13"":17559245,""C14"":13593174,""C15"":26051145,""C16"":23504308,""C17"":19602224,""C18"":19985388,""C19"":29908301,""C2"":6128485,""C20"":26725078,""C21"":29035268,""C22"":40076693,""C23"":42241556,""C24"":60168860,""C25"":64238444,""C26"":58013602,""C27"":147511172,""C28"":95311487,""C29"":143862931,""C3"":5437992,""C30"":93987627,""C31"":87256963,""C32"":134567759,""C33"":49020982,""C34"":162962529,""C35"":97338388,""C36"":102830066,""C37"":72938739,""C38"":67022369,""C39"":46811367,""C4"":4249618,""C40"":115552055,""C41"":127431547,""C42"":157759837,""C43"":129332894,""C44"":80775563,""C45"":103372717,""C46"":100310821,""C47"":112235287,""C48"":124754374,""C49"":128978120,""C5"":6524976,""C50"":108303121,""C51"":115848843,""C52"":222556452,""C53"":140617352,""C54"":146973358,""C55"":417417162,""C56"":210255243,""C57"":200541993,""C58"":259532684,""C59"":268099571,""C6"":5044134,""C60"":265167935,""C61"":740480850,""C62"":344686370,""C63"":200056838,""C64"":128334938,""C65"":249454626,""C66"":1492116651,""C67"":1800839429,""C68"":1930409253,""C69"":602494142,""C7"":7646027,""C70"":508916580,""C71"":461283735,""C72"":305528787,""C73"":333539621,""C74"":502355571,""C75"":862485099,""C76"":206866718,""C77"":1300084218,""C78"":232820575,""C79"":1630727188,""C8"":11570799,""C80"":1676397895,""C81"":2497127564,""C82"":5441736507,""C83"":4036455751,""C84"":1139133398,""C85"":3850685491,""C86"":2795012683,""C87"":1057404965,""C88"":1012131557,""C89"":313927310,""C9"":16031111,""C90"":673876876,""C91"":377442779,""C92"":1092679712,""C93"":2998397036,""C94"":2212506747,""C95"":135169939,""C96"":243650776,""C97"":101449780,""C98"":102973459,""C99"":46234423,""E0"":3927366,""E1"":4380953,""E10"":1448828,""E100"":10,""E101"":9,""E102"":39,""E103"":10,""E104"":11,""E105"":21,""E106"":15,""E107"":11,""E108"":7,""E109"":3,""E11"":1689403,""E111"":5,""E112"":9,""E113"":4,""E114"":34,""E117"":3,""E118"":4,""E119"":17,""E12"":2223200,""E121"":7,""E122"":81,""E13"":1746505,""E14"":982002,""E15"":1488546,""E16"":1053483,""E17"":831544,""E18"":857614,""E19"":1150565,""E2"":4315352,""E20"":571469,""E21"":688271,""E22"":642634,""E23"":638931,""E24"":747180,""E25"":657285,""E26"":500726,""E27"":1254890,""E28"":690277,""E29"":855179,""E3"":3552637,""E30"":473875,""E31"":336792,""E32"":379724,""E33"":156160,""E34"":254929,""E35"":231830,""E36"":143555,""E37"":128951,""E38"":88975,""E39"":64188,""E4"":2598781,""E40"":130484,""E41"":104707,""E42"":99267,""E43"":96975,""E44"":37500,""E45"":52908,""E46"":25997,""E47"":31942,""E48"":29748,""E49"":30545,""E5"":2677453,""E50"":37742,""E51"":31059,""E52"":25130,""E53"":40340,""E54"":16119,""E55"":33280,""E56"":12053,""E57"":9026,""E58"":10738,""E59"":10085,""E6"":1924764,""E60"":8548,""E61"":7168,""E62"":9845,""E63"":6236,""E64"":2088,""E65"":2718,""E66"":10221,""E67"":10026,""E68"":7930,""E69"":3886,""E7"":2320245,""E70"":1995,""E71"":1333,""E72"":906,""E73"":618,""E74"":1074,""E75"":1391,""E76"":537,""E77"":1818,""E78"":458,""E79"":2112,""E8"":2125008,""E80"":1581,""E81"":1449,""E82"":2852,""E83"":2195,""E84"":307,""E85"":944,""E86"":472,""E87"":288,""E88"":253,""E89"":102,""E9"":1596957,""E90"":136,""E91"":66,""E92"":110,""E93"":369,""E94"":305,""E95"":25,""E96"":13,""E97"":13,""E98"":9,""E99"":4}"
107819121662,   4478714,50931549007,1699687.3,PymatchingGapSampler,bcf6a5edc02468930514055e8f2e7a58322a4c48a1acf5b54b7f1fc847db789b,"{""c"":""end2end-rotated-HXY-d3-d5-with-syndromes"",""d1"":3,""d2"":5,""d3"":5,""noise"":""uniform_atoms"",""p"":0.001}","{""C0"":382437,""C1"":865801,""C10"":1116698,""C100"":863126792,""C101"":319398867,""C102"":412184833,""C103"":52301732,""C104"":144155776,""C105"":259684091,""C106"":55042016,""C107"":50087172,""C108"":83362804,""C109"":70448684,""C11"":600998,""C110"":40229189,""C111"":34679748,""C112"":21786826,""C113"":14361889,""C114"":18226271,""C115"":8593216,""C116"":6220829,""C117"":6161290,""C118"":7529097,""C119"":30414195,""C12"":476012,""C120"":218904789,""C121"":189944812,""C122"":170151007,""C123"":243642246,""C124"":208866844,""C125"":25503242,""C126"":624271,""C127"":5657998,""C128"":43553571,""C129"":73954436,""C13"":816040,""C130"":32213790,""C131"":48033741,""C132"":50944639,""C133"":3198294161,""C134"":381696981,""C135"":1010424148,""C136"":194798299,""C137"":1833094446,""C138"":80583571,""C139"":88967318,""C14"":812530,""C140"":77552901,""C141"":163267350,""C142"":120403,""C143"":21960,""C144"":863918,""C145"":12205,""C146"":566659,""C147"":77039836,""C148"":1173212,""C149"":123662,""C15"":548226,""C150"":278737,""C151"":70688,""C152"":35944,""C153"":30804,""C154"":140228,""C155"":90778,""C156"":123153,""C157"":4852833,""C158"":51015853,""C159"":138620,""C16"":630798,""C160"":34866499215,""C17"":554258,""C18"":545523,""C19"":1076937,""C2"":956138,""C20"":873093,""C21"":1123639,""C22"":1939382,""C23"":3077848,""C24"":3143790,""C25"":4930806,""C26"":5840719,""C27"":7408620,""C28"":10012509,""C29"":9945226,""C3"":657737,""C30"":11839034,""C31"":17516602,""C32"":12369496,""C33"":11929878,""C34"":28608783,""C35"":16039480,""C36"":21116833,""C37"":20515755,""C38"":12280381,""C39"":10463048,""C4"":925258,""C40"":10590717,""C41"":12350564,""C42"":13788207,""C43"":9955196,""C44"":7601304,""C45"":3744880,""C46"":5018366,""C47"":7100201,""C48"":8982085,""C49"":5445617,""C5"":952251,""C50"":6857120,""C51"":5797159,""C52"":9212664,""C53"":15968661,""C54"":8739781,""C55"":15389412,""C56"":17462027,""C57"":17050908,""C58"":21341333,""C59"":20346183,""C6"":654369,""C60"":14749288,""C61"":30229335,""C62"":28467230,""C63"":32877774,""C64"":82709436,""C65"":40363368,""C66"":41130651,""C67"":176457613,""C68"":71302064,""C69"":73029596,""C7"":1381892,""C70"":51438825,""C71"":39184312,""C72"":31742916,""C73"":63297101,""C74"":66174475,""C75"":41269161,""C76"":33654780,""C77"":35311798,""C78"":22048610,""C79"":31087075,""C8"":1258287,""C80"":31571697,""C81"":19709092,""C82"":20318035,""C83"":21113095,""C84"":16247594,""C85"":22973378,""C86"":26070825,""C87"":43970637,""C88"":77576762,""C89"":521712597,""C9"":701527,""C90"":489940403,""C91"":20211018,""C92"":1049954724,""C93"":598621616,""C94"":978598077,""C95"":2276659550,""C96"":1118899225,""C97"":814956200,""C98"":263309215,""C99"":1172655183,""E0"":211882,""E1"":639450,""E10"":83879,""E100"":27,""E101"":17,""E102"":9,""E104"":2,""E105"":4,""E106"":5,""E107"":3,""E11"":74947,""E114"":1,""E119"":1,""E12"":62516,""E120"":1,""E122"":1,""E123"":1,""E124"":6,""E13"":51883,""E130"":1,""E132"":1,""E14"":49520,""E15"":40044,""E16"":31298,""E160"":4,""E17"":40234,""E18"":30729,""E19"":53159,""E2"":445317,""E20"":35884,""E21"":34957,""E22"":65167,""E23"":57865,""E24"":60044,""E25"":69391,""E26"":71294,""E27"":64156,""E28"":64768,""E29"":49891,""E3"":331942,""E30"":72312,""E31"":85169,""E32"":49807,""E33"":37643,""E34"":66045,""E35"":26621,""E36"":30860,""E37"":28318,""E38"":10009,""E39"":10635,""E4"":326592,""E40"":9226,""E41"":9066,""E42"":7474,""E43"":4857,""E44"":2890,""E45"":1103,""E46"":1695,""E47"":2535,""E48"":1497,""E49"":1240,""E5"":235193,""E50"":1328,""E51"":1420,""E52"":1772,""E53"":3732,""E54"":1396,""E55"":1393,""E56"":2750,""E57"":2031,""E58"":2406,""E59"":3542,""E6"":210653,""E60"":1623,""E61"":1945,""E62"":2198,""E63"":1428,""E64"":972,""E65"":1057,""E66"":936,""E67"":1015,""E68"":789,""E69"":484,""E7"":227544,""E70"":293,""E71"":220,""E72"":124,""E73"":445,""E74"":232,""E75"":86,""E76"":72,""E77"":53,""E78"":23,""E79"":58,""E8"":134256,""E80"":30,""E81"":18,""E82"":10,""E83"":19,""E84"":13,""E85"":25,""E86"":16,""E87"":25,""E88"":20,""E89"":107,""E9"":128382,""E90"":119,""E91"":16,""E92"":144,""E93"":37,""E94"":66,""E95"":121,""E96"":32,""E97"":43,""E98"":3,""E99"":104}"
1816606515,     36757,1635206192, 64674.9,PymatchingGapSampler,bc7bbd93f0b2e938e7763e4efa73482e10e306d7ba3398225db01954f2f24fc7,"{""c"":""end2end-rotated-HXY-d3-d5-with-syndromes"",""d1"":3,""d2"":5,""d3"":11,""noise"":""uniform"",""p"":0.001}","{""C0"":2353,""C1"":3450,""C10"":6721,""C100"":1391597,""C101"":1122281,""C102"":3285134,""C103"":1770374,""C104"":1601061,""C105"":1119909,""C106"":962619,""C107"":1235423,""C108"":971616,""C109"":2178742,""C11"":8315,""C110"":4218597,""C111"":1524947,""C112"":1396396,""C113"":2015624,""C114"":920915,""C115"":777993,""C116"":1872108,""C117"":438127,""C118"":825948,""C119"":1208153,""C12"":38084,""C120"":803568,""C121"":95996212,""C13"":24966,""C14"":11307,""C15"":20862,""C16"":24487,""C17"":16148,""C18"":13603,""C19"":11529,""C2"":5229,""C20"":25432,""C21"":13954,""C22"":21743,""C23"":22598,""C24"":48763,""C25"":45799,""C26"":60406,""C27"":147991,""C28"":155489,""C29"":69874,""C3"":2588,""C30"":44455,""C31"":60690,""C32"":82972,""C33"":61879,""C34"":42389,""C35"":42509,""C36"":55365,""C37"":46683,""C38"":60596,""C39"":78321,""C4"":4162,""C40"":137123,""C41"":81376,""C42"":113137,""C43"":155682,""C44"":97947,""C45"":78146,""C46"":90265,""C47"":166056,""C48"":153960,""C49"":121406,""C5"":3163,""C50"":120065,""C51"":114034,""C52"":144100,""C53"":131383,""C54"":145931,""C55"":206790,""C56"":441086,""C57"":185844,""C58"":192683,""C59"":244166,""C6"":3505,""C60"":187908,""C61"":168021,""C62"":459526,""C63"":431786,""C64"":279556,""C65"":380973,""C66"":2278703,""C67"":3074099,""C68"":1712374,""C69"":1520602,""C7"":6522,""C70"":379491,""C71"":1153254,""C72"":975703,""C73"":447755,""C74"":626962,""C75"":427558,""C76"":1009313,""C77"":386115,""C78"":1232071,""C79"":885591,""C8"":9165,""C80"":2738816,""C81"":1058982,""C82"":7214096,""C83"":2590135,""C84"":274966,""C85"":983889,""C86"":1364915,""C87"":3423311,""C88"":913481,""C89"":1089158,""C9"":5896,""C90"":996000,""C91"":871456,""C92"":606825,""C93"":1557270,""C94"":497672,""C95"":1333037,""C96"":1290698,""C97"":470633,""C98"":996784,""C99"":905594,""E0"":2159,""E1"":2846,""E10"":1117,""E11"":1253,""E12"":3236,""E13"":1392,""E14"":962,""E15"":1104,""E16"":1119,""E17"":571,""E18"":572,""E19"":317,""E2"":1795,""E20"":599,""E21"":294,""E22"":366,""E23"":384,""E24"":561,""E25"":443,""E26"":529,""E27"":1191,""E28"":1137,""E29"":279,""E3"":1557,""E30"":216,""E31"":193,""E32"":174,""E33"":133,""E34"":93,""E35"":92,""E36"":79,""E37"":107,""E38"":60,""E39"":108,""E4"":1675,""E40"":97,""E41"":48,""E42"":50,""E43"":111,""E44"":23,""E45"":39,""E46"":9,""E47"":22,""E48"":23,""E49"":14,""E5"":1287,""E50"":24,""E51"":10,""E52"":11,""E53"":15,""E54"":20,""E55"":13,""E56"":9,""E57"":7,""E58"":5,""E59"":4,""E6"":1006,""E60"":2,""E61"":3,""E62"":3,""E63"":7,""E64"":2,""E65"":2,""E66"":11,""E67"":14,""E68"":8,""E69"":4,""E7"":1866,""E70"":3,""E71"":2,""E72"":1,""E74"":1,""E75"":1,""E8"":2106,""E80"":1,""E82"":6,""E83"":1,""E9"":1152,""E94"":1}"
155608595713,   3130133,140068911681,18393183.9,PymatchingGapSampler,94025c27b6ecbd13ec3f012af096b032bc809f2af076f6ae1c9c00c341ad6522,"{""c"":""end2end-rotated-HXY-d3-d5-with-syndromes"",""d1"":3,""d2"":5,""d3"":11,""noise"":""uniform"",""p"":0.001}","{""C0"":201441,""C1"":298042,""C10"":574988,""C100"":118978871,""C101"":96030389,""C102"":281226204,""C103"":151692801,""C104"":137090312,""C105"":95947217,""C106"":82458923,""C107"":105869166,""C108"":83420922,""C109"":186633479,""C11"":712034,""C110"":361533525,""C111"":130751822,""C112"":119526498,""C113"":172479994,""C114"":78755464,""C115"":66771209,""C116"":160583190,""C117"":37482838,""C118"":70764486,""C119"":103544843,""C12"":3262567,""C120"":68761830,""C121"":8223777728,""C13"":2118602,""C14"":972200,""C15"":1769082,""C16"":2108174,""C17"":1376355,""C18"":1168527,""C19"":991759,""C2"":445218,""C20"":2177044,""C21"":1207451,""C22"":1844309,""C23"":1921405,""C24"":4146076,""C25"":3930298,""C26"":5183403,""C27"":12698804,""C28"":13350891,""C29"":5977820,""C3"":215392,""C30"":3820667,""C31"":5216640,""C32"":7102406,""C33"":5296706,""C34"":3635101,""C35"":3659639,""C36"":4732029,""C37"":3992158,""C38"":5187465,""C39"":6729321,""C4"":360100,""C40"":11761846,""C41"":6977230,""C42"":9689463,""C43"":13337203,""C44"":8335999,""C45"":6716721,""C46"":7710532,""C47"":14196151,""C48"":13125521,""C49"":10393928,""C5"":270346,""C50"":10299580,""C51"":9790075,""C52"":12368178,""C53"":11247886,""C54"":12475454,""C55"":17696970,""C56"":37701932,""C57"":15930715,""C58"":16541158,""C59"":20895344,""C6"":296737,""C60"":16096921,""C61"":14417780,""C62"":39546330,""C63"":37112784,""C64"":23896775,""C65"":32650348,""C66"":195078506,""C67"":263427350,""C68"":146618016,""C69"":130337723,""C7"":556697,""C70"":32497708,""C71"":98751555,""C72"":83749213,""C73"":38237560,""C74"":53727955,""C75"":36609403,""C76"":86574619,""C77"":32950912,""C78"":105510420,""C79"":75809993,""C8"":797491,""C80"":234737947,""C81"":90690510,""C82"":618159855,""C83"":221888620,""C84"":23593366,""C85"":84238872,""C86"":116871207,""C87"":293280089,""C88"":78250150,""C89"":93278815,""C9"":502533,""C90"":85216059,""C91"":74511485,""C92"":52054041,""C93"":133477720,""C94"":42631879,""C95"":114155930,""C96"":110554794,""C97"":40229795,""C98"":85469048,""C99"":77580331,""E0"":184860,""E1"":244850,""E10"":95721,""E100"":1,""E101"":1,""E102"":5,""E103"":1,""E105"":1,""E109"":2,""E11"":104538,""E110"":1,""E112"":1,""E113"":1,""E12"":279931,""E121"":7,""E13"":118956,""E14"":83941,""E15"":93103,""E16"":96028,""E17"":46548,""E18"":47362,""E19"":32698,""E2"":145271,""E20"":51610,""E21"":23490,""E22"":33007,""E23"":30764,""E24"":46654,""E25"":39444,""E26"":42271,""E27"":103122,""E28"":92822,""E29"":23103,""E3"":136602,""E30"":17381,""E31"":17465,""E32"":15899,""E33"":11980,""E34"":8072,""E35"":7640,""E36"":6350,""E37"":8543,""E38"":4143,""E39"":9137,""E4"":140153,""E40"":9686,""E41"":4332,""E42"":3426,""E43"":9436,""E44"":2044,""E45"":2077,""E46"":1749,""E47"":2516,""E48"":2144,""E49"":1114,""E5"":114597,""E50"":1764,""E51"":1010,""E52"":914,""E53"":964,""E54"":1998,""E55"":1071,""E56"":525,""E57"":467,""E58"":560,""E59"":477,""E6"":90040,""E60"":297,""E61"":221,""E62"":453,""E63"":509,""E64"":157,""E65"":246,""E66"":958,""E67"":1174,""E68"":515,""E69"":332,""E7"":160736,""E70"":199,""E71"":209,""E72"":107,""E73"":90,""E74"":83,""E75"":52,""E76"":78,""E77"":42,""E78"":47,""E79"":45,""E8"":174120,""E80"":236,""E81"":11,""E82"":318,""E83"":101,""E84"":4,""E85"":19,""E86"":11,""E87"":28,""E88"":10,""E89"":11,""E9"":92258,""E90"":6,""E91"":5,""E92"":1,""E93"":28,""E94"":6,""E95"":7,""E96"":5,""E98"":6,""E99"":1}"
23545732913,    383526,11122697526,1884130.3,PymatchingGapSampler,ae622f3ef782410c65d2348280f402fb26e6d484ef042c42485b7486e0987179,"{""c"":""end2end-rotated-HXY-d3-d5-with-syndromes"",""d1"":3,""d2"":5,""d3"":11,""noise"":""uniform_atoms"",""p"":0.001}","{""C0"":24516,""C1"":48096,""C10"":65279,""C100"":47572028,""C101"":63154310,""C102"":119974729,""C103"":78070282,""C104"":52345186,""C105"":101129276,""C106"":64377887,""C107"":84792832,""C108"":105710008,""C109"":82577770,""C11"":67709,""C110"":38068540,""C111"":109673891,""C112"":68592395,""C113"":85706758,""C114"":60962474,""C115"":112189843,""C116"":187122302,""C117"":50221776,""C118"":149842940,""C119"":40865735,""C12"":76244,""C120"":50926888,""C121"":57647436,""C122"":54513121,""C123"":89454590,""C124"":48884205,""C125"":94745073,""C126"":72153408,""C127"":56890088,""C128"":76959173,""C129"":69154774,""C13"":64141,""C130"":80099951,""C131"":61237381,""C132"":142861266,""C133"":91716445,""C134"":81538688,""C135"":165446964,""C136"":71121213,""C137"":30952213,""C138"":7849863967,""C14"":91294,""C15"":101622,""C16"":99928,""C17"":105240,""C18"":127402,""C19"":145308,""C2"":41564,""C20"":207966,""C21"":385464,""C22"":251250,""C23"":384532,""C24"":348660,""C25"":797357,""C26"":899752,""C27"":539328,""C28"":784652,""C29"":977321,""C3"":63809,""C30"":1068787,""C31"":1776513,""C32"":1035796,""C33"":1095913,""C34"":894944,""C35"":2146364,""C36"":1235399,""C37"":985849,""C38"":1704944,""C39"":1333633,""C4"":49864,""C40"":996669,""C41"":1485213,""C42"":1759498,""C43"":1111351,""C44"":1320686,""C45"":2101015,""C46"":959583,""C47"":1848828,""C48"":1810867,""C49"":1212074,""C5"":62542,""C50"":2164505,""C51"":2216671,""C52"":1984137,""C53"":3686818,""C54"":2751887,""C55"":3097505,""C56"":3408318,""C57"":3548810,""C58"":3786225,""C59"":4219506,""C6"":57064,""C60"":5300762,""C61"":5345073,""C62"":5575546,""C63"":4861530,""C64"":5212572,""C65"":7537851,""C66"":6034723,""C67"":6630784,""C68"":9428788,""C69"":7319174,""C7"":62052,""C70"":7570099,""C71"":6723654,""C72"":7886343,""C73"":7664290,""C74"":6761968,""C75"":9610699,""C76"":8123637,""C77"":25666211,""C78"":16260204,""C79"":13635903,""C8"":62404,""C80"":26642778,""C81"":57812829,""C82"":91962630,""C83"":73674601,""C84"":34878359,""C85"":14422867,""C86"":24884357,""C87"":128056261,""C88"":70113755,""C89"":70933099,""C9"":72973,""C90"":103224878,""C91"":35713341,""C92"":44255535,""C93"":68214516,""C94"":26291444,""C95"":72569366,""C96"":76019424,""C97"":25453616,""C98"":102401691,""C99"":87045256,""E0"":22505,""E1"":28692,""E10"":10524,""E100"":1,""E101"":2,""E102"":1,""E106"":1,""E108"":2,""E109"":1,""E11"":9948,""E12"":9200,""E13"":6247,""E14"":6957,""E15"":6858,""E16"":5653,""E17"":5614,""E18"":6136,""E19"":4927,""E2"":31991,""E20"":4993,""E21"":7884,""E22"":4184,""E23"":5810,""E24"":4190,""E25"":5333,""E26"":6153,""E27"":4420,""E28"":3192,""E29"":3944,""E3"":32764,""E30"":3905,""E31"":3494,""E32"":3033,""E33"":2546,""E34"":1540,""E35"":2592,""E36"":1697,""E37"":885,""E38"":1326,""E39"":834,""E4"":28090,""E40"":603,""E41"":752,""E42"":685,""E43"":411,""E44"":445,""E45"":389,""E46"":210,""E47"":318,""E48"":229,""E49"":145,""E5"":23567,""E50"":206,""E51"":211,""E52"":190,""E53"":139,""E54"":127,""E55"":130,""E56"":112,""E57"":93,""E58"":123,""E59"":68,""E6"":20005,""E60"":81,""E61"":73,""E62"":81,""E63"":70,""E64"":47,""E65"":50,""E66"":44,""E67"":21,""E68"":28,""E69"":33,""E7"":16051,""E70"":26,""E71"":18,""E72"":28,""E73"":15,""E74"":7,""E75"":8,""E76"":8,""E77"":8,""E78"":15,""E79"":11,""E8"":15251,""E80"":7,""E81"":9,""E82"":7,""E83"":6,""E84"":8,""E85"":2,""E86"":1,""E87"":5,""E88"":6,""E89"":3,""E9"":14235,""E90"":5,""E91"":3,""E93"":6,""E96"":3,""E97"":1,""E98"":17,""E99"":1}"
1228518195,     24785,1105834518, 64806.7,PymatchingGapSampler,ef1b815960dcdb95ae2a4ec88d7447163dae80e3abd2a44393665e4aef090377,"{""c"":""end2end-rotated-HXY-d3-d5-with-syndromes"",""d1"":3,""d2"":5,""d3"":15,""noise"":""uniform"",""p"":0.001}","{""C0"":1600,""C1"":2400,""C10"":4649,""C100"":935081,""C101"":774909,""C102"":2293474,""C103"":1212848,""C104"":1121636,""C105"":677569,""C106"":671776,""C107"":804009,""C108"":662045,""C109"":1564315,""C11"":5637,""C110"":2979813,""C111"":919675,""C112"":1023662,""C113"":1259047,""C114"":577374,""C115"":479158,""C116"":1525062,""C117"":479338,""C118"":410546,""C119"":977898,""C12"":25834,""C120"":459531,""C121"":64266357,""C13"":16823,""C14"":7758,""C15"":13925,""C16"":16761,""C17"":11268,""C18"":9315,""C19"":7891,""C2"":3624,""C20"":17189,""C21"":9596,""C22"":14561,""C23"":15553,""C24"":32829,""C25"":30976,""C26"":41252,""C27"":100385,""C28"":105255,""C29"":47310,""C3"":1710,""C30"":30665,""C31"":41202,""C32"":56060,""C33"":41838,""C34"":28914,""C35"":29029,""C36"":37760,""C37"":31845,""C38"":41712,""C39"":53039,""C4"":2785,""C40"":93166,""C41"":55374,""C42"":76874,""C43"":106220,""C44"":66164,""C45"":54527,""C46"":61500,""C47"":112192,""C48"":104753,""C49"":82042,""C5"":2145,""C50"":82223,""C51"":76975,""C52"":99923,""C53"":95241,""C54"":96098,""C55"":140914,""C56"":299028,""C57"":124469,""C58"":129569,""C59"":170852,""C6"":2448,""C60"":132545,""C61"":119155,""C62"":311543,""C63"":294381,""C64"":182663,""C65"":257187,""C66"":1540169,""C67"":2091951,""C68"":1158698,""C69"":1039620,""C7"":4468,""C70"":259894,""C71"":780299,""C72"":664213,""C73"":298283,""C74"":425705,""C75"":293978,""C76"":685563,""C77"":280067,""C78"":837170,""C79"":602332,""C8"":6382,""C80"":1854628,""C81"":722305,""C82"":4880631,""C83"":1756550,""C84"":181379,""C85"":683275,""C86"":926012,""C87"":2332404,""C88"":622906,""C89"":737683,""C9"":3987,""C90"":675471,""C91"":603830,""C92"":412835,""C93"":1067105,""C94"":333569,""C95"":936614,""C96"":878896,""C97"":311959,""C98"":693763,""C99"":630054,""E0"":1427,""E1"":2044,""E10"":713,""E11"":837,""E12"":2096,""E13"":872,""E14"":664,""E15"":730,""E16"":769,""E17"":385,""E18"":381,""E19"":246,""E2"":1128,""E20"":407,""E21"":191,""E22"":265,""E23"":228,""E24"":365,""E25"":357,""E26"":360,""E27"":828,""E28"":741,""E29"":203,""E3"":1087,""E30"":132,""E31"":150,""E32"":131,""E33"":107,""E34"":72,""E35"":58,""E36"":46,""E37"":52,""E38"":36,""E39"":60,""E4"":1073,""E40"":90,""E41"":37,""E42"":27,""E43"":85,""E44"":18,""E45"":20,""E46"":11,""E47"":28,""E48"":14,""E49"":6,""E5"":910,""E50"":7,""E51"":8,""E52"":7,""E53"":7,""E54"":19,""E55"":6,""E56"":5,""E57"":5,""E58"":3,""E59"":2,""E6"":761,""E60"":3,""E61"":2,""E62"":5,""E63"":1,""E64"":1,""E65"":2,""E66"":7,""E67"":10,""E68"":10,""E69"":1,""E7"":1312,""E70"":3,""E71"":2,""E73"":1,""E76"":1,""E77"":1,""E78"":1,""E8"":1375,""E80"":1,""E82"":3,""E87"":1,""E9"":724,""E90"":1}"
91348103502,   1849628,82225847332,18415034.1,PymatchingGapSampler,ff706aa1e5b06af05a4978a48acf36304d49df2eeb7cf1d65f76b9da79d23135,"{""c"":""end2end-rotated-HXY-d3-d5-with-syndromes"",""d1"":3,""d2"":5,""d3"":15,""noise"":""uniform"",""p"":0.001}","{""C0"":117854,""C1"":176881,""C10"":338785,""C100"":69590432,""C101"":57636823,""C102"":170487857,""C103"":90233854,""C104"":83501815,""C105"":50341481,""C106"":49866850,""C107"":59726748,""C108"":49362330,""C109"":116246676,""C11"":426138,""C110"":221501680,""C111"":68464185,""C112"":76151044,""C113"":93523449,""C114"":42882810,""C115"":35537828,""C116"":113435965,""C117"":35671744,""C118"":30513288,""C119"":72602127,""C12"":1916787,""C120"":34141518,""C121"":4779196386,""C13"":1248362,""C14"":571406,""C15"":1040756,""C16"":1246081,""C17"":808930,""C18"":691818,""C19"":591363,""C2"":262106,""C20"":1284080,""C21"":719627,""C22"":1086767,""C23"":1133061,""C24"":2439652,""C25"":2306578,""C26"":3059607,""C27"":7464826,""C28"":7846135,""C29"":3522384,""C3"":130474,""C30"":2265364,""C31"":3064930,""C32"":4181211,""C33"":3114622,""C34"":2155117,""C35"":2170385,""C36"":2812559,""C37"":2364009,""C38"":3090095,""C39"":3957000,""C4"":213183,""C40"":6953571,""C41"":4096558,""C42"":5719166,""C43"":7873884,""C44"":4931378,""C45"":4103435,""C46"":4593918,""C47"":8323407,""C48"":7765620,""C49"":6090805,""C5"":159902,""C50"":6092868,""C51"":5749211,""C52"":7448472,""C53"":7076395,""C54"":7117423,""C55"":10490442,""C56"":22208382,""C57"":9243522,""C58"":9601255,""C59"":12705379,""C6"":173815,""C60"":9824946,""C61"":8889441,""C62"":23168497,""C63"":21952627,""C64"":13581663,""C65"":19126628,""C66"":114546396,""C67"":155501368,""C68"":86102307,""C69"":77362577,""C7"":328060,""C70"":19320278,""C71"":57962723,""C72"":49424041,""C73"":22194210,""C74"":31638982,""C75"":21895087,""C76"":50924354,""C77"":20831221,""C78"":62126687,""C79"":44763133,""C8"":473230,""C80"":137912432,""C81"":53703026,""C82"":362977294,""C83"":130560445,""C84"":13505000,""C85"":50731432,""C86"":68838353,""C87"":173392020,""C88"":46451099,""C89"":54889724,""C9"":297393,""C90"":50134098,""C91"":44844262,""C92"":30767307,""C93"":79253700,""C94"":24780070,""C95"":69599503,""C96"":65362627,""C97"":23161186,""C98"":51445816,""C99"":46906668,""E0"":108929,""E1"":145287,""E10"":55913,""E100"":1,""E102"":2,""E103"":1,""E108"":1,""E109"":1,""E11"":62016,""E110"":2,""E116"":1,""E12"":164993,""E120"":1,""E121"":9,""E13"":70122,""E14"":49707,""E15"":55051,""E16"":56649,""E17"":27601,""E18"":27872,""E19"":19406,""E2"":85584,""E20"":30705,""E21"":13862,""E22"":19105,""E23"":18276,""E24"":27499,""E25"":23501,""E26"":24874,""E27"":60617,""E28"":54922,""E29"":13459,""E3"":81481,""E30"":10342,""E31"":10271,""E32"":9494,""E33"":7236,""E34"":4737,""E35"":4730,""E36"":3735,""E37"":4973,""E38"":2407,""E39"":5458,""E4"":83566,""E40"":5824,""E41"":2486,""E42"":2163,""E43"":5407,""E44"":1131,""E45"":1241,""E46"":1012,""E47"":1455,""E48"":1258,""E49"":650,""E5"":67670,""E50"":1044,""E51"":601,""E52"":550,""E53"":539,""E54"":1189,""E55"":616,""E56"":284,""E57"":273,""E58"":342,""E59"":298,""E6"":54111,""E60"":161,""E61"":145,""E62"":269,""E63"":309,""E64"":110,""E65"":149,""E66"":580,""E67"":689,""E68"":303,""E69"":195,""E7"":93474,""E70"":143,""E71"":123,""E72"":56,""E73"":57,""E74"":48,""E75"":27,""E76"":55,""E77"":17,""E78"":28,""E79"":20,""E8"":102670,""E80"":129,""E81"":7,""E82"":179,""E83"":48,""E84"":2,""E85"":6,""E86"":7,""E87"":16,""E88"":6,""E89"":3,""E9"":55021,""E90"":3,""E91"":6,""E92"":2,""E93"":17,""E94"":1,""E95"":1,""E96"":2,""E99"":1}"
11568195377,    194892,5464613918,1886831.4,PymatchingGapSampler,718a8132762d2b2b533257e27f4255b706a19f885537f70a16478e236fc44e99,"{""c"":""end2end-rotated-HXY-d3-d5-with-syndromes"",""d1"":3,""d2"":5,""d3"":15,""noise"":""uniform_atoms"",""p"":0.001}","{""C0"":12099,""C1"":24124,""C10"":34032,""C100"":24184894,""C101"":31902491,""C102"":59399120,""C103"":39406995,""C104"":26406537,""C105"":54660008,""C106"":32645255,""C107"":41999419,""C108"":50368986,""C109"":42119387,""C11"":34474,""C110"":60931186,""C111"":18285040,""C112"":34466820,""C113"":36233628,""C114"":27603831,""C115"":70698231,""C116"":92064021,""C117"":23271161,""C118"":83318949,""C119"":17530872,""C12"":38645,""C120"":38672636,""C121"":30262705,""C122"":21211636,""C123"":44758764,""C124"":26390253,""C125"":46570352,""C126"":36842730,""C127"":29523726,""C128"":39682533,""C129"":30948629,""C13"":34341,""C130"":59672624,""C131"":28047077,""C132"":70153732,""C133"":60530393,""C134"":39807211,""C135"":72657534,""C136"":38548116,""C137"":33904442,""C138"":3750238375,""C14"":46676,""C15"":51200,""C16"":51802,""C17"":55198,""C18"":64670,""C19"":73327,""C2"":20684,""C20"":105357,""C21"":192576,""C22"":126726,""C23"":195054,""C24"":174971,""C25"":397972,""C26"":447959,""C27"":267289,""C28"":392149,""C29"":489735,""C3"":32662,""C30"":533547,""C31"":882899,""C32"":516367,""C33"":548500,""C34"":453079,""C35"":1068508,""C36"":614669,""C37"":495048,""C38"":849063,""C39"":672282,""C4"":25210,""C40"":509595,""C41"":744191,""C42"":880750,""C43"":563258,""C44"":668251,""C45"":1054009,""C46"":493215,""C47"":922542,""C48"":928533,""C49"":681599,""C5"":31383,""C50"":1092438,""C51"":1140814,""C52"":987810,""C53"":1838814,""C54"":1588463,""C55"":1437808,""C56"":1633068,""C57"":1892946,""C58"":1839812,""C59"":2306883,""C6"":29236,""C60"":2686177,""C61"":2658092,""C62"":2916937,""C63"":2481085,""C64"":2976483,""C65"":3758286,""C66"":2955851,""C67"":3345824,""C68"":4794421,""C69"":3755055,""C7"":32255,""C70"":3941886,""C71"":3384224,""C72"":3953566,""C73"":3966446,""C74"":3731676,""C75"":4824608,""C76"":4295626,""C77"":12850014,""C78"":8118589,""C79"":6956960,""C8"":32763,""C80"":13364449,""C81"":29186715,""C82"":45125165,""C83"":36422952,""C84"":17249019,""C85"":7418166,""C86"":12436674,""C87"":63868215,""C88"":34963614,""C89"":35293020,""C9"":36587,""C90"":51513168,""C91"":17906894,""C92"":22095374,""C93"":34112886,""C94"":13360957,""C95"":36432240,""C96"":37536863,""C97"":13485456,""C98"":50648938,""C99"":43303780,""E0"":11612,""E1"":14449,""E10"":5475,""E100"":1,""E102"":1,""E11"":5023,""E12"":4790,""E13"":3162,""E14"":3595,""E15"":3468,""E16"":2936,""E17"":3087,""E18"":3089,""E19"":2463,""E2"":15878,""E20"":2487,""E21"":3912,""E22"":2087,""E23"":2867,""E24"":2101,""E25"":2630,""E26"":3019,""E27"":2142,""E28"":1562,""E29"":1917,""E3"":16840,""E30"":1949,""E31"":1799,""E32"":1575,""E33"":1280,""E34"":863,""E35"":1300,""E36"":830,""E37"":538,""E38"":659,""E39"":464,""E4"":14251,""E40"":322,""E41"":392,""E42"":335,""E43"":225,""E44"":229,""E45"":220,""E46"":128,""E47"":161,""E48"":127,""E49"":84,""E5"":12142,""E50"":111,""E51"":100,""E52"":82,""E53"":76,""E54"":60,""E55"":63,""E56"":64,""E57"":43,""E58"":62,""E59"":44,""E6"":10168,""E60"":44,""E61"":39,""E62"":27,""E63"":32,""E64"":22,""E65"":29,""E66"":22,""E67"":21,""E68"":19,""E69"":15,""E7"":7912,""E70"":19,""E71"":12,""E72"":10,""E73"":11,""E74"":9,""E75"":7,""E76"":3,""E77"":5,""E78"":5,""E79"":3,""E8"":8034,""E80"":4,""E81"":4,""E82"":4,""E83"":3,""E84"":3,""E85"":1,""E86"":6,""E88"":2,""E89"":3,""E9"":7208,""E90"":1,""E92"":3,""E94"":1,""E95"":1,""E98"":6,""E99"":3}"
3846866464,    102609, 185364168, 91634.7,PymatchingGapSampler,6276a7be6f3e5d1922cd0b66ec82287130407fb235e1863dd1e7bd0edc59a06c,"{""c"":""erasure-checks-HXY-rotated"",""d1"":3,""d2"":7,""noise"":""uniform"",""p"":0.0001}","{""C0"":2517,""C1"":585772,""C10"":3353,""C100"":802296,""C101"":1589630,""C102"":3566117189,""C11"":5325,""C12"":2630,""C13"":4271,""C14"":10007,""C15"":12774,""C16"":11706,""C17"":5204,""C18"":2718,""C19"":5049,""C2"":3556,""C20"":7714,""C21"":25626,""C22"":171951,""C23"":4640,""C24"":28928,""C25"":5373,""C26"":1236013,""C27"":1434251,""C28"":198146,""C29"":497754,""C3"":2015,""C30"":464273,""C31"":562018,""C32"":857237,""C33"":9048,""C34"":2137158,""C35"":1801208,""C36"":201472,""C37"":33862,""C38"":58548,""C39"":184729,""C4"":4386,""C40"":11555,""C41"":2091612,""C42"":12165661,""C43"":11100,""C44"":89027,""C45"":1020526,""C46"":2129641,""C47"":36570,""C48"":59818,""C49"":2221579,""C5"":5124,""C50"":2264560,""C51"":9894,""C52"":11529,""C53"":8338,""C54"":11050,""C55"":7055,""C56"":11236,""C57"":31687,""C58"":9268,""C59"":2112310,""C6"":2378,""C60"":900510,""C61"":3054231,""C62"":726995,""C63"":30279,""C64"":411365,""C65"":199238,""C66"":9758,""C67"":225953,""C68"":1803722,""C69"":1303857,""C7"":33340,""C70"":2525757,""C71"":299423,""C72"":3268200,""C73"":1116197,""C74"":2949421,""C75"":1186819,""C76"":6334597,""C77"":4257719,""C78"":2470040,""C79"":41388,""C8"":7132,""C80"":4775154,""C81"":70836,""C82"":1991441,""C83"":164702,""C84"":3383372,""C85"":2531504,""C86"":393046,""C87"":1409201,""C88"":114487,""C89"":993459,""C9"":7124,""C90"":67901,""C91"":22679,""C92"":960911,""C93"":1006637,""C94"":13322,""C95"":1081527,""C96"":2448278,""C97"":3246133,""C98"":133031,""C99"":17136,""E0"":27260,""E1"":4531,""E10"":564,""E102"":6,""E11"":786,""E12"":552,""E13"":476,""E14"":554,""E15"":1147,""E16"":741,""E17"":830,""E18"":177,""E19"":202,""E2"":2456,""E20"":678,""E21"":210,""E22"":1572,""E23"":84,""E24"":120,""E25"":120,""E26"":5949,""E27"":3700,""E28"":382,""E29"":1627,""E3"":25879,""E30"":1099,""E31"":1206,""E32"":653,""E33"":107,""E34"":3618,""E35"":761,""E36"":168,""E37"":85,""E38"":39,""E39"":290,""E4"":2479,""E40"":32,""E41"":197,""E42"":2405,""E43"":9,""E44"":9,""E45"":119,""E46"":223,""E47"":168,""E48"":8,""E49"":46,""E5"":2499,""E50"":44,""E51"":3,""E53"":20,""E54"":1,""E55"":2,""E56"":2,""E57"":5,""E59"":6,""E6"":926,""E60"":739,""E61"":85,""E62"":14,""E63"":1,""E64"":1,""E66"":1,""E68"":2,""E7"":1632,""E70"":2,""E71"":1,""E74"":1,""E75"":2,""E76"":1,""E8"":991,""E9"":1304}"
1321722333,    102582, 124254258, 31892.8,PymatchingGapSampler,83a54ed62f4d638f9fb658a5c32eb80c3a7e303a7cc0a28c22eeec97724623af,"{""c"":""erasure-checks-HXY-rotated"",""d1"":3,""d2"":7,""noise"":""uniform"",""p"":0.0002}","{""C0"":3264,""C1"":382572,""C10"":4561,""C11"":6831,""C12"":3463,""C13"":6099,""C14"":13385,""C15"":17115,""C16"":15727,""C17"":8087,""C18"":20056,""C19"":117742,""C2"":4694,""C20"":10482,""C21"":20492,""C22"":4371,""C23"":804688,""C24"":935226,""C25"":135331,""C26"":329458,""C27"":304281,""C28"":366850,""C29"":566664,""C3"":2696,""C30"":9903,""C31"":1386678,""C32"":1172549,""C33"":137907,""C34"":28032,""C35"":46067,""C36"":129797,""C37"":15087,""C38"":1363947,""C39"":7873354,""C4"":5513,""C40"":14382,""C41"":87160,""C42"":668047,""C43"":1380296,""C44"":13298,""C45"":46892,""C46"":1439849,""C47"":1463704,""C48"":13940,""C49"":15462,""C5"":6759,""C50"":12039,""C51"":31095,""C52"":11066,""C53"":15154,""C54"":584465,""C55"":626687,""C56"":1825420,""C57"":31554,""C58"":1617419,""C59"":135968,""C6"":3059,""C60"":12920,""C61"":151884,""C62"":1161179,""C63"":846543,""C64"":1626564,""C65"":202196,""C66"":2103855,""C67"":726845,""C68"":1892640,""C69"":769009,""C7"":27783,""C70"":4792065,""C71"":2268717,""C72"":1343680,""C73"":39704,""C74"":3054673,""C75"":61208,""C76"":1281701,""C77"":119837,""C78"":2164006,""C79"":1621750,""C8"":9201,""C80"":260151,""C81"":902002,""C82"":86935,""C83"":645327,""C84"":58585,""C85"":31568,""C86"":682195,""C87"":787471,""C88"":139871,""C89"":712623,""C9"":9239,""C90"":1419908,""C91"":2450243,""C92"":396951,""C93"":1136207780,""E0"":19733,""E1"":6125,""E10"":771,""E11"":995,""E12"":318,""E13"":970,""E14"":1299,""E15"":1630,""E16"":801,""E17"":998,""E18"":370,""E19"":2129,""E2"":3179,""E20"":459,""E21"":141,""E22"":156,""E23"":7668,""E24"":4720,""E25"":527,""E26"":2078,""E27"":1300,""E28"":1662,""E29"":979,""E3"":18247,""E30"":133,""E31"":4545,""E32"":1013,""E33"":218,""E34"":122,""E35"":67,""E36"":372,""E37"":62,""E38"":259,""E39"":3142,""E4"":3217,""E40"":23,""E41"":227,""E42"":164,""E43"":232,""E44"":2,""E45"":12,""E46"":81,""E47"":96,""E48"":5,""E49"":6,""E5"":3332,""E50"":7,""E52"":1,""E53"":9,""E54"":954,""E55"":120,""E56"":32,""E57"":1,""E58"":20,""E59"":1,""E6"":1018,""E61"":1,""E62"":6,""E63"":2,""E64"":7,""E66"":9,""E7"":2243,""E70"":5,""E71"":2,""E74"":2,""E76"":3,""E78"":1,""E8"":1372,""E80"":1,""E83"":1,""E9"":2164,""E91"":1,""E93"":14}"
 687403417,    102467,  94554190, 16877.2,PymatchingGapSampler,380a4eadff8b41f604c2429c24ed1c48c0003556b76649e00430bbd8e702ee6e,"{""c"":""erasure-checks-HXY-rotated"",""d1"":3,""d2"":7,""noise"":""uniform"",""p"":0.0003}","{""C0"":3552,""C1"":284020,""C10"":5390,""C11"":7929,""C12"":4234,""C13"":7109,""C14"":15141,""C15"":20293,""C16"":17826,""C17"":101336,""C18"":5743,""C19"":9180,""C2"":5304,""C20"":26056,""C21"":566928,""C22"":712371,""C23"":103794,""C24"":246205,""C25"":231968,""C26"":10383,""C27"":683321,""C28"":11579,""C29"":26780,""C3"":3053,""C30"":1678359,""C31"":198019,""C32"":116853,""C33"":39317,""C34"":103396,""C35"":19972,""C36"":915396,""C37"":3025731,""C38"":2881507,""C39"":20892,""C4"":6279,""C40"":528828,""C41"":22988,""C42"":1012015,""C43"":18318,""C44"":1082649,""C45"":1072567,""C46"":16319,""C47"":21560,""C48"":23402,""C49"":16360,""C5"":7534,""C50"":309857,""C51"":269695,""C52"":430552,""C53"":265328,""C54"":26249,""C55"":1260113,""C56"":1015536,""C57"":17464,""C58"":820739,""C59"":395588,""C6"":3596,""C60"":1109120,""C61"":455718,""C62"":362747,""C63"":1845519,""C64"":224961,""C65"":1623608,""C66"":1334235,""C67"":3658747,""C68"":302967,""C69"":982537,""C7"":25246,""C70"":682314,""C71"":1587780,""C72"":37908,""C73"":936502,""C74"":527440,""C75"":1752862,""C76"":736488,""C77"":216039,""C78"":514230,""C79"":471702,""C8"":10165,""C80"":60342,""C81"":104160,""C82"":536156,""C83"":565713,""C84"":82752,""C85"":351077,""C86"":602294,""C87"":2221267,""C88"":548061395,""C9"":10296,""E0"":16122,""E1"":7047,""E10"":876,""E11"":1378,""E12"":1012,""E13"":919,""E14"":842,""E15"":2370,""E16"":918,""E17"":2757,""E18"":266,""E19"":260,""E2"":3470,""E20"":510,""E21"":8436,""E22"":5154,""E23"":676,""E24"":2188,""E25"":1795,""E26"":191,""E27"":2785,""E28"":187,""E29"":236,""E3"":13829,""E30"":5743,""E31"":366,""E32"":294,""E33"":93,""E34"":384,""E35"":81,""E36"":279,""E37"":2045,""E38"":1718,""E39"":16,""E4"":3680,""E40"":192,""E41"":55,""E42"":246,""E43"":15,""E44"":99,""E45"":89,""E46"":10,""E47"":18,""E48"":3,""E49"":6,""E5"":3753,""E50"":1068,""E51"":34,""E52"":111,""E53"":5,""E54"":2,""E55"":7,""E56"":18,""E58"":9,""E59"":3,""E6"":1213,""E61"":2,""E62"":2,""E63"":8,""E65"":6,""E66"":5,""E67"":14,""E69"":1,""E7"":2891,""E70"":1,""E71"":1,""E73"":2,""E75"":1,""E78"":1,""E8"":1575,""E84"":1,""E85"":3,""E88"":20,""E9"":2054}"
 312861832,    107624,  68299287,  7626.5,PymatchingGapSampler,a2f4b678b88ada2f5dd3ca9075014c023570ca9a8d3e87a8fb0152c1364f697a,"{""c"":""erasure-checks-HXY-rotated"",""d1"":3,""d2"":7,""noise"":""uniform"",""p"":0.0005}","{""C0"":4225,""C1"":195747,""C10"":6613,""C11"":9785,""C12"":5539,""C13"":9254,""C14"":25819,""C15"":78269,""C16"":21185,""C17"":21239,""C18"":7453,""C19"":406017,""C2"":5996,""C20"":478805,""C21"":70911,""C22"":175332,""C23"":160056,""C24"":189930,""C25"":294632,""C26"":15393,""C27"":689305,""C28"":592729,""C29"":81506,""C3"":3717,""C30"":24551,""C31"":33725,""C32"":80091,""C33"":35678,""C34"":688779,""C35"":3760473,""C36"":155081,""C37"":51439,""C38"":338534,""C39"":688938,""C4"":7187,""C40"":18487,""C41"":36115,""C42"":714939,""C43"":733159,""C44"":20223,""C45"":22265,""C46"":297511,""C47"":330591,""C48"":243487,""C49"":31075,""C5"":8922,""C50"":143245,""C51"":81203,""C52"":672231,""C53"":94445,""C54"":1213688,""C55"":421233,""C56"":795724,""C57"":111705,""C58"":1025179,""C59"":367906,""C6"":4174,""C60"":918318,""C61"":388142,""C62"":2010894,""C63"":1314129,""C64"":769742,""C65"":39100,""C66"":1464472,""C67"":55172,""C68"":626303,""C69"":79703,""C7"":22871,""C70"":977446,""C71"":835537,""C72"":142702,""C73"":438093,""C74"":94768,""C75"":398119,""C76"":110613,""C77"":80863,""C78"":312402,""C79"":565791,""C8"":11853,""C80"":197855,""C81"":215786394,""C9"":12199,""E0"":13334,""E1"":7873,""E10"":1972,""E11"":1464,""E12"":666,""E13"":1448,""E14"":1370,""E15"":4538,""E16"":976,""E17"":867,""E18"":340,""E19"":9524,""E2"":4076,""E20"":6495,""E21"":767,""E22"":2733,""E23"":1828,""E24"":2059,""E25"":1439,""E26"":235,""E27"":5870,""E28"":1357,""E29"":309,""E3"":10475,""E30"":191,""E31"":111,""E32"":479,""E33"":425,""E34"":359,""E35"":3700,""E36"":209,""E37"":26,""E38"":208,""E39"":331,""E4"":4119,""E40"":19,""E41"":20,""E42"":103,""E43"":117,""E44"":15,""E45"":17,""E46"":1204,""E47"":148,""E48"":38,""E49"":7,""E5"":4868,""E50"":11,""E51"":11,""E52"":7,""E53"":2,""E54"":33,""E55"":11,""E56"":4,""E57"":1,""E58"":22,""E59"":5,""E6"":1463,""E60"":9,""E61"":5,""E62"":12,""E63"":7,""E64"":3,""E66"":4,""E67"":2,""E7"":2868,""E70"":1,""E71"":1,""E73"":1,""E75"":1,""E77"":2,""E79"":6,""E8"":1886,""E81"":30,""E9"":2487}"
 106873446,    109898,  41462295,  2562.4,PymatchingGapSampler,c758cf661cef98780387578186e900d966c61ec4cf4e411cb3d9a7e438cd1134,"{""c"":""erasure-checks-HXY-rotated"",""d1"":3,""d2"":7,""noise"":""uniform"",""p"":0.001}","{""C0"":4544,""C1"":104256,""C10"":8945,""C11"":15400,""C12"":35815,""C13"":10829,""C14"":26715,""C15"":26355,""C16"":223614,""C17"":254399,""C18"":44846,""C19"":105596,""C2"":7116,""C20"":95295,""C21"":100580,""C22"":159336,""C23"":18907,""C24"":357978,""C25"":313919,""C26"":49855,""C27"":31318,""C28"":29072,""C29"":62854,""C3"":4374,""C30"":22487,""C31"":363517,""C32"":1973113,""C33"":24464,""C34"":42283,""C35"":181264,""C36"":356413,""C37"":26605,""C38"":32333,""C39"":366107,""C4"":8166,""C40"":505608,""C41"":181814,""C42"":137764,""C43"":25411,""C44"":87131,""C45"":52474,""C46"":30995,""C47"":60001,""C48"":291509,""C49"":533109,""C5"":9891,""C50"":405064,""C51"":374891,""C52"":511562,""C53"":194981,""C54"":452062,""C55"":202221,""C56"":1000748,""C57"":640199,""C58"":381235,""C59"":40248,""C6"":5599,""C60"":700738,""C61"":50583,""C62"":312388,""C63"":63147,""C64"":493591,""C65"":394207,""C66"":119462,""C67"":245559,""C68"":73246,""C69"":179540,""C7"":20983,""C70"":171043,""C71"":127104,""C72"":50709260,""C8"":13432,""C9"":13783,""E0"":9779,""E1"":8507,""E10"":1907,""E11"":1843,""E12"":3295,""E13"":1229,""E14"":1452,""E15"":2382,""E16"":10612,""E17"":7253,""E18"":1062,""E19"":3139,""E2"":5223,""E20"":2368,""E21"":2233,""E22"":1601,""E23"":372,""E24"":6207,""E25"":1565,""E26"":386,""E27"":623,""E28"":248,""E29"":657,""E3"":7306,""E30"":167,""E31"":410,""E32"":4224,""E33"":115,""E34"":46,""E35"":272,""E36"":356,""E37"":44,""E38"":30,""E39"":140,""E4"":4665,""E40"":1333,""E41"":185,""E42"":47,""E43"":15,""E44"":20,""E45"":23,""E46"":8,""E47"":9,""E48"":33,""E49"":24,""E5"":4895,""E50"":22,""E51"":27,""E52"":37,""E53"":20,""E54"":20,""E55"":8,""E56"":28,""E57"":13,""E58"":11,""E59"":1,""E6"":2262,""E60"":11,""E61"":2,""E62"":4,""E63"":3,""E64"":3,""E65"":4,""E66"":2,""E67"":4,""E68"":1,""E69"":3,""E7"":3920,""E70"":9,""E72"":67,""E8"":2313,""E9"":2793}"
  44291686,    115319,  27586566,   942.2,PymatchingGapSampler,326274c14a7d277a9a6236e8e480497b8cca1aa5a7f0b032f5fe441901222e2d,"{""c"":""erasure-checks-HXY-rotated"",""d1"":3,""d2"":7,""noise"":""uniform"",""p"":0.002}","{""C0"":4873,""C1"":54712,""C10"":10435,""C11"":17677,""C12"":9986,""C13"":104775,""C14"":136922,""C15"":46005,""C16"":74549,""C17"":53830,""C18"":56456,""C19"":90581,""C2"":7970,""C20"":24667,""C21"":175344,""C22"":157478,""C23"":35693,""C24"":25296,""C25"":27113,""C26"":46873,""C27"":24574,""C28"":182900,""C29"":901360,""C3"":5750,""C30"":24211,""C31"":38656,""C32"":96302,""C33"":171153,""C34"":86229,""C35"":103420,""C36"":220591,""C37"":170855,""C38"":49924,""C39"":42163,""C4"":9305,""C40"":27854,""C41"":48333,""C42"":133894,""C43"":113987,""C44"":182944,""C45"":59779,""C46"":340412,""C47"":105014,""C48"":315745,""C49"":100695,""C5"":11006,""C50"":505716,""C51"":222624,""C52"":146132,""C53"":36498,""C54"":286101,""C55"":42474,""C56"":146951,""C57"":58518,""C58"":210444,""C59"":166182,""C6"":7885,""C60"":53247,""C61"":149366,""C62"":72451,""C63"":9690967,""C7"":20150,""C8"":16617,""C9"":29187,""E0"":8004,""E1"":9551,""E10"":1917,""E11"":2231,""E12"":1218,""E13"":10236,""E14"":7952,""E15"":3378,""E16"":4180,""E17"":2718,""E18"":2585,""E19"":2070,""E2"":5579,""E20"":1020,""E21"":6177,""E22"":1748,""E23"":588,""E24"":474,""E25"":399,""E26"":737,""E27"":279,""E28"":619,""E29"":4236,""E3"":6268,""E30"":170,""E31"":125,""E32"":365,""E33"":398,""E34"":1164,""E35"":363,""E36"":196,""E37"":159,""E38"":81,""E39"":64,""E4"":5877,""E40"":38,""E41"":25,""E42"":64,""E43"":56,""E44"":41,""E45"":21,""E46"":106,""E47"":29,""E48"":63,""E49"":25,""E5"":5466,""E50"":70,""E51"":34,""E52"":12,""E53"":4,""E54"":25,""E55"":6,""E56"":7,""E57"":5,""E58"":6,""E59"":4,""E6"":2915,""E60"":1,""E61"":18,""E63"":110,""E7"":4324,""E8"":3225,""E9"":5493}"
9276437568,    102378, 139690263,211851.5,PymatchingGapSampler,437a54db80fb228607116327e3a864f92db80695fef184be674cd67b705cf039,"{""c"":""erasure-checks-HXY-rotated"",""d1"":3,""d2"":7,""noise"":""uniform_atoms"",""p"":0.0001}","{""C0"":62072,""C1"":5462,""C10"":7410,""C100"":150330,""C101"":2467024,""C102"":485544,""C103"":200804,""C104"":435921,""C105"":675355,""C106"":501205,""C107"":1211029,""C108"":1685520,""C109"":1393625,""C11"":3958,""C110"":1558751,""C111"":1037990,""C112"":8984522151,""C12"":5417,""C13"":2885,""C14"":5949,""C15"":5896,""C16"":3318,""C17"":2473,""C18"":2831,""C19"":1917,""C2"":6223,""C20"":2782,""C21"":3937,""C22"":1781,""C23"":1546,""C24"":2251,""C25"":2019,""C26"":2660,""C27"":5240,""C28"":64678,""C29"":3728,""C3"":5894,""C30"":5274,""C31"":368741,""C32"":676923,""C33"":9421,""C34"":491979,""C35"":2192803,""C36"":4495248,""C37"":10933,""C38"":321797,""C39"":2640450,""C4"":248989,""C40"":3319662,""C41"":3102301,""C42"":2250653,""C43"":494761,""C44"":2316718,""C45"":2922462,""C46"":4844773,""C47"":135843,""C48"":74045,""C49"":3087635,""C5"":4917,""C50"":201820,""C51"":13347,""C52"":2664714,""C53"":200779,""C54"":13088,""C55"":2899171,""C56"":15371,""C57"":2899742,""C58"":15556,""C59"":9153,""C6"":3962,""C60"":10538,""C61"":10133,""C62"":7817,""C63"":11079,""C64"":13657,""C65"":69967,""C66"":610803,""C67"":192978,""C68"":11439,""C69"":736983,""C7"":5701,""C70"":1460557,""C71"":915680,""C72"":3022182,""C73"":3024185,""C74"":75797,""C75"":5503728,""C76"":6332789,""C77"":1157589,""C78"":2306874,""C79"":4093777,""C8"":6197,""C80"":4533928,""C81"":9091085,""C82"":5845677,""C83"":984126,""C84"":507716,""C85"":198890,""C86"":4326308,""C87"":4402326,""C88"":3912829,""C89"":2968598,""C9"":66476,""C90"":6175882,""C91"":499947,""C92"":7132163,""C93"":5328646,""C94"":3438387,""C95"":3177000,""C96"":23039,""C97"":2471610,""C98"":21548,""C99"":2467689,""E0"":1541,""E1"":2647,""E10"":1499,""E11"":519,""E12"":1183,""E13"":190,""E14"":222,""E15"":660,""E16"":111,""E17"":81,""E18"":213,""E19"":64,""E2"":64646,""E20"":164,""E21"":332,""E22"":72,""E23"":269,""E24"":120,""E25"":142,""E26"":54,""E27"":243,""E28"":209,""E29"":148,""E3"":3758,""E30"":85,""E31"":692,""E32"":1775,""E33"":229,""E34"":1253,""E35"":925,""E36"":2080,""E37"":60,""E38"":71,""E39"":1237,""E4"":3794,""E40"":769,""E41"":473,""E42"":164,""E43"":189,""E44"":248,""E45"":337,""E46"":299,""E47"":5,""E48"":17,""E49"":195,""E5"":2511,""E50"":6,""E52"":51,""E53"":4,""E54"":2,""E55"":11,""E56"":1,""E57"":23,""E59"":7,""E6"":1739,""E60"":1,""E61"":1,""E62"":1,""E65"":3,""E66"":79,""E67"":25,""E7"":1586,""E70"":4,""E71"":5,""E72"":2,""E73"":2,""E75"":1,""E76"":34,""E77"":46,""E79"":1,""E8"":1181,""E81"":3,""E82"":1,""E86"":1,""E88"":1,""E9"":1059,""E90"":1,""E97"":1}"
3299713910,    101307,  98633691, 78028.9,PymatchingGapSampler,6ac27da7e9ad2601b7c31d360de10d8d27da80f7acac74b9bf78d1e4401124cd,"{""c"":""erasure-checks-HXY-rotated"",""d1"":3,""d2"":7,""noise"":""uniform_atoms"",""p"":0.0002}","{""C0"":44475,""C1"":7715,""C10"":10294,""C100"":977850,""C101"":1083316,""C102"":728103,""C103"":3094810873,""C11"":5402,""C12"":7639,""C13"":4150,""C14"":8482,""C15"":8503,""C16"":4899,""C17"":3916,""C18"":5701,""C19"":3813,""C2"":8653,""C20"":4998,""C21"":6566,""C22"":3677,""C23"":4075,""C24"":7652,""C25"":47479,""C26"":5072,""C27"":7589,""C28"":262021,""C29"":478651,""C3"":8338,""C30"":13644,""C31"":349032,""C32"":1535364,""C33"":3142291,""C34"":15501,""C35"":237653,""C36"":1930756,""C37"":2235573,""C38"":2172113,""C39"":1575249,""C4"":176534,""C40"":351944,""C41"":1626957,""C42"":2046088,""C43"":3376296,""C44"":105003,""C45"":61669,""C46"":2150822,""C47"":153823,""C48"":18479,""C49"":1857820,""C5"":7037,""C50"":153984,""C51"":19243,""C52"":2015296,""C53"":22590,""C54"":2017737,""C55"":21663,""C56"":14997,""C57"":19515,""C58"":21547,""C59"":55364,""C6"":5273,""C60"":437268,""C61"":149563,""C62"":18311,""C63"":518229,""C64"":1019864,""C65"":646939,""C66"":2102876,""C67"":2152821,""C68"":69549,""C69"":3785324,""C7"":8074,""C70"":4392565,""C71"":813854,""C72"":1611096,""C73"":2841240,""C74"":3146484,""C75"":6300113,""C76"":4053079,""C77"":695464,""C78"":370293,""C79"":153359,""C8"":8552,""C80"":2993226,""C81"":3057562,""C82"":2709060,""C83"":2065176,""C84"":4592455,""C85"":33207,""C86"":4924450,""C87"":3674247,""C88"":2391485,""C89"":2197727,""C9"":50650,""C90"":1715329,""C91"":117534,""C92"":37109,""C93"":1711292,""C94"":43095,""C95"":1995348,""C96"":672781,""C97"":656212,""C98"":683284,""C99"":1296007,""E0"":2121,""E1"":3931,""E10"":2170,""E103"":1,""E11"":648,""E12"":1640,""E13"":290,""E14"":341,""E15"":986,""E16"":179,""E17"":215,""E18"":567,""E19"":133,""E2"":48109,""E20"":465,""E21"":235,""E22"":215,""E23"":176,""E24"":278,""E25"":302,""E26"":253,""E27"":140,""E28"":995,""E29"":2557,""E3"":5384,""E30"":322,""E31"":1775,""E32"":1249,""E33"":2967,""E34"":100,""E35"":84,""E36"":1734,""E37"":1041,""E38"":604,""E39"":255,""E4"":5326,""E40"":255,""E41"":321,""E42"":457,""E43"":398,""E44"":11,""E45"":24,""E46"":231,""E47"":6,""E48"":2,""E49"":57,""E5"":3460,""E50"":9,""E51"":5,""E52"":23,""E53"":8,""E54"":33,""E55"":2,""E56"":3,""E57"":3,""E59"":1,""E6"":2571,""E60"":81,""E61"":35,""E64"":11,""E65"":8,""E66"":4,""E67"":3,""E69"":1,""E7"":2248,""E70"":32,""E71"":77,""E72"":1,""E75"":2,""E8"":1690,""E81"":1,""E86"":1,""E9"":1443,""E91"":1}"
1734214928,    101990,  77186601, 41943.2,PymatchingGapSampler,031b68a525fda2b345cb64361603c31e9cadd4ac9db8ce1f7eb60ca5432f83a3,"{""c"":""erasure-checks-HXY-rotated"",""d1"":3,""d2"":7,""noise"":""uniform_atoms"",""p"":0.0003}","{""C0"":35421,""C1"":8852,""C10"":12232,""C11"":6657,""C12"":8825,""C13"":4983,""C14"":10411,""C15"":9874,""C16"":6504,""C17"":6509,""C18"":5946,""C19"":5047,""C2"":10045,""C20"":7943,""C21"":7497,""C22"":8284,""C23"":40604,""C24"":6055,""C25"":8085,""C26"":206253,""C27"":371911,""C28"":15999,""C29"":18597,""C3"":9616,""C30"":1446957,""C31"":2436674,""C32"":16931,""C33"":23112,""C34"":1435997,""C35"":1700070,""C36"":1942574,""C37"":834839,""C38"":413772,""C39"":1513449,""C4"":139784,""C40"":34527,""C41"":3133248,""C42"":1123148,""C43"":56356,""C44"":1654859,""C45"":129670,""C46"":28971,""C47"":1433703,""C48"":129661,""C49"":29134,""C5"":8074,""C50"":13176,""C51"":1563986,""C52"":1560727,""C53"":23620,""C54"":25038,""C55"":58945,""C56"":82792,""C57"":282235,""C58"":121856,""C59"":411636,""C6"":6270,""C60"":544797,""C61"":722237,""C62"":567054,""C63"":2717463,""C64"":57346,""C65"":2437014,""C66"":1191747,""C67"":2733328,""C68"":1048857,""C69"":1848762,""C7"":9514,""C70"":2793391,""C71"":795869,""C72"":6429129,""C73"":2029236,""C74"":41691,""C75"":395260,""C76"":762314,""C77"":3249186,""C78"":2220840,""C79"":1830917,""C8"":10110,""C80"":2099053,""C81"":1719008,""C82"":983596,""C83"":2818212,""C84"":4601671,""C85"":1682351,""C86"":108978,""C87"":1332446,""C88"":39937,""C89"":40303,""C9"":42082,""C90"":1556768,""C91"":1559727,""C92"":419369,""C93"":871841,""C94"":1031014,""C95"":942365,""C96"":620888,""C97"":1331410,""C98"":1574041315,""E0"":2504,""E1"":4545,""E10"":2664,""E11"":827,""E12"":1917,""E13"":451,""E14"":428,""E15"":1172,""E16"":539,""E17"":272,""E18"":713,""E19"":181,""E2"":39467,""E20"":389,""E21"":220,""E22"":288,""E23"":484,""E24"":240,""E25"":298,""E26"":1185,""E27"":2911,""E28"":444,""E29"":139,""E3"":6197,""E30"":3433,""E31"":3324,""E32"":172,""E33"":125,""E34"":1954,""E35"":1015,""E36"":990,""E37"":221,""E38"":372,""E39"":450,""E4"":6221,""E40"":48,""E41"":752,""E42"":257,""E43"":39,""E44"":292,""E45"":7,""E46"":16,""E47"":67,""E48"":24,""E49"":8,""E5"":4148,""E50"":16,""E51"":22,""E52"":48,""E53"":5,""E54"":1,""E55"":6,""E56"":90,""E57"":36,""E58"":42,""E59"":1,""E6"":3001,""E60"":15,""E61"":9,""E62"":8,""E63"":5,""E65"":4,""E66"":1,""E67"":59,""E68"":85,""E69"":3,""E7"":2627,""E70"":2,""E71"":2,""E72"":2,""E77"":2,""E8"":1918,""E80"":1,""E83"":1,""E9"":1564,""E90"":2,""E91"":1,""E98"":1}"
 730226346,    101680,  53334647, 18374.3,PymatchingGapSampler,a9eaf4eb2f5378f10ebd326787b15ba71a62673803badb9063d8f3ad2a6fbd71,"{""c"":""erasure-checks-HXY-rotated"",""d1"":3,""d2"":7,""noise"":""uniform_atoms"",""p"":0.0005}","{""C0"":25223,""C1"":9982,""C10"":13939,""C11"":7930,""C12"":10622,""C13"":6514,""C14"":13752,""C15"":12385,""C16"":8319,""C17"":8283,""C18"":8204,""C19"":8025,""C2"":11353,""C20"":14283,""C21"":32638,""C22"":8338,""C23"":10990,""C24"":143983,""C25"":260063,""C26"":17967,""C27"":191138,""C28"":810590,""C29"":1648811,""C3"":11033,""C30"":20666,""C31"":143991,""C32"":975050,""C33"":1214035,""C34"":1143939,""C35"":833034,""C36"":194623,""C37"":863528,""C38"":1082926,""C39"":1758854,""C4"":98605,""C40"":71363,""C41"":49039,""C42"":1113335,""C43"":103179,""C44"":29077,""C45"":969325,""C46"":103871,""C47"":28074,""C48"":1042657,""C49"":37086,""C5"":9227,""C50"":1051143,""C51"":54658,""C52"":241760,""C53"":101767,""C54"":28661,""C55"":287845,""C56"":546183,""C57"":350193,""C58"":1096075,""C59"":1094895,""C6"":7266,""C60"":50935,""C61"":1987413,""C62"":2258491,""C63"":437321,""C64"":847035,""C65"":1454942,""C66"":1623946,""C67"":3215691,""C68"":2076806,""C69"":378060,""C7"":10792,""C70"":216800,""C71"":104893,""C72"":1519198,""C73"":1573922,""C74"":1388125,""C75"":1075787,""C76"":2163703,""C77"":213114,""C78"":2488528,""C79"":1877869,""C8"":11332,""C80"":1262896,""C81"":1115385,""C82"":59051,""C83"":1036792,""C84"":214942,""C85"":1055420,""C86"":469121,""C87"":1322050,""C88"":634061,""C89"":778277,""C9"":33078,""C90"":276120,""C91"":621517828,""E0"":2864,""E1"":5187,""E10"":2928,""E11"":1120,""E12"":2170,""E13"":629,""E14"":1003,""E15"":1280,""E16"":728,""E17"":394,""E18"":525,""E19"":236,""E2"":29976,""E20"":647,""E21"":631,""E22"":409,""E23"":268,""E24"":1310,""E25"":3301,""E26"":541,""E27"":2212,""E28"":1661,""E29"":3959,""E3"":7036,""E30"":153,""E31"":159,""E32"":2357,""E33"":1443,""E34"":824,""E35"":364,""E36"":329,""E37"":507,""E38"":610,""E39"":500,""E4"":7070,""E40"":15,""E41"":50,""E42"":319,""E43"":29,""E44"":9,""E45"":87,""E46"":26,""E47"":8,""E48"":24,""E49"":14,""E5"":4660,""E50"":45,""E51"":7,""E52"":109,""E53"":49,""E54"":1,""E55"":1,""E56"":25,""E57"":14,""E58"":12,""E59"":9,""E6"":3342,""E60"":2,""E61"":5,""E62"":72,""E63"":90,""E64"":3,""E65"":6,""E66"":3,""E67"":8,""E68"":4,""E69"":1,""E7"":3125,""E70"":3,""E72"":1,""E73"":2,""E74"":1,""E76"":4,""E8"":2304,""E9"":1854,""E91"":6}"
 231455880,    110507,  32563222,  6385.9,PymatchingGapSampler,6a77a3415ba795168728c9383574c1525e98d92160a2c9222a382a8b34f151da,"{""c"":""erasure-checks-HXY-rotated"",""d1"":3,""d2"":7,""noise"":""uniform_atoms"",""p"":0.001}","{""C0"":16355,""C1"":11565,""C10"":17082,""C11"":12257,""C12"":14068,""C13"":9909,""C14"":17820,""C15"":16363,""C16"":13308,""C17"":16990,""C18"":26629,""C19"":12589,""C2"":13295,""C20"":18050,""C21"":94736,""C22"":162381,""C23"":21934,""C24"":119418,""C25"":475297,""C26"":956690,""C27"":25015,""C28"":104182,""C29"":568521,""C3"":13048,""C30"":703097,""C31"":671119,""C32"":487421,""C33"":124273,""C34"":512142,""C35"":635916,""C36"":1005657,""C37"":60466,""C38"":48356,""C39"":638175,""C4"":63030,""C40"":83361,""C41"":36322,""C42"":561905,""C43"":89821,""C44"":45034,""C45"":604079,""C46"":166582,""C47"":642856,""C48"":45685,""C49"":185003,""C5"":11380,""C50"":330126,""C51"":218127,""C52"":624834,""C53"":637164,""C54"":63068,""C55"":1127682,""C56"":1261893,""C57"":259355,""C58"":496990,""C59"":818920,""C6"":9047,""C60"":917779,""C61"":1782346,""C62"":1159008,""C63"":236407,""C64"":153341,""C65"":86247,""C66"":842953,""C67"":888256,""C68"":776023,""C69"":619915,""C7"":13260,""C70"":1214845,""C71"":156729,""C72"":1365810,""C73"":1013464,""C74"":783391,""C75"":704739,""C76"":213259,""C77"":685977,""C78"":361441,""C79"":756987,""C8"":13889,""C80"":340678,""C81"":683556,""C82"":166959453,""C9"":26010,""E0"":3562,""E1"":6317,""E10"":3858,""E11"":2071,""E12"":2792,""E13"":1287,""E14"":1093,""E15"":1761,""E16"":681,""E17"":797,""E18"":982,""E19"":580,""E2"":22124,""E20"":524,""E21"":1790,""E22"":3919,""E23"":691,""E24"":2722,""E25"":2015,""E26"":4631,""E27"":254,""E28"":273,""E29"":2711,""E3"":8358,""E30"":1676,""E31"":1033,""E32"":474,""E33"":416,""E34"":598,""E35"":762,""E36"":605,""E37"":44,""E38"":73,""E39"":409,""E4"":8401,""E40"":46,""E41"":23,""E42"":108,""E43"":73,""E44"":21,""E45"":42,""E46"":177,""E47"":140,""E48"":6,""E49"":15,""E5"":5691,""E50"":46,""E51"":20,""E52"":26,""E53"":14,""E54"":2,""E55"":21,""E56"":80,""E57"":137,""E58"":4,""E59"":7,""E6"":4074,""E60"":11,""E61"":15,""E62"":3,""E63"":4,""E64"":2,""E65"":1,""E66"":6,""E67"":2,""E68"":2,""E7"":3827,""E70"":10,""E72"":1,""E73"":2,""E74"":1,""E78"":2,""E8"":3105,""E80"":1,""E81"":2,""E82"":13,""E9"":2440}"
  60952166,    101740,  15934693,  1847.6,PymatchingGapSampler,3818c72f425f7328ad5042c9799add4207825dc9ac65170220f7ec8a425ff762,"{""c"":""erasure-checks-HXY-rotated"",""d1"":3,""d2"":7,""noise"":""uniform_atoms"",""p"":0.002}","{""C0"":8945,""C1"":10493,""C10"":17632,""C11"":13492,""C12"":14983,""C13"":13197,""C14"":22937,""C15"":23428,""C16"":16123,""C17"":16475,""C18"":50921,""C19"":82952,""C2"":12366,""C20"":24956,""C21"":64286,""C22"":217962,""C23"":424237,""C24"":25399,""C25"":63817,""C26"":265384,""C27"":300571,""C28"":302404,""C29"":220355,""C3"":12285,""C30"":67013,""C31"":236604,""C32"":291105,""C33"":434767,""C34"":45950,""C35"":38575,""C36"":279192,""C37"":64876,""C38"":39479,""C39"":254769,""C4"":33911,""C40"":111805,""C41"":60886,""C42"":257162,""C43"":108026,""C44"":377896,""C45"":117490,""C46"":271819,""C47"":286119,""C48"":53477,""C49"":472801,""C5"":11132,""C50"":526889,""C51"":130852,""C52"":224042,""C53"":335816,""C54"":380010,""C55"":897428,""C56"":301150,""C57"":119817,""C58"":92380,""C59"":62650,""C6"":9302,""C60"":342394,""C61"":381812,""C62"":328607,""C63"":269755,""C64"":503090,""C65"":89879,""C66"":566988,""C67"":524755,""C68"":285087,""C69"":361443,""C7"":13292,""C70"":318157,""C71"":152594,""C72"":125441,""C73"":31396296,""C8"":16397,""C9"":18956,""E0"":3493,""E1"":6280,""E10"":4000,""E11"":1920,""E12"":2827,""E13"":1216,""E14"":1570,""E15"":1958,""E16"":1083,""E17"":807,""E18"":1976,""E19"":3646,""E2"":14328,""E20"":974,""E21"":2559,""E22"":2065,""E23"":4160,""E24"":385,""E25"":517,""E26"":2583,""E27"":1587,""E28"":1067,""E29"":515,""E3"":7878,""E30"":423,""E31"":642,""E32"":712,""E33"":597,""E34"":102,""E35"":108,""E36"":370,""E37"":105,""E38"":58,""E39"":136,""E4"":7921,""E40"":235,""E41"":84,""E42"":52,""E43"":50,""E44"":121,""E45"":44,""E46"":52,""E47"":33,""E48"":16,""E49"":39,""E5"":5581,""E50"":100,""E51"":99,""E52"":11,""E53"":10,""E54"":14,""E55"":26,""E56"":11,""E57"":11,""E58"":2,""E59"":1,""E6"":4072,""E60"":10,""E61"":20,""E62"":6,""E63"":3,""E64"":16,""E65"":3,""E66"":7,""E67"":1,""E68"":3,""E7"":4073,""E70"":2,""E71"":1,""E73"":20,""E8"":3787,""E9"":2556}"
 218259865,   1090682,  63160962,  4513.7,PymatchingGapSampler,7974f01dc9daf3bc1ea1b06c5f14ecdf5afd781c271f3b02500cc80ee22beb14,"{""c"":""expanded-injection-ghz"",""d1"":3,""d2"":5,""noise"":""uniform"",""p"":0.001}","{""C0"":35146,""C1"":46131,""C10"":152716,""C11"":424993,""C12"":884362,""C13"":529859,""C14"":48423,""C15"":41480,""C16"":120789,""C17"":33444,""C18"":93306,""C19"":102051,""C2"":31003,""C20"":237519,""C21"":106645,""C22"":108178,""C23"":146936,""C24"":122909,""C25"":2931636,""C26"":5406078,""C27"":3750073,""C28"":778976,""C29"":653481,""C3"":24669,""C30"":127652,""C31"":236015,""C32"":121248,""C33"":232030,""C34"":418605,""C35"":395525,""C36"":433716,""C37"":601070,""C38"":234530,""C39"":301013,""C4"":45712,""C40"":249919,""C41"":81123,""C42"":101127,""C43"":202986,""C44"":2383669,""C45"":2864515,""C46"":460163,""C47"":5149452,""C48"":1428669,""C49"":769665,""C5"":51468,""C50"":243046,""C51"":534291,""C52"":1432012,""C53"":1291831,""C54"":569797,""C55"":266407,""C56"":221666,""C57"":743674,""C58"":1608620,""C59"":504823,""C6"":139325,""C60"":1317873,""C61"":570086,""C62"":1165492,""C63"":2211198,""C64"":1849367,""C65"":105253669,""C7"":111849,""C8"":196114,""C9"":76406,""E0"":8618,""E1"":16408,""E10"":25169,""E11"":12780,""E12"":57703,""E13"":52264,""E14"":11157,""E15"":3315,""E16"":7285,""E17"":2287,""E18"":3912,""E19"":4972,""E2"":18675,""E20"":14642,""E21"":2192,""E22"":4332,""E23"":9615,""E24"":3688,""E25"":21446,""E26"":97981,""E27"":32583,""E28"":4860,""E29"":5479,""E3"":15726,""E30"":818,""E31"":1159,""E32"":890,""E33"":2006,""E34"":659,""E35"":487,""E36"":511,""E37"":931,""E38"":1226,""E39"":977,""E4"":24129,""E40"":304,""E41"":164,""E42"":1900,""E43"":2034,""E44"":8578,""E45"":9763,""E46"":161,""E47"":521,""E48"":260,""E49"":111,""E5"":34531,""E50"":22,""E51"":63,""E52"":117,""E53"":70,""E54"":161,""E55"":19,""E56"":10,""E57"":21,""E58"":66,""E59"":12,""E6"":288840,""E60"":31,""E61"":16,""E62"":25,""E63"":134,""E64"":125,""E65"":659,""E7"":108035,""E8"":143991,""E9"":19056}"
 206331255,   1009868,  59720048, 25920.4,PymatchingGapSampler,e6bae7d34ebf1f76993700cddbb1a1eb1516dd8556aa2f14037f5435413040c0,"{""c"":""expanded-injection-ghz"",""d1"":3,""d2"":11,""noise"":""uniform"",""p"":0.001}","{""C0"":32707,""C1"":42299,""C10"":137710,""C11"":397576,""C12"":830999,""C13"":496151,""C14"":41628,""C15"":35164,""C16"":111997,""C17"":27384,""C18"":56289,""C19"":81336,""C2"":26201,""C20"":216562,""C21"":82245,""C22"":78657,""C23"":129675,""C24"":110973,""C25"":2768501,""C26"":5055175,""C27"":3538927,""C28"":701666,""C29"":602871,""C3"":19855,""C30"":85555,""C31"":83982,""C32"":107670,""C33"":207730,""C34"":365444,""C35"":343485,""C36"":367410,""C37"":550197,""C38"":186209,""C39"":166156,""C4"":39192,""C40"":209494,""C41"":61697,""C42"":79522,""C43"":164062,""C44"":2202786,""C45"":2682502,""C46"":404851,""C47"":4820884,""C48"":1350872,""C49"":706288,""C5"":46096,""C50"":184842,""C51"":482219,""C52"":1252584,""C53"":1092433,""C54"":446186,""C55"":113023,""C56"":152051,""C57"":573231,""C58"":1432475,""C59"":384354,""C6"":130589,""C60"":926245,""C61"":391533,""C62"":963689,""C63"":1942984,""C64"":1687408,""C65"":102238670,""C7"":103161,""C8"":181359,""C9"":67671,""E0"":6989,""E1"":13904,""E10"":23587,""E11"":11433,""E12"":53711,""E13"":49417,""E14"":10150,""E15"":2901,""E16"":6699,""E17"":1809,""E18"":2755,""E19"":4276,""E2"":15935,""E20"":13858,""E21"":1682,""E22"":3720,""E23"":8702,""E24"":3303,""E25"":20130,""E26"":92102,""E27"":31016,""E28"":4576,""E29"":5100,""E3"":13318,""E30"":660,""E31"":539,""E32"":811,""E33"":1876,""E34"":622,""E35"":407,""E36"":451,""E37"":843,""E38"":1131,""E39"":781,""E4"":20668,""E40"":217,""E41"":116,""E42"":1743,""E43"":1924,""E44"":7869,""E45"":9315,""E46"":159,""E47"":452,""E48"":231,""E49"":81,""E5"":31068,""E50"":19,""E51"":50,""E52"":78,""E53"":56,""E54"":162,""E55"":13,""E56"":3,""E57"":15,""E58"":42,""E59"":11,""E6"":272831,""E60"":26,""E61"":7,""E62"":19,""E63"":108,""E64"":97,""E65"":589,""E7"":100504,""E8"":135187,""E9"":17014}"
 629125527,   1001714,  54730753,106469.6,PymatchingGapSampler,297ddbab88354e9e42135ff51510c33c900d25a066e4cedf805da69eb4db261c,"{""c"":""expanded-injection-ghz"",""d1"":3,""d2"":11,""noise"":""uniform_atoms"",""p"":0.001}","{""C0"":17958,""C1"":34475,""C10"":38236,""C11"":53298,""C12"":32714,""C13"":254524,""C14"":50370,""C15"":83983,""C16"":60585,""C17"":179456,""C18"":61421,""C19"":354572,""C2"":35327,""C20"":252548,""C21"":453316,""C22"":57880,""C23"":155731,""C24"":308996,""C25"":380974,""C26"":244767,""C27"":631681,""C28"":802455,""C29"":646825,""C3"":36861,""C30"":1023004,""C31"":662371,""C32"":779926,""C33"":1301486,""C34"":827371,""C35"":3080073,""C36"":2458095,""C37"":2703946,""C38"":114251,""C39"":2345347,""C4"":279392,""C40"":317717,""C41"":919654,""C42"":167832,""C43"":1270319,""C44"":425173,""C45"":1534390,""C46"":1413866,""C47"":222286,""C48"":182345,""C49"":756405,""C5"":31265,""C50"":192154,""C51"":217974,""C52"":928178,""C53"":316359,""C54"":3278404,""C55"":379220,""C56"":1369303,""C57"":740830,""C58"":3299717,""C59"":4234790,""C6"":49911,""C60"":1038703,""C61"":1169209,""C62"":2144873,""C63"":1851367,""C64"":3405001,""C65"":1897492,""C66"":1548870,""C67"":1733647,""C68"":3664618,""C69"":3679523,""C7"":49276,""C70"":5960453,""C71"":5140264,""C72"":1948013,""C73"":5235357,""C74"":2173599,""C75"":2945908,""C76"":6917078,""C77"":5950687,""C78"":2146887,""C79"":2258502,""C8"":156568,""C80"":2747056,""C81"":1358726,""C82"":5147098,""C83"":2397850,""C84"":344568,""C85"":4388574,""C86"":2609604,""C87"":2605854,""C88"":849148,""C89"":2464341,""C9"":27356,""C90"":2884498,""C91"":3811294,""C92"":1351588,""C93"":4832130,""C94"":429505173,""E0"":13305,""E1"":238741,""E10"":6572,""E11"":9026,""E12"":5509,""E13"":8646,""E14"":7184,""E15"":4992,""E16"":5910,""E17"":2775,""E18"":4728,""E19"":4410,""E2"":69169,""E20"":2619,""E21"":7653,""E22"":4671,""E23"":208690,""E24"":1912,""E25"":3675,""E26"":1989,""E27"":6770,""E28"":7233,""E29"":5801,""E3"":26592,""E30"":6562,""E31"":1702,""E32"":5239,""E33"":2387,""E34"":4114,""E35"":4610,""E36"":2409,""E37"":2324,""E38"":682,""E39"":2485,""E4"":14050,""E40"":434,""E41"":308,""E42"":152,""E43"":249,""E44"":273,""E45"":1446,""E46"":805,""E47"":97,""E48"":68,""E49"":184,""E5"":224141,""E50"":269,""E51"":184,""E52"":153,""E53"":232,""E54"":880,""E55"":197,""E56"":538,""E57"":116,""E58"":151,""E59"":836,""E6"":16386,""E60"":541,""E61"":1196,""E62"":123,""E63"":278,""E64"":13,""E65"":13,""E66"":13,""E67"":13,""E68"":11,""E69"":7,""E7"":22344,""E70"":15,""E71"":13,""E72"":2,""E73"":18,""E74"":4,""E75"":7,""E76"":10,""E77"":4,""E78"":1,""E79"":1,""E8"":15131,""E80"":4,""E82"":1,""E83"":2,""E85"":2,""E86"":3,""E87"":1,""E9"":8686,""E90"":2,""E91"":1,""E93"":1,""E94"":18}"
 206391261,   1010652,  59737605, 63047.6,PymatchingGapSampler,8b500331176772e7d615f7e790590cf0a9da1fc2bffa52ab77973787c58076b1,"{""c"":""expanded-injection-ghz"",""d1"":3,""d2"":15,""noise"":""uniform"",""p"":0.001}","{""C0"":32954,""C1"":41739,""C10"":138163,""C11"":396889,""C12"":829944,""C13"":496124,""C14"":41859,""C15"":35447,""C16"":111936,""C17"":27481,""C18"":56140,""C19"":81679,""C2"":26344,""C20"":217261,""C21"":82155,""C22"":78779,""C23"":130370,""C24"":111114,""C25"":2771936,""C26"":5055096,""C27"":3541820,""C28"":701222,""C29"":603744,""C3"":19803,""C30"":85444,""C31"":83498,""C32"":107989,""C33"":208474,""C34"":364979,""C35"":343324,""C36"":368806,""C37"":549505,""C38"":185315,""C39"":166484,""C4"":39164,""C40"":208903,""C41"":61351,""C42"":78969,""C43"":164019,""C44"":2202657,""C45"":2684316,""C46"":404631,""C47"":4831292,""C48"":1351192,""C49"":705028,""C5"":45679,""C50"":185141,""C51"":482396,""C52"":1251356,""C53"":1091484,""C54"":447566,""C55"":113446,""C56"":152168,""C57"":571750,""C58"":1434131,""C59"":383148,""C6"":130657,""C60"":927662,""C61"":389876,""C62"":963279,""C63"":1944310,""C64"":1683845,""C65"":102266846,""C7"":103314,""C8"":181595,""C9"":68016,""E0"":7026,""E1"":13833,""E10"":23367,""E11"":11465,""E12"":53530,""E13"":49025,""E14"":10197,""E15"":2912,""E16"":6684,""E17"":1892,""E18"":2859,""E19"":4293,""E2"":16096,""E20"":14009,""E21"":1677,""E22"":3686,""E23"":9013,""E24"":3400,""E25"":20202,""E26"":91833,""E27"":30834,""E28"":4442,""E29"":5103,""E3"":13382,""E30"":603,""E31"":514,""E32"":873,""E33"":1972,""E34"":599,""E35"":407,""E36"":442,""E37"":810,""E38"":1109,""E39"":801,""E4"":20577,""E40"":229,""E41"":113,""E42"":1777,""E43"":1852,""E44"":8118,""E45"":9248,""E46"":151,""E47"":431,""E48"":260,""E49"":84,""E5"":31226,""E50"":17,""E51"":51,""E52"":69,""E53"":48,""E54"":134,""E55"":9,""E56"":10,""E57"":28,""E58"":65,""E59"":12,""E6"":273012,""E60"":30,""E61"":9,""E62"":26,""E63"":128,""E64"":126,""E65"":597,""E7"":101048,""E8"":135328,""E9"":16949}"
 467445896,   1049433, 211482070,  7771.6,PymatchingGapSampler,35483f5b941cb2d91121eb29f2d7100f3647c13047f82c7826085a242a61629d,"{""c"":""expanded-injection-syndrome-ghz"",""d1"":3,""d2"":5,""noise"":""uniform"",""p"":0.001}","{""C0"":12185,""C1"":18389,""C10"":64012,""C11"":278107,""C12"":166929,""C13"":56286,""C14"":489764,""C15"":1544194,""C16"":876673,""C17"":101922,""C18"":175497,""C19"":116749,""C2"":59211,""C20"":238306,""C21"":315077,""C22"":174576,""C23"":128520,""C24"":172457,""C25"":123113,""C26"":11603270,""C27"":4277107,""C28"":312665,""C29"":149260,""C3"":77435,""C30"":1967125,""C31"":383515,""C32"":202144,""C33"":140947,""C34"":817792,""C35"":675569,""C36"":800447,""C37"":1057346,""C38"":348653,""C39"":322164,""C4"":53792,""C40"":198193,""C41"":310556,""C42"":538279,""C43"":181731,""C44"":425121,""C45"":451318,""C46"":6025315,""C47"":5589882,""C48"":2888431,""C49"":2509450,""C5"":251194,""C50"":917304,""C51"":371955,""C52"":1327813,""C53"":3066882,""C54"":2129247,""C55"":382593,""C56"":372769,""C57"":560190,""C58"":1121711,""C59"":2604039,""C6"":211824,""C60"":2003553,""C61"":1800522,""C62"":2032150,""C63"":2381709,""C64"":1312015,""C65"":1388134,""C66"":1290387,""C67"":4194803,""C68"":177547642,""C7"":84384,""C8"":66554,""C9"":75545,""E0"":11106,""E1"":15929,""E10"":12443,""E11"":22327,""E12"":17390,""E13"":6229,""E14"":8907,""E15"":49547,""E16"":47805,""E17"":6185,""E18"":5322,""E19"":3481,""E2"":34408,""E20"":10044,""E21"":7145,""E22"":5544,""E23"":2511,""E24"":2625,""E25"":4643,""E26"":99107,""E27"":16878,""E28"":2255,""E29"":962,""E3"":25558,""E30"":5200,""E31"":1454,""E32"":1009,""E33"":465,""E34"":745,""E35"":921,""E36"":1270,""E37"":2148,""E38"":456,""E39"":729,""E4"":166900,""E40"":198,""E41"":1063,""E42"":291,""E43"":122,""E44"":216,""E45"":928,""E46"":7406,""E47"":571,""E48"":203,""E49"":229,""E5"":204201,""E50"":103,""E51"":47,""E52"":92,""E53"":135,""E54"":177,""E55"":18,""E56"":21,""E57"":26,""E58"":20,""E59"":59,""E6"":124906,""E60"":35,""E61"":34,""E62"":27,""E63"":74,""E64"":23,""E65"":13,""E66"":17,""E67"":110,""E68"":329,""E7"":24213,""E8"":25549,""E9"":58329}"
 466994312,   1010088, 211272402, 48051.7,PymatchingGapSampler,75b24252a4878d4b5344d7fdb72cd8f84daf7ef01f529aefbda15e00ef4158bf,"{""c"":""expanded-injection-syndrome-ghz"",""d1"":3,""d2"":11,""noise"":""uniform"",""p"":0.001}","{""C0"":11026,""C1"":14722,""C10"":52067,""C11"":269073,""C12"":157646,""C13"":46441,""C14"":484462,""C15"":1535445,""C16"":873884,""C17"":95337,""C18"":120319,""C19"":91508,""C2"":54273,""C20"":224087,""C21"":282541,""C22"":131267,""C23"":113576,""C24"":162449,""C25"":109450,""C26"":11495176,""C27"":4262210,""C28"":246520,""C29"":119591,""C3"":71419,""C30"":1906437,""C31"":133996,""C32"":189093,""C33"":119578,""C34"":766073,""C35"":620606,""C36"":730409,""C37"":1023482,""C38"":282034,""C39"":111614,""C4"":47698,""C40"":148348,""C41"":285584,""C42"":509142,""C43"":131870,""C44"":303102,""C45"":362562,""C46"":6011735,""C47"":5487169,""C48"":2885976,""C49"":2476059,""C5"":246391,""C50"":840651,""C51"":326140,""C52"":1123072,""C53"":2834865,""C54"":1966613,""C55"":129255,""C56"":272944,""C57"":287257,""C58"":914824,""C59"":2490919,""C6"":207386,""C60"":1425024,""C61"":1537165,""C62"":1775259,""C63"":2092141,""C64"":1139692,""C65"":1191106,""C66"":969916,""C67"":4280101,""C68"":182898566,""C7"":78542,""C8"":58895,""C9"":68042,""E0"":9166,""E1"":13040,""E10"":11449,""E11"":21283,""E12"":16126,""E13"":5248,""E14"":8102,""E15"":48717,""E16"":47557,""E17"":5749,""E18"":3956,""E19"":3160,""E2"":31549,""E20"":9650,""E21"":6611,""E22"":4961,""E23"":2226,""E24"":2400,""E25"":4401,""E26"":97577,""E27"":16619,""E28"":1969,""E29"":802,""E3"":21974,""E30"":4787,""E31"":537,""E32"":974,""E33"":427,""E34"":723,""E35"":868,""E36"":1155,""E37"":2098,""E38"":343,""E39"":542,""E4"":162853,""E40"":181,""E41"":989,""E42"":256,""E43"":101,""E44"":183,""E45"":861,""E46"":7718,""E47"":517,""E48"":160,""E49"":206,""E5"":200832,""E50"":82,""E51"":15,""E52"":55,""E53"":123,""E54"":149,""E55"":9,""E56"":11,""E57"":11,""E58"":20,""E59"":49,""E6"":124045,""E60"":13,""E61"":36,""E62"":20,""E63"":61,""E64"":20,""E65"":5,""E66"":18,""E67"":116,""E68"":323,""E7"":22154,""E8"":24213,""E9"":56937}"
 901656930,   1005473, 137861326,144166.0,PymatchingGapSampler,8c11ee6c0408c27b4b58c4bc997aac034ed7076c50ec0bce350d07499d0f5e6e,"{""c"":""expanded-injection-syndrome-ghz"",""d1"":3,""d2"":11,""noise"":""uniform_atoms"",""p"":0.001}","{""C0"":25716,""C1"":317575,""C10"":55552,""C11"":497031,""C12"":115001,""C13"":128080,""C14"":50457,""C15"":60914,""C16"":55903,""C17"":185383,""C18"":65660,""C19"":84353,""C2"":166782,""C20"":75453,""C21"":59862,""C22"":79959,""C23"":59544,""C24"":81894,""C25"":335692,""C26"":753757,""C27"":1565066,""C28"":969913,""C29"":121826,""C3"":54657,""C30"":1249593,""C31"":1300831,""C32"":1912678,""C33"":3054003,""C34"":1096613,""C35"":2348413,""C36"":3236155,""C37"":2379582,""C38"":177411,""C39"":3126743,""C4"":77067,""C40"":224439,""C41"":1294075,""C42"":479876,""C43"":1723176,""C44"":374976,""C45"":2031794,""C46"":1765712,""C47"":164688,""C48"":236670,""C49"":654838,""C5"":41197,""C50"":570018,""C51"":280754,""C52"":1129246,""C53"":409958,""C54"":4072331,""C55"":339063,""C56"":1506015,""C57"":972653,""C58"":4205250,""C59"":5486710,""C6"":52861,""C60"":489019,""C61"":1724380,""C62"":2993300,""C63"":2258679,""C64"":5521161,""C65"":2273144,""C66"":2423390,""C67"":3513337,""C68"":3075420,""C69"":3507772,""C7"":238922,""C70"":5104268,""C71"":6769343,""C72"":2653035,""C73"":8848497,""C74"":5296594,""C75"":3937515,""C76"":7400388,""C77"":6240903,""C78"":1178913,""C79"":3672369,""C8"":197502,""C80"":3696492,""C81"":1840489,""C82"":6891364,""C83"":3265440,""C84"":344818,""C85"":5744110,""C86"":3513970,""C87"":3366815,""C88"":983519,""C89"":2807530,""C9"":33623,""C90"":2724014,""C91"":4524896,""C92"":1715786,""C93"":7293551,""C94"":2200335,""C95"":578584109,""E0"":20222,""E1"":47867,""E10"":6053,""E11"":9658,""E12"":8703,""E13"":10006,""E14"":6272,""E15"":5296,""E16"":3328,""E17"":5388,""E18"":4102,""E19"":4089,""E2"":94084,""E20"":4439,""E21"":3729,""E22"":139383,""E23"":3952,""E24"":2588,""E25"":3134,""E26"":5304,""E27"":144923,""E28"":9448,""E29"":2788,""E3"":316323,""E30"":7547,""E31"":3533,""E32"":9744,""E33"":3826,""E34"":4106,""E35"":3605,""E36"":2790,""E37"":2988,""E38"":287,""E39"":2419,""E4"":11756,""E40"":675,""E41"":263,""E42"":164,""E43"":260,""E44"":197,""E45"":469,""E46"":313,""E47"":68,""E48"":73,""E49"":83,""E5"":18887,""E50"":198,""E51"":53,""E52"":534,""E53"":51,""E54"":108,""E55"":78,""E56"":510,""E57"":80,""E58"":115,""E59"":165,""E6"":15542,""E60"":213,""E61"":1351,""E62"":254,""E63"":145,""E64"":680,""E65"":20,""E66"":24,""E67"":30,""E68"":17,""E69"":10,""E7"":27075,""E70"":13,""E71"":14,""E72"":8,""E73"":30,""E74"":9,""E75"":7,""E76"":5,""E77"":5,""E78"":1,""E79"":1,""E8"":15852,""E80"":1,""E82"":1,""E85"":1,""E87"":1,""E88"":1,""E89"":1,""E9"":7125,""E93"":2,""E95"":10}"
 467703328,   1011926, 211590128,118231.4,PymatchingGapSampler,2cab521f7bbdfb2b6bdb70406e35f06fae523b5730c3af8290c6fa0ad7e3cd45,"{""c"":""expanded-injection-syndrome-ghz"",""d1"":3,""d2"":15,""noise"":""uniform"",""p"":0.001}","{""C0"":11185,""C1"":14789,""C10"":51986,""C11"":269593,""C12"":157947,""C13"":46415,""C14"":485087,""C15"":1538519,""C16"":871947,""C17"":95402,""C18"":119745,""C19"":91846,""C2"":54466,""C20"":224685,""C21"":283213,""C22"":131535,""C23"":113508,""C24"":162013,""C25"":109595,""C26"":11508357,""C27"":4270355,""C28"":246332,""C29"":119773,""C3"":70533,""C30"":1909773,""C31"":134175,""C32"":189863,""C33"":119284,""C34"":767400,""C35"":622816,""C36"":731125,""C37"":1023425,""C38"":281707,""C39"":111743,""C4"":47154,""C40"":147744,""C41"":286172,""C42"":509720,""C43"":132207,""C44"":304598,""C45"":363030,""C46"":6016613,""C47"":5491927,""C48"":2886995,""C49"":2482264,""C5"":246588,""C50"":842794,""C51"":327844,""C52"":1126955,""C53"":2839631,""C54"":1969568,""C55"":128724,""C56"":272370,""C57"":286050,""C58"":919328,""C59"":2496197,""C6"":208163,""C60"":1425272,""C61"":1541356,""C62"":1775869,""C63"":2093604,""C64"":1144517,""C65"":1190079,""C66"":971849,""C67"":4283569,""C68"":183196688,""C7"":78619,""C8"":59123,""C9"":67956,""E0"":9272,""E1"":13083,""E10"":11533,""E11"":21328,""E12"":16229,""E13"":5373,""E14"":8034,""E15"":48845,""E16"":47811,""E17"":5690,""E18"":4002,""E19"":3090,""E2"":31535,""E20"":9584,""E21"":6533,""E22"":4799,""E23"":2301,""E24"":2402,""E25"":4432,""E26"":98017,""E27"":16718,""E28"":1960,""E29"":818,""E3"":22330,""E30"":4884,""E31"":523,""E32"":955,""E33"":429,""E34"":740,""E35"":832,""E36"":1142,""E37"":2015,""E38"":328,""E39"":477,""E4"":162657,""E40"":185,""E41"":1026,""E42"":239,""E43"":94,""E44"":171,""E45"":911,""E46"":7739,""E47"":531,""E48"":177,""E49"":226,""E5"":202232,""E50"":64,""E51"":25,""E52"":77,""E53"":106,""E54"":170,""E55"":17,""E56"":9,""E57"":13,""E58"":21,""E59"":46,""E6"":123670,""E60"":16,""E61"":28,""E62"":29,""E63"":57,""E64"":16,""E65"":9,""E66"":10,""E67"":83,""E68"":347,""E7"":22147,""E8"":23905,""E9"":56829}"
 986164582,   1008781, 447286816, 11279.9,PymatchingGapSampler,7ce42d6eb57c5cefb35da047367cb45b5dd8214723849c117648fd27741942d3,"{""c"":""expanded-rotated-init-x-injection-double-HXY"",""d1"":3,""d2"":5,""noise"":""uniform"",""p"":0.001}","{""C0"":40409,""C1"":1044195,""C10"":79271,""C11"":382162,""C12"":64867,""C13"":275019,""C14"":337082,""C15"":434224,""C16"":1787965,""C17"":2498501,""C18"":140794,""C19"":1876838,""C2"":49683,""C20"":151865,""C21"":2261025,""C22"":451653,""C23"":214827,""C24"":3487678,""C25"":1329553,""C26"":1171832,""C27"":383403,""C28"":420983,""C29"":736156,""C3"":67833,""C30"":9735765,""C31"":7828711,""C32"":1055741,""C33"":457537,""C34"":2317954,""C35"":1709168,""C36"":4222394,""C37"":514504,""C38"":343742,""C39"":4779634,""C4"":135737,""C40"":257794,""C41"":1898964,""C42"":688213,""C43"":555316,""C44"":530593,""C45"":1802232,""C46"":315836,""C47"":839523,""C48"":2515607,""C49"":2767823,""C5"":82211,""C50"":388282,""C51"":8033339,""C52"":788048,""C53"":2534254,""C54"":4017256,""C55"":6012039,""C56"":2480756,""C57"":995482,""C58"":1878591,""C59"":7064606,""C6"":60102,""C60"":2032806,""C61"":2629137,""C62"":1804758,""C63"":4033637,""C64"":1641626,""C65"":292658,""C66"":2511495,""C67"":991837,""C68"":1916055,""C69"":3576837,""C7"":100313,""C70"":1523818,""C71"":415261238,""C8"":127281,""C9"":129917,""E0"":81749,""E1"":87547,""E10"":17022,""E11"":38619,""E12"":10070,""E13"":24179,""E14"":19803,""E15"":33763,""E16"":73257,""E17"":69771,""E18"":6693,""E19"":52214,""E2"":29686,""E20"":3792,""E21"":30248,""E22"":8019,""E23"":3957,""E24"":62321,""E25"":9562,""E26"":10757,""E27"":3655,""E28"":7508,""E29"":2758,""E3"":44076,""E30"":25993,""E31"":17076,""E32"":3804,""E33"":1152,""E34"":2209,""E35"":2758,""E36"":3440,""E37"":706,""E38"":716,""E39"":14773,""E4"":58521,""E40"":206,""E41"":1688,""E42"":370,""E43"":257,""E44"":235,""E45"":330,""E46"":91,""E47"":108,""E48"":255,""E49"":266,""E5"":32468,""E50"":150,""E51"":715,""E52"":85,""E53"":227,""E54"":248,""E55"":260,""E56"":140,""E57"":43,""E58"":110,""E59"":77,""E6"":29799,""E60"":45,""E61"":32,""E62"":54,""E63"":42,""E64"":22,""E65"":9,""E66"":48,""E67"":16,""E68"":70,""E69"":16,""E7"":29495,""E70"":12,""E71"":771,""E8"":29628,""E9"":18219}"
 990337467,   1014765, 449211964, 55335.7,PymatchingGapSampler,cafa43f8a45375ff96db3649e7460a22468d4b1093e8d03fbc558d0ca2c6222d,"{""c"":""expanded-rotated-init-x-injection-double-HXY"",""d1"":3,""d2"":11,""noise"":""uniform"",""p"":0.001}","{""C0"":40177,""C1"":1046509,""C10"":73021,""C11"":381207,""C12"":48235,""C13"":168302,""C14"":350963,""C15"":418756,""C16"":1870255,""C17"":2670905,""C18"":128776,""C19"":1749036,""C2"":34708,""C20"":95529,""C21"":2224399,""C22"":152500,""C23"":182735,""C24"":3413959,""C25"":2554588,""C26"":502691,""C27"":262355,""C28"":343068,""C29"":360450,""C3"":74224,""C30"":8678382,""C31"":9725612,""C32"":2019921,""C33"":161016,""C34"":417866,""C35"":1506751,""C36"":2864416,""C37"":231149,""C38"":273349,""C39"":7442554,""C4"":67108,""C40"":496180,""C41"":1726867,""C42"":455172,""C43"":467111,""C44"":660405,""C45"":774716,""C46"":290159,""C47"":256089,""C48"":3404515,""C49"":5326495,""C5"":61569,""C50"":1268243,""C51"":7090279,""C52"":1950492,""C53"":3696764,""C54"":4180790,""C55"":5959162,""C56"":2038675,""C57"":3676889,""C58"":2407474,""C59"":3850406,""C6"":52746,""C60"":5072354,""C61"":356121,""C62"":1402661,""C63"":3311661,""C64"":1901589,""C65"":2097317,""C66"":642825,""C67"":4182975,""C68"":1188087,""C69"":2521850,""C7"":167563,""C70"":507974,""C71"":413867875,""C8"":129858,""C9"":133358,""E0"":86516,""E1"":87694,""E10"":14478,""E11"":39005,""E12"":9414,""E13"":19061,""E14"":20934,""E15"":32982,""E16"":77428,""E17"":74302,""E18"":5226,""E19"":48459,""E2"":25858,""E20"":2648,""E21"":33211,""E22"":3781,""E23"":4504,""E24"":62185,""E25"":12783,""E26"":8013,""E27"":2129,""E28"":6260,""E29"":1479,""E3"":77035,""E30"":24283,""E31"":18554,""E32"":3951,""E33"":715,""E34"":637,""E35"":2337,""E36"":2904,""E37"":446,""E38"":377,""E39"":15294,""E4"":52643,""E40"":414,""E41"":1723,""E42"":461,""E43"":138,""E44"":253,""E45"":101,""E46"":75,""E47"":58,""E48"":326,""E49"":260,""E5"":25478,""E50"":109,""E51"":652,""E52"":76,""E53"":167,""E54"":221,""E55"":244,""E56"":124,""E57"":73,""E58"":84,""E59"":57,""E6"":23510,""E60"":63,""E61"":8,""E62"":25,""E63"":38,""E64"":15,""E65"":28,""E66"":21,""E67"":29,""E68"":59,""E69"":11,""E7"":30980,""E70"":14,""E71"":772,""E8"":23585,""E9"":26987}"
1994289213,   1004100, 281047940,149040.8,PymatchingGapSampler,ae3f1bfc426c1b572024ff4bf48105f77475ec6c37d17573c377b42e1ffa796f,"{""c"":""expanded-rotated-init-x-injection-double-HXY"",""d1"":3,""d2"":11,""noise"":""uniform_atoms"",""p"":0.001}","{""C0"":136147,""C1"":97783,""C10"":183246,""C11"":110993,""C12"":129489,""C13"":102619,""C14"":161086,""C15"":150493,""C16"":126312,""C17"":186350,""C18"":238508,""C19"":108299,""C2"":106346,""C20"":180904,""C21"":852166,""C22"":1409678,""C23"":249937,""C24"":1051372,""C25"":4161467,""C26"":8278058,""C27"":215862,""C28"":911411,""C29"":4943432,""C3"":152577,""C30"":6101433,""C31"":5885569,""C32"":4262083,""C33"":1123717,""C34"":4485930,""C35"":5556891,""C36"":8674994,""C37"":628139,""C38"":497282,""C39"":5554921,""C4"":546163,""C40"":781879,""C41"":369787,""C42"":4877250,""C43"":905004,""C44"":451831,""C45"":5220435,""C46"":1562421,""C47"":5613938,""C48"":554313,""C49"":3375500,""C5"":113512,""C50"":2939937,""C51"":1968156,""C52"":4642732,""C53"":5570398,""C54"":9001725,""C55"":3768698,""C56"":7107731,""C57"":4150657,""C58"":3960458,""C59"":11301625,""C6"":88950,""C60"":8055586,""C61"":15616400,""C62"":12019860,""C63"":1454059,""C64"":6681875,""C65"":1053468,""C66"":5498900,""C67"":7332478,""C68"":6453152,""C69"":5401507,""C7"":132936,""C70"":13394842,""C71"":793797,""C72"":11053269,""C73"":8846216,""C74"":9941025,""C75"":4485285,""C76"":2041469,""C77"":9891198,""C78"":2735748,""C79"":6269095,""C8"":159428,""C80"":3931620,""C81"":13946927,""C82"":1408950245,""C9"":208194,""E0"":30265,""E1"":49918,""E10"":35461,""E11"":17532,""E12"":25087,""E13"":12197,""E14"":9643,""E15"":15544,""E16"":6977,""E17"":8561,""E18"":9780,""E19"":5416,""E2"":192362,""E20"":4760,""E21"":17627,""E22"":34248,""E23"":6368,""E24"":23928,""E25"":17664,""E26"":40773,""E27"":2255,""E28"":3264,""E29"":24402,""E3"":90047,""E30"":14235,""E31"":8995,""E32"":4227,""E33"":3770,""E34"":5324,""E35"":6782,""E36"":5420,""E37"":522,""E38"":826,""E39"":3509,""E4"":73068,""E40"":549,""E41"":306,""E42"":876,""E43"":701,""E44"":200,""E45"":407,""E46"":1344,""E47"":1154,""E48"":116,""E49"":224,""E5"":52615,""E50"":347,""E51"":216,""E52"":246,""E53"":174,""E54"":198,""E55"":111,""E56"":693,""E57"":1024,""E58"":55,""E59"":82,""E6"":39740,""E60"":65,""E61"":112,""E62"":99,""E63"":34,""E64"":36,""E65"":6,""E66"":77,""E67"":43,""E68"":16,""E69"":13,""E7"":35103,""E70"":70,""E71"":7,""E72"":25,""E73"":7,""E74"":28,""E75"":21,""E77"":6,""E78"":4,""E79"":2,""E8"":35936,""E80"":3,""E81"":3,""E82"":98,""E9"":20151}"
 979433515,   1003553, 444261429,118161.1,PymatchingGapSampler,7e787bbc5f560665f038f45d879aa1254479480899477a245a054685a1eaa3d4,"{""c"":""expanded-rotated-init-x-injection-double-HXY"",""d1"":3,""d2"":15,""noise"":""uniform"",""p"":0.001}","{""C0"":40093,""C1"":1034004,""C10"":72227,""C11"":379658,""C12"":47782,""C13"":166765,""C14"":346591,""C15"":413315,""C16"":1853421,""C17"":2645700,""C18"":128447,""C19"":1728035,""C2"":34194,""C20"":95009,""C21"":2198397,""C22"":150524,""C23"":180334,""C24"":3378409,""C25"":2525322,""C26"":495986,""C27"":260150,""C28"":340232,""C29"":358039,""C3"":74123,""C30"":8572760,""C31"":9611492,""C32"":1995604,""C33"":158744,""C34"":414478,""C35"":1489301,""C36"":2833871,""C37"":229403,""C38"":272247,""C39"":7354670,""C4"":66559,""C40"":494212,""C41"":1703436,""C42"":452303,""C43"":464918,""C44"":655736,""C45"":773408,""C46"":290924,""C47"":251752,""C48"":3367890,""C49"":5264369,""C5"":61407,""C50"":1255959,""C51"":7010992,""C52"":1945746,""C53"":3679579,""C54"":4124666,""C55"":5883781,""C56"":2019820,""C57"":3633054,""C58"":2379781,""C59"":3827143,""C6"":51998,""C60"":5052650,""C61"":371678,""C62"":1385599,""C63"":3276984,""C64"":1856754,""C65"":2074964,""C66"":640499,""C67"":4179332,""C68"":1178256,""C69"":2553193,""C7"":166688,""C70"":516672,""C71"":409115066,""C8"":129292,""C9"":132146,""E0"":84977,""E1"":87028,""E10"":14360,""E11"":38892,""E12"":9367,""E13"":18959,""E14"":20690,""E15"":32768,""E16"":76203,""E17"":73054,""E18"":5063,""E19"":47823,""E2"":25701,""E20"":2600,""E21"":32915,""E22"":3678,""E23"":4354,""E24"":61701,""E25"":12591,""E26"":8093,""E27"":2194,""E28"":5950,""E29"":1435,""E3"":76610,""E30"":23742,""E31"":18365,""E32"":3809,""E33"":722,""E34"":656,""E35"":2370,""E36"":2881,""E37"":505,""E38"":387,""E39"":15071,""E4"":52321,""E40"":367,""E41"":1749,""E42"":379,""E43"":152,""E44"":235,""E45"":133,""E46"":83,""E47"":64,""E48"":349,""E49"":230,""E5"":25205,""E50"":116,""E51"":593,""E52"":63,""E53"":138,""E54"":215,""E55"":244,""E56"":112,""E57"":49,""E58"":82,""E59"":37,""E6"":23370,""E60"":46,""E61"":9,""E62"":20,""E63"":46,""E64"":15,""E65"":18,""E66"":18,""E67"":22,""E68"":72,""E69"":16,""E7"":30795,""E70"":9,""E71"":710,""E8"":23339,""E9"":26618}"
1000000000,    989841, 492982888, 10294.7,PymatchingGapSampler,3a34b7a78aaeb8f37b03e7672d25e1531f706fb0350acf4c2df24edf24424fd7,"{""c"":""expanded-rotated-injection-double-HXY"",""d1"":3,""d2"":5,""noise"":""uniform"",""p"":0.001}","{""C0"":42104,""C1"":76430,""C10"":428718,""C11"":209908,""C12"":169282,""C13"":131856,""C14"":158705,""C15"":144890,""C16"":3117391,""C17"":1301462,""C18"":216998,""C19"":1687932,""C2"":778849,""C20"":261617,""C21"":155973,""C22"":2860285,""C23"":172097,""C24"":308437,""C25"":6478542,""C26"":444027,""C27"":303837,""C28"":670365,""C29"":375771,""C3"":125161,""C30"":8149108,""C31"":1153473,""C32"":568249,""C33"":7421894,""C34"":1485882,""C35"":1116482,""C36"":782735,""C37"":847793,""C38"":390198,""C39"":790757,""C4"":90833,""C40"":632856,""C41"":1631645,""C42"":873210,""C43"":314761,""C44"":1299070,""C45"":526074,""C46"":433591,""C47"":707511,""C48"":1736739,""C49"":7616209,""C5"":105023,""C50"":894422,""C51"":10924903,""C52"":4527697,""C53"":899178,""C54"":1374275,""C55"":901987,""C56"":935600,""C57"":2849739,""C58"":6616401,""C59"":3704503,""C6"":147405,""C60"":4778787,""C61"":2258701,""C62"":1873608,""C63"":997627,""C64"":545482,""C65"":3737453,""C66"":747920,""C67"":1810527,""C68"":603957,""C69"":1653774,""C7"":112154,""C70"":2431234,""C71"":390981412,""C8"":315032,""C9"":108763,""E0"":41358,""E1"":60194,""E10"":34049,""E11"":30177,""E12"":18134,""E13"":16433,""E14"":9012,""E15"":10292,""E16"":92473,""E17"":40057,""E18"":8261,""E19"":34259,""E2"":84360,""E20"":16897,""E21"":9920,""E22"":19991,""E23"":3874,""E24"":4569,""E25"":40511,""E26"":2926,""E27"":2812,""E28"":3364,""E29"":2470,""E3"":63112,""E30"":66299,""E31"":3660,""E32"":2004,""E33"":7479,""E34"":1571,""E35"":2031,""E36"":2278,""E37"":694,""E38"":518,""E39"":712,""E4"":40100,""E40"":764,""E41"":587,""E42"":703,""E43"":224,""E44"":16218,""E45"":200,""E46"":199,""E47"":204,""E48"":368,""E49"":767,""E5"":31339,""E50"":209,""E51"":891,""E52"":374,""E53"":90,""E54"":92,""E55"":44,""E56"":67,""E57"":49,""E58"":291,""E59"":130,""E6"":42664,""E60"":38,""E61"":22,""E62"":28,""E63"":22,""E64"":23,""E65"":110,""E66"":21,""E67"":11,""E68"":6,""E69"":24,""E7"":44868,""E70"":21,""E71"":1003,""E8"":46231,""E9"":24088}"
1000000000,    918251, 493001816, 52275.3,PymatchingGapSampler,e334255a70024885382cb25870e30e632171a397d4d5ab62a8d6356c12a297ce,"{""c"":""expanded-rotated-injection-double-HXY"",""d1"":3,""d2"":11,""noise"":""uniform"",""p"":0.001}","{""C0"":33131,""C1"":63745,""C10"":425000,""C11"":179123,""C12"":138143,""C13"":112437,""C14"":118319,""C15"":122503,""C16"":3092092,""C17"":151364,""C18"":1339877,""C19"":1610193,""C2"":782327,""C20"":192750,""C21"":97564,""C22"":2750422,""C23"":123997,""C24"":2024567,""C25"":4690357,""C26"":361722,""C27"":185501,""C28"":569864,""C29"":226512,""C3"":110291,""C30"":7975933,""C31"":722715,""C32"":2870071,""C33"":4911583,""C34"":1299492,""C35"":945589,""C36"":451575,""C37"":862239,""C38"":447930,""C39"":468116,""C4"":126659,""C40"":478190,""C41"":1791601,""C42"":740077,""C43"":287618,""C44"":1172942,""C45"":701811,""C46"":804450,""C47"":499282,""C48"":1790442,""C49"":6217584,""C5"":78391,""C50"":2237945,""C51"":8786369,""C52"":6802906,""C53"":2160580,""C54"":1314659,""C55"":447266,""C56"":602453,""C57"":2206248,""C58"":6490644,""C59"":4777669,""C6"":138024,""C60"":5967434,""C61"":1875562,""C62"":1536166,""C63"":503269,""C64"":304451,""C65"":3357206,""C66"":424660,""C67"":1922407,""C68"":319108,""C69"":2642836,""C7"":124721,""C70"":460359,""C71"":395171695,""C8"":265298,""C9"":93907,""E0"":32435,""E1"":51508,""E10"":37797,""E11"":28897,""E12"":15812,""E13"":15595,""E14"":7068,""E15"":10113,""E16"":90246,""E17"":10051,""E18"":38965,""E19"":31344,""E2"":80559,""E20"":15308,""E21"":8644,""E22"":17596,""E23"":3248,""E24"":10997,""E25"":32108,""E26"":2248,""E27"":1690,""E28"":2815,""E29"":1169,""E3"":56319,""E30"":65951,""E31"":1694,""E32"":3419,""E33"":5014,""E34"":1126,""E35"":958,""E36"":2855,""E37"":648,""E38"":458,""E39"":480,""E4"":46080,""E40"":464,""E41"":727,""E42"":729,""E43"":163,""E44"":16270,""E45"":146,""E46"":136,""E47"":104,""E48"":328,""E49"":740,""E5"":22536,""E50"":152,""E51"":614,""E52"":508,""E53"":63,""E54"":45,""E55"":25,""E56"":33,""E57"":46,""E58"":267,""E59"":111,""E6"":37027,""E60"":58,""E61"":27,""E62"":20,""E63"":9,""E64"":6,""E65"":116,""E66"":9,""E67"":13,""E68"":5,""E69"":20,""E7"":44677,""E70"":15,""E71"":971,""E8"":39440,""E9"":20416}"
1756220413,   1006348, 240843103,138880.6,PymatchingGapSampler,0692bf408e1987df0e87098d2c9fe937a2bf66fc762080681535c32d97738ab1,"{""c"":""expanded-rotated-injection-double-HXY"",""d1"":3,""d2"":11,""noise"":""uniform_atoms"",""p"":0.001}","{""C0"":43874,""C1"":180133,""C10"":427255,""C11"":119468,""C12"":190168,""C13"":597547,""C14"":119025,""C15"":89447,""C16"":105205,""C17"":143204,""C18"":101055,""C19"":110200,""C2"":63066,""C20"":298964,""C21"":160706,""C22"":1103483,""C23"":1199053,""C24"":832185,""C25"":380442,""C26"":1127619,""C27"":461569,""C28"":2538999,""C29"":4543197,""C3"":111557,""C30"":1069311,""C31"":454816,""C32"":2115834,""C33"":2802444,""C34"":8388134,""C35"":8014638,""C36"":1253192,""C37"":654151,""C38"":280950,""C39"":10899951,""C4"":80352,""C40"":564175,""C41"":356842,""C42"":284938,""C43"":461703,""C44"":580996,""C45"":5227794,""C46"":612197,""C47"":4594675,""C48"":1222032,""C49"":1821622,""C5"":76396,""C50"":1196839,""C51"":836778,""C52"":2708195,""C53"":5230955,""C54"":9868086,""C55"":5704077,""C56"":4152535,""C57"":1277996,""C58"":1934880,""C59"":10107678,""C6"":62925,""C60"":3268927,""C61"":7076043,""C62"":7672491,""C63"":5055377,""C64"":10078382,""C65"":864709,""C66"":5580470,""C67"":1988618,""C68"":9810978,""C69"":8032097,""C7"":93962,""C70"":6489259,""C71"":3522734,""C72"":8116626,""C73"":11634666,""C74"":9930616,""C75"":4241973,""C76"":871134,""C77"":4720633,""C78"":3005831,""C79"":7075124,""C8"":243416,""C80"":3589654,""C81"":13633122,""C82"":12740735,""C83"":7978149,""C84"":2394074,""C85"":2957225,""C86"":1240908298,""C9"":850131,""E0"":404299,""E1"":37426,""E10"":23431,""E11"":18457,""E12"":13575,""E13"":15816,""E14"":9240,""E15"":10831,""E16"":7814,""E17"":7419,""E18"":6816,""E19"":5915,""E2"":60121,""E20"":4540,""E21"":4328,""E22"":20186,""E23"":24236,""E24"":7268,""E25"":6362,""E26"":20067,""E27"":2187,""E28"":8936,""E29"":8538,""E3"":54465,""E30"":5010,""E31"":2106,""E32"":9874,""E33"":3323,""E34"":9260,""E35"":4468,""E36"":838,""E37"":613,""E38"":408,""E39"":3368,""E4"":41577,""E40"":371,""E41"":316,""E42"":328,""E43"":370,""E44"":294,""E45"":774,""E46"":669,""E47"":311,""E48"":2164,""E49"":759,""E5"":35520,""E50"":157,""E51"":1346,""E52"":767,""E53"":164,""E54"":196,""E55"":164,""E56"":212,""E57"":42,""E58"":49,""E59"":66,""E6"":24327,""E60"":35,""E61"":54,""E62"":42,""E63"":19,""E64"":45,""E65"":15,""E66"":18,""E67"":10,""E68"":40,""E69"":49,""E7"":24112,""E70"":19,""E71"":13,""E72"":10,""E73"":16,""E74"":18,""E75"":11,""E77"":2,""E78"":2,""E79"":2,""E8"":28926,""E80"":5,""E81"":2,""E82"":2,""E83"":7,""E84"":1,""E86"":61,""E9"":20328}"
1000000000,    918965, 492982651,115804.7,PymatchingGapSampler,5a2c3bad0e6189a00b9bfc63943d5830a3c3aac9315fdec161073b63f6fe5ee9,"{""c"":""expanded-rotated-injection-double-HXY"",""d1"":3,""d2"":15,""noise"":""uniform"",""p"":0.001}","{""C0"":32732,""C1"":63702,""C10"":425633,""C11"":178591,""C12"":137373,""C13"":111823,""C14"":118092,""C15"":122266,""C16"":3092545,""C17"":151444,""C18"":1339750,""C19"":1609921,""C2"":783290,""C20"":193174,""C21"":97912,""C22"":2749325,""C23"":124023,""C24"":2021663,""C25"":4690792,""C26"":362438,""C27"":185895,""C28"":569067,""C29"":226375,""C3"":110951,""C30"":7979483,""C31"":722826,""C32"":2875475,""C33"":4910505,""C34"":1302825,""C35"":944027,""C36"":453077,""C37"":860915,""C38"":449045,""C39"":468686,""C4"":126172,""C40"":478788,""C41"":1790035,""C42"":740901,""C43"":286979,""C44"":1173092,""C45"":699634,""C46"":806282,""C47"":494095,""C48"":1799770,""C49"":6218047,""C5"":78787,""C50"":2241573,""C51"":8790691,""C52"":6792525,""C53"":2169456,""C54"":1317868,""C55"":443949,""C56"":603926,""C57"":2206205,""C58"":6496720,""C59"":4798477,""C6"":138499,""C60"":5946316,""C61"":1889328,""C62"":1540751,""C63"":505480,""C64"":307993,""C65"":3357050,""C66"":429267,""C67"":1960120,""C68"":256079,""C69"":2686784,""C7"":125005,""C70"":455201,""C71"":395123087,""C8"":264262,""C9"":93549,""E0"":32311,""E1"":51759,""E10"":38255,""E11"":28927,""E12"":15848,""E13"":15673,""E14"":7108,""E15"":9983,""E16"":90051,""E17"":10070,""E18"":38434,""E19"":31798,""E2"":81115,""E20"":15417,""E21"":8890,""E22"":17709,""E23"":3213,""E24"":11170,""E25"":32034,""E26"":2196,""E27"":1714,""E28"":2821,""E29"":1206,""E3"":56549,""E30"":65782,""E31"":1697,""E32"":3363,""E33"":5046,""E34"":1170,""E35"":1001,""E36"":2879,""E37"":603,""E38"":429,""E39"":526,""E4"":45770,""E40"":477,""E41"":721,""E42"":755,""E43"":177,""E44"":16203,""E45"":131,""E46"":149,""E47"":114,""E48"":339,""E49"":713,""E5"":22148,""E50"":157,""E51"":642,""E52"":466,""E53"":63,""E54"":35,""E55"":19,""E56"":29,""E57"":43,""E58"":255,""E59"":142,""E6"":36861,""E60"":66,""E61"":21,""E62"":34,""E63"":15,""E64"":9,""E65"":97,""E66"":2,""E67"":14,""E68"":3,""E69"":20,""E7"":44500,""E70"":13,""E71"":932,""E8"":39357,""E9"":20726}"
1000000000,    850019, 552906894,  9258.1,PymatchingGapSampler,5be2022ab64c66385d79642ad3ee56e44f16577ffcc2370c476cd1f51d459273,"{""c"":""expanded-rotated-syndrome-injection-double-HXY"",""d1"":3,""d2"":5,""noise"":""uniform"",""p"":0.001}","{""C0"":36794,""C1"":67187,""C10"":378210,""C11"":184324,""C12"":145879,""C13"":115214,""C14"":139496,""C15"":126217,""C16"":2740503,""C17"":1147684,""C18"":190640,""C19"":1479028,""C2"":685568,""C20"":231172,""C21"":137555,""C22"":2459897,""C23"":151826,""C24"":271438,""C25"":5699246,""C26"":391835,""C27"":265930,""C28"":590273,""C29"":331501,""C3"":108485,""C30"":7082533,""C31"":1018284,""C32"":501334,""C33"":6559473,""C34"":1312389,""C35"":982715,""C36"":688616,""C37"":747692,""C38"":345008,""C39"":697175,""C4"":79727,""C40"":557429,""C41"":1441513,""C42"":770079,""C43"":277028,""C44"":1127397,""C45"":463621,""C46"":380924,""C47"":623651,""C48"":1534881,""C49"":6715786,""C5"":91419,""C50"":790195,""C51"":9536545,""C52"":3990531,""C53"":791572,""C54"":1210026,""C55"":795608,""C56"":825888,""C57"":2516858,""C58"":5724235,""C59"":3274588,""C6"":129672,""C60"":4217466,""C61"":1994272,""C62"":1653718,""C63"":878574,""C64"":482267,""C65"":3270983,""C66"":657723,""C67"":1600687,""C68"":533092,""C69"":1459851,""C7"":98089,""C70"":2144136,""C71"":345217916,""C8"":278300,""C9"":95719,""E0"":36354,""E1"":52294,""E10"":29454,""E11"":26401,""E12"":15765,""E13"":14539,""E14"":7946,""E15"":8789,""E16"":79716,""E17"":34996,""E18"":7248,""E19"":29519,""E2"":73479,""E20"":14943,""E21"":8752,""E22"":17241,""E23"":3434,""E24"":3937,""E25"":33631,""E26"":2672,""E27"":2542,""E28"":2977,""E29"":2166,""E3"":54315,""E30"":51716,""E31"":2988,""E32"":1725,""E33"":6595,""E34"":1336,""E35"":1741,""E36"":1966,""E37"":611,""E38"":445,""E39"":659,""E4"":35150,""E40"":646,""E41"":415,""E42"":612,""E43"":185,""E44"":11111,""E45"":162,""E46"":198,""E47"":149,""E48"":336,""E49"":580,""E5"":26885,""E50"":154,""E51"":713,""E52"":330,""E53"":63,""E54"":64,""E55"":40,""E56"":43,""E57"":74,""E58"":179,""E59"":118,""E6"":37388,""E60"":31,""E61"":18,""E62"":30,""E63"":16,""E64"":13,""E65"":88,""E66"":14,""E67"":10,""E68"":7,""E69"":15,""E7"":39291,""E70"":15,""E71"":725,""E8"":40405,""E9"":20854}"
1000000000,    788285, 552902130, 47447.5,PymatchingGapSampler,85dc76be0060681e5f984d36d2c3b160e5a64366068408c74eedd7e466729117,"{""c"":""expanded-rotated-syndrome-injection-double-HXY"",""d1"":3,""d2"":11,""noise"":""uniform"",""p"":0.001}","{""C0"":28836,""C1"":55935,""C10"":373983,""C11"":157389,""C12"":117261,""C13"":97704,""C14"":103479,""C15"":106778,""C16"":2720211,""C17"":132694,""C18"":1179816,""C19"":1412428,""C2"":688497,""C20"":169282,""C21"":86014,""C22"":2359277,""C23"":108400,""C24"":1786049,""C25"":4115286,""C26"":319112,""C27"":162475,""C28"":501787,""C29"":198400,""C3"":95628,""C30"":6932095,""C31"":634961,""C32"":2536286,""C33"":4332325,""C34"":1145668,""C35"":833133,""C36"":397737,""C37"":760783,""C38"":393847,""C39"":413250,""C4"":110698,""C40"":421048,""C41"":1580931,""C42"":652313,""C43"":252394,""C44"":1016060,""C45"":616042,""C46"":709679,""C47"":438607,""C48"":1582082,""C49"":5485627,""C5"":68053,""C50"":1979194,""C51"":7656878,""C52"":5999520,""C53"":1904376,""C54"":1160744,""C55"":394475,""C56"":529580,""C57"":1948746,""C58"":5613778,""C59"":4219771,""C6"":121130,""C60"":5273244,""C61"":1653845,""C62"":1356436,""C63"":444706,""C64"":268660,""C65"":2938036,""C66"":372784,""C67"":1700608,""C68"":281331,""C69"":2333123,""C7"":108728,""C70"":406341,""C71"":348936577,""C8"":233452,""C9"":83182,""E0"":28322,""E1"":44615,""E10"":33128,""E11"":25599,""E12"":13838,""E13"":13706,""E14"":6217,""E15"":8879,""E16"":77767,""E17"":8710,""E18"":33457,""E19"":27168,""E2"":70660,""E20"":13418,""E21"":7745,""E22"":15288,""E23"":2912,""E24"":9352,""E25"":26354,""E26"":1952,""E27"":1519,""E28"":2438,""E29"":959,""E3"":48846,""E30"":51483,""E31"":1365,""E32"":2858,""E33"":4422,""E34"":987,""E35"":824,""E36"":2423,""E37"":511,""E38"":339,""E39"":452,""E4"":39760,""E40"":353,""E41"":596,""E42"":565,""E43"":130,""E44"":10837,""E45"":128,""E46"":116,""E47"":95,""E48"":286,""E49"":506,""E5"":19545,""E50"":116,""E51"":485,""E52"":408,""E53"":52,""E54"":26,""E55"":18,""E56"":22,""E57"":30,""E58"":189,""E59"":129,""E6"":32416,""E60"":49,""E61"":17,""E62"":39,""E63"":7,""E64"":12,""E65"":71,""E66"":11,""E67"":10,""E68"":4,""E69"":17,""E7"":39516,""E70"":14,""E71"":693,""E8"":34323,""E9"":18181}"
1832586236,   1008055, 312200599,138336.3,PymatchingGapSampler,2ac677eda13e94b22c0230a6f5038cb8fbae606d1b016b4b486fdca5ce28f298,"{""c"":""expanded-rotated-syndrome-injection-double-HXY"",""d1"":3,""d2"":11,""noise"":""uniform_atoms"",""p"":0.001}","{""C0"":43909,""C1"":181194,""C10"":427654,""C11"":120081,""C12"":188345,""C13"":599867,""C14"":118325,""C15"":89543,""C16"":104862,""C17"":143882,""C18"":101613,""C19"":110373,""C2"":63744,""C20"":300544,""C21"":160666,""C22"":1104988,""C23"":1205718,""C24"":835228,""C25"":381319,""C26"":1133449,""C27"":462685,""C28"":2542791,""C29"":4559374,""C3"":112616,""C30"":1070960,""C31"":455412,""C32"":2121349,""C33"":2810657,""C34"":8417144,""C35"":8041662,""C36"":1259964,""C37"":656990,""C38"":282287,""C39"":10928176,""C4"":80545,""C40"":568251,""C41"":357293,""C42"":285115,""C43"":462815,""C44"":582029,""C45"":5245949,""C46"":612998,""C47"":4610977,""C48"":1224268,""C49"":1830658,""C5"":76640,""C50"":1198092,""C51"":839072,""C52"":2714393,""C53"":5251525,""C54"":9904539,""C55"":5722323,""C56"":4170463,""C57"":1283440,""C58"":1942817,""C59"":10134707,""C6"":63059,""C60"":3256847,""C61"":7101182,""C62"":7699337,""C63"":5075960,""C64"":10112342,""C65"":866315,""C66"":5603081,""C67"":1995389,""C68"":9844927,""C69"":8060059,""C7"":93857,""C70"":6497185,""C71"":3533017,""C72"":8134995,""C73"":11668646,""C74"":9944722,""C75"":4249849,""C76"":874132,""C77"":4738550,""C78"":3012378,""C79"":7101754,""C8"":242735,""C80"":3603213,""C81"":13682096,""C82"":12785739,""C83"":8000376,""C84"":2400019,""C85"":2962946,""C86"":1245082318,""C9"":854277,""E0"":404814,""E1"":37285,""E10"":23506,""E11"":18474,""E12"":13685,""E13"":15639,""E14"":9115,""E15"":10954,""E16"":7969,""E17"":7312,""E18"":6757,""E19"":5990,""E2"":60772,""E20"":4508,""E21"":4235,""E22"":19850,""E23"":24583,""E24"":7198,""E25"":6446,""E26"":20167,""E27"":2169,""E28"":9094,""E29"":8654,""E3"":54933,""E30"":5023,""E31"":2112,""E32"":9334,""E33"":3316,""E34"":9003,""E35"":4510,""E36"":904,""E37"":589,""E38"":379,""E39"":3309,""E4"":42013,""E40"":368,""E41"":332,""E42"":297,""E43"":376,""E44"":322,""E45"":695,""E46"":720,""E47"":353,""E48"":1542,""E49"":774,""E5"":35955,""E50"":158,""E51"":1176,""E52"":720,""E53"":157,""E54"":235,""E55"":159,""E56"":211,""E57"":41,""E58"":35,""E59"":61,""E6"":24928,""E60"":30,""E61"":34,""E62"":37,""E63"":23,""E64"":42,""E65"":15,""E66"":32,""E67"":9,""E68"":40,""E69"":55,""E7"":24178,""E70"":13,""E71"":26,""E72"":9,""E73"":15,""E74"":17,""E75"":13,""E76"":2,""E77"":5,""E78"":2,""E79"":1,""E8"":28595,""E80"":3,""E81"":6,""E83"":6,""E84"":2,""E85"":1,""E86"":56,""E9"":20572}"
1000000000,    788630, 552909369,104443.2,PymatchingGapSampler,19c4d4627cc1ee1a1eec4f9a741f05fd15eac2e0a206d566f1e7a3c002b45345,"{""c"":""expanded-rotated-syndrome-injection-double-HXY"",""d1"":3,""d2"":15,""noise"":""uniform"",""p"":0.001}","{""C0"":28454,""C1"":55296,""C10"":373283,""C11"":157663,""C12"":116901,""C13"":97762,""C14"":102984,""C15"":107547,""C16"":2719530,""C17"":132871,""C18"":1180387,""C19"":1413230,""C2"":688631,""C20"":169226,""C21"":86160,""C22"":2357372,""C23"":109191,""C24"":1788211,""C25"":4115834,""C26"":317126,""C27"":162445,""C28"":501246,""C29"":198817,""C3"":95271,""C30"":6930651,""C31"":636812,""C32"":2538127,""C33"":4330705,""C34"":1148772,""C35"":831996,""C36"":398197,""C37"":758400,""C38"":397117,""C39"":412795,""C4"":110541,""C40"":421164,""C41"":1581155,""C42"":651843,""C43"":253221,""C44"":1017552,""C45"":618294,""C46"":711505,""C47"":435309,""C48"":1587488,""C49"":5481774,""C5"":67707,""C50"":1975634,""C51"":7653030,""C52"":5990007,""C53"":1914541,""C54"":1163557,""C55"":391451,""C56"":531286,""C57"":1949319,""C58"":5613019,""C59"":4238074,""C6"":121243,""C60"":5246981,""C61"":1665580,""C62"":1358963,""C63"":445873,""C64"":270977,""C65"":2937506,""C66"":377569,""C67"":1731115,""C68"":225497,""C69"":2370788,""C7"":108698,""C70"":402170,""C71"":348906619,""C8"":233437,""C9"":82504,""E0"":28375,""E1"":44706,""E10"":32853,""E11"":25623,""E12"":13458,""E13"":13693,""E14"":6328,""E15"":8726,""E16"":77855,""E17"":8848,""E18"":33590,""E19"":27265,""E2"":70927,""E20"":13563,""E21"":7605,""E22"":15231,""E23"":2907,""E24"":9716,""E25"":26505,""E26"":1901,""E27"":1558,""E28"":2513,""E29"":940,""E3"":49142,""E30"":51591,""E31"":1430,""E32"":2935,""E33"":4241,""E34"":965,""E35"":817,""E36"":2486,""E37"":494,""E38"":384,""E39"":433,""E4"":39680,""E40"":381,""E41"":598,""E42"":581,""E43"":119,""E44"":10928,""E45"":146,""E46"":141,""E47"":99,""E48"":298,""E49"":519,""E5"":19697,""E50"":126,""E51"":493,""E52"":411,""E53"":49,""E54"":31,""E55"":30,""E56"":18,""E57"":40,""E58"":189,""E59"":92,""E6"":32097,""E60"":53,""E61"":23,""E62"":28,""E63"":6,""E64"":4,""E65"":83,""E66"":4,""E67"":9,""E68"":4,""E69"":22,""E7"":39208,""E70"":18,""E71"":819,""E8"":33921,""E9"":18061}"
  67139857,    123364,    736856,  2313.9,PymatchingGapSampler,e27c2b1af1c9988110a855484e43dc33b99b26cf3c2e5848e9812ab8b55b2fd8,"{""c"":""expansion-H-double-injection-ghz"",""d1"":2,""d2"":11,""noise"":""uniform"",""p"":0.0001}","{""C0"":18,""C1"":142,""C10"":25270,""C11"":3606,""C12"":1473,""C13"":526,""C14"":68,""C15"":76,""C16"":99,""C17"":3157,""C18"":137,""C19"":94,""C2"":123,""C20"":1337,""C21"":17514,""C22"":16301,""C23"":18138,""C24"":40,""C25"":7058,""C26"":3705,""C27"":3151,""C28"":10659,""C29"":1420,""C3"":1385,""C30"":1053,""C31"":627,""C32"":54169,""C33"":80921,""C34"":157,""C35"":13835,""C36"":3600,""C37"":6162,""C38"":23954,""C39"":1016,""C4"":8041,""C40"":169828,""C41"":680,""C42"":11162,""C43"":54897,""C44"":59559,""C45"":27775,""C46"":27474,""C47"":340,""C48"":18127,""C49"":22481,""C5"":1014,""C50"":129646,""C51"":1429,""C52"":289,""C53"":25904,""C54"":5491,""C55"":2003,""C56"":195,""C57"":17716,""C58"":26896,""C59"":4127,""C6"":129775,""C60"":204,""C61"":4917,""C62"":18742,""C63"":182,""C64"":5858,""C65"":98875,""C66"":65078197,""C7"":755,""C8"":511,""C9"":25556,""E0"":27,""E1"":940,""E10"":1395,""E11"":67201,""E12"":17,""E13"":1779,""E14"":12,""E15"":3,""E16"":13,""E17"":61,""E18"":1767,""E19"":4,""E2"":567,""E20"":11,""E21"":1094,""E22"":1386,""E23"":1357,""E24"":4,""E25"":29,""E26"":13,""E27"":10,""E28"":452,""E29"":481,""E3"":143,""E30"":1,""E31"":5,""E32"":67,""E33"":705,""E35"":3,""E37"":3,""E38"":5,""E39"":1,""E4"":1605,""E40"":43,""E42"":2,""E43"":19,""E44"":4,""E45"":5,""E46"":2,""E47"":1,""E5"":478,""E50"":44,""E54"":6,""E55"":1,""E6"":38486,""E62"":1,""E64"":1,""E65"":32,""E66"":37,""E7"":1158,""E8"":468,""E9"":1415}"
  57694071,    106153,    632866,  4761.1,PymatchingGapSampler,dc87d77ebb0af15abba6753391bf8c180c96f083dedce84d0b81d5f387fb820b,"{""c"":""expansion-H-double-injection-ghz"",""d1"":2,""d2"":11,""noise"":""uniform"",""p"":0.0001}","{""C0"":24,""C1"":124,""C10"":21872,""C11"":3135,""C12"":1172,""C13"":409,""C14"":89,""C15"":76,""C16"":83,""C17"":2760,""C18"":142,""C19"":72,""C2"":95,""C20"":1170,""C21"":14905,""C22"":14043,""C23"":15580,""C24"":48,""C25"":5996,""C26"":3242,""C27"":2767,""C28"":9170,""C29"":1186,""C3"":1219,""C30"":851,""C31"":520,""C32"":46432,""C33"":69697,""C34"":117,""C35"":11755,""C36"":3100,""C37"":5288,""C38"":20516,""C39"":928,""C4"":7058,""C40"":145454,""C41"":589,""C42"":9491,""C43"":46971,""C44"":50888,""C45"":23661,""C46"":23912,""C47"":319,""C48"":15515,""C49"":19405,""C5"":885,""C50"":111257,""C51"":1325,""C52"":244,""C53"":22149,""C54"":4725,""C55"":1708,""C56"":179,""C57"":15366,""C58"":23127,""C59"":3412,""C6"":112006,""C60"":177,""C61"":4390,""C62"":15868,""C63"":144,""C64"":4989,""C65"":85204,""C66"":55922780,""C7"":643,""C8"":466,""C9"":22162,""E0"":25,""E1"":848,""E10"":1153,""E11"":57844,""E12"":13,""E13"":1493,""E14"":4,""E15"":6,""E16"":9,""E17"":63,""E18"":1579,""E19"":4,""E2"":475,""E20"":6,""E21"":1017,""E22"":1223,""E23"":1248,""E24"":1,""E25"":24,""E26"":11,""E27"":4,""E28"":435,""E29"":361,""E3"":138,""E31"":2,""E32"":49,""E33"":578,""E34"":1,""E35"":4,""E36"":3,""E37"":3,""E38"":4,""E39"":2,""E4"":1475,""E40"":33,""E42"":1,""E43"":11,""E44"":7,""E45"":3,""E48"":2,""E49"":1,""E5"":393,""E50"":26,""E51"":1,""E53"":1,""E6"":32869,""E62"":1,""E64"":1,""E65"":34,""E66"":32,""E7"":1028,""E8"":408,""E9"":1196}"
  50763025,    187238,   1106767,  2329.6,PymatchingGapSampler,d4679ad85697b8aefabc47fcad944f84ac15e050f1b71dbd70523fade19d53b5,"{""c"":""expansion-H-double-injection-ghz"",""d1"":2,""d2"":11,""noise"":""uniform"",""p"":0.0002}","{""C0"":78,""C1"":402,""C10"":38154,""C11"":2182,""C12"":977,""C13"":223,""C14"":2174,""C15"":227,""C16"":321,""C17"":3015,""C18"":25879,""C19"":24383,""C2"":363,""C20"":28902,""C21"":246,""C22"":10863,""C23"":5718,""C24"":4703,""C25"":15900,""C26"":2468,""C27"":1808,""C28"":1178,""C29"":79731,""C3"":2380,""C30"":119470,""C31"":427,""C32"":20266,""C33"":5458,""C34"":9563,""C35"":35420,""C36"":1865,""C37"":250566,""C38"":1337,""C39"":16839,""C4"":12441,""C40"":81355,""C41"":87099,""C42"":40778,""C43"":40642,""C44"":1107,""C45"":26857,""C46"":33405,""C47"":191875,""C48"":3871,""C49"":3586,""C5"":1760,""C50"":37842,""C51"":7059,""C52"":587,""C53"":6319,""C54"":26259,""C55"":44115,""C56"":27049,""C57"":542,""C58"":10800,""C59"":144595,""C6"":191842,""C60"":47687751,""C7"":1636,""C8"":4785,""C9"":39577,""E0"":115,""E1"":1629,""E10"":4822,""E11"":47,""E12"":44,""E13"":19,""E14"":172,""E15"":16,""E16"":34,""E17"":31,""E18"":4883,""E19"":2185,""E2"":977,""E20"":2318,""E21"":16,""E22"":85,""E23"":36,""E24"":22,""E25"":729,""E26"":690,""E27"":7,""E28"":9,""E29"":190,""E3"":446,""E30"":1244,""E31"":1,""E32"":22,""E33"":3,""E34"":7,""E35"":32,""E36"":4,""E37"":126,""E38"":1,""E39"":3,""E4"":2577,""E40"":57,""E41"":15,""E42"":6,""E43"":8,""E44"":2,""E47"":102,""E48"":9,""E49"":2,""E5"":793,""E50"":1,""E57"":1,""E58"":2,""E59"":80,""E6"":57369,""E60"":133,""E7"":1944,""E8"":101020,""E9"":2152}"
  28737331,    105343,    626523,  2519.5,PymatchingGapSampler,d9593781031c65690cb3668d7f4559c3ad1904f7c2b28aeeb8d07e6d90575019,"{""c"":""expansion-H-double-injection-ghz"",""d1"":2,""d2"":11,""noise"":""uniform"",""p"":0.0002}","{""C0"":44,""C1"":227,""C10"":21996,""C11"":1255,""C12"":550,""C13"":120,""C14"":1301,""C15"":113,""C16"":159,""C17"":1689,""C18"":14446,""C19"":13825,""C2"":208,""C20"":16505,""C21"":132,""C22"":6010,""C23"":3237,""C24"":2675,""C25"":9042,""C26"":1502,""C27"":1026,""C28"":643,""C29"":44905,""C3"":1329,""C30"":67719,""C31"":237,""C32"":11597,""C33"":3176,""C34"":5514,""C35"":20214,""C36"":975,""C37"":141223,""C38"":765,""C39"":9363,""C4"":7106,""C40"":45734,""C41"":49096,""C42"":23309,""C43"":22807,""C44"":669,""C45"":14925,""C46"":18833,""C47"":109132,""C48"":2210,""C49"":2036,""C5"":968,""C50"":21316,""C51"":4033,""C52"":334,""C53"":3511,""C54"":14682,""C55"":24930,""C56"":15576,""C57"":325,""C58"":6212,""C59"":81680,""C6"":108828,""C60"":26997424,""C7"":911,""C8"":2724,""C9"":22432,""E0"":60,""E1"":904,""E10"":2698,""E11"":23,""E12"":28,""E13"":20,""E14"":103,""E15"":6,""E16"":18,""E17"":17,""E18"":2710,""E19"":1228,""E2"":539,""E20"":1342,""E21"":7,""E22"":48,""E23"":21,""E24"":17,""E25"":433,""E26"":377,""E27"":3,""E28"":6,""E29"":137,""E3"":253,""E30"":675,""E31"":3,""E32"":9,""E33"":2,""E34"":8,""E35"":20,""E36"":2,""E37"":80,""E38"":2,""E39"":5,""E4"":1426,""E40"":21,""E41"":8,""E42"":2,""E43"":3,""E44"":1,""E46"":2,""E47"":67,""E48"":13,""E49"":3,""E5"":448,""E50"":1,""E54"":1,""E55"":1,""E59"":52,""E6"":32545,""E60"":80,""E7"":1101,""E8"":56578,""E9"":1186}"
  47329553,    259870,   1540134,  2330.0,PymatchingGapSampler,4a60ff745ef127cf9e117bb8fd0dfbd48bd0ea54dc7d399e6b5bde4a332b3f97,"{""c"":""expansion-H-double-injection-ghz"",""d1"":2,""d2"":11,""noise"":""uniform"",""p"":0.0003}","{""C0"":137,""C1"":903,""C10"":52004,""C11"":3184,""C12"":4247,""C13"":473,""C14"":529,""C15"":602,""C16"":34749,""C17"":38162,""C18"":27962,""C19"":10389,""C2"":672,""C20"":17594,""C21"":7637,""C22"":7238,""C23"":5777,""C24"":19922,""C25"":2493,""C26"":1546,""C27"":109949,""C28"":163717,""C29"":780,""C3"":3535,""C30"":28280,""C31"":766,""C32"":13367,""C33"":47668,""C34"":10229,""C35"":332237,""C36"":12023,""C37"":23110,""C38"":110208,""C39"":82825,""C4"":18028,""C40"":89851,""C41"":55447,""C42"":2677,""C43"":1636,""C44"":81868,""C45"":266238,""C46"":3798,""C47"":1786,""C48"":51491,""C49"":4963,""C5"":2569,""C50"":13778,""C51"":8154,""C52"":49974,""C53"":76135,""C54"":1090,""C55"":200160,""C56"":43095824,""C6"":267206,""C7"":7180,""C8"":2484,""C9"":52298,""E0"":213,""E1"":2327,""E10"":2862,""E11"":89,""E12"":412,""E13"":38,""E14"":46,""E15"":65,""E16"":3433,""E17"":3249,""E18"":7334,""E19"":190,""E2"":1551,""E20"":204,""E21"":78,""E22"":79,""E23"":984,""E24"":1090,""E25"":18,""E26"":23,""E27"":396,""E28"":1868,""E29"":2,""E3"":886,""E30"":43,""E31"":5,""E32"":33,""E33"":52,""E34"":8,""E35"":265,""E36"":7,""E37"":14,""E38"":112,""E39"":27,""E4"":3843,""E40"":16,""E41"":9,""E42"":6,""E44"":13,""E45"":224,""E47"":1,""E5"":1217,""E50"":1,""E52"":2,""E53"":5,""E55"":203,""E56"":246,""E6"":187951,""E7"":30224,""E8"":4876,""E9"":3030}"
  19524403,    107094,    635324,  1801.4,PymatchingGapSampler,c0443bad0d07089e57f29e293a2ff54c663ce2498941e40b272867639844fe5b,"{""c"":""expansion-H-double-injection-ghz"",""d1"":2,""d2"":11,""noise"":""uniform"",""p"":0.0003}","{""C0"":81,""C1"":349,""C10"":21186,""C11"":1315,""C12"":1793,""C13"":181,""C14"":205,""C15"":281,""C16"":13982,""C17"":15765,""C18"":11504,""C19"":4226,""C2"":262,""C20"":7286,""C21"":3195,""C22"":3000,""C23"":2358,""C24"":8285,""C25"":1102,""C26"":633,""C27"":45035,""C28"":67231,""C29"":316,""C3"":1449,""C30"":11513,""C31"":271,""C32"":5485,""C33"":19616,""C34"":4290,""C35"":137351,""C36"":4794,""C37"":9318,""C38"":45249,""C39"":34281,""C4"":7413,""C40"":37215,""C41"":23193,""C42"":1111,""C43"":623,""C44"":33405,""C45"":109762,""C46"":1502,""C47"":710,""C48"":21335,""C49"":2024,""C5"":1099,""C50"":5796,""C51"":3333,""C52"":20474,""C53"":31551,""C54"":483,""C55"":82402,""C56"":17779977,""C6"":109918,""C7"":2957,""C8"":1022,""C9"":21492,""E0"":74,""E1"":968,""E10"":1202,""E11"":42,""E12"":167,""E13"":15,""E14"":23,""E15"":29,""E16"":1401,""E17"":1386,""E18"":3035,""E19"":67,""E2"":600,""E20"":76,""E21"":25,""E22"":22,""E23"":395,""E24"":419,""E25"":3,""E26"":9,""E27"":167,""E28"":731,""E29"":3,""E3"":392,""E30"":13,""E31"":2,""E32"":14,""E33"":28,""E34"":5,""E35"":102,""E36"":1,""E37"":5,""E38"":41,""E39"":13,""E4"":1607,""E40"":7,""E41"":4,""E42"":1,""E44"":1,""E45"":109,""E47"":1,""E48"":1,""E5"":467,""E50"":1,""E51"":1,""E52"":1,""E55"":95,""E56"":111,""E6"":77612,""E7"":12349,""E8"":2013,""E9"":1238}"
  41486609,    377150,   2220799,  2333.3,PymatchingGapSampler,71694bb2fc674ffb2ea4c1338e5f029eb58bca07a52167e173902cb993c3f03b,"{""c"":""expansion-H-double-injection-ghz"",""d1"":2,""d2"":11,""noise"":""uniform"",""p"":0.0005}","{""C0"":352,""C1"":2046,""C10"":77107,""C11"":4971,""C12"":2899,""C13"":1360,""C14"":49232,""C15"":47491,""C16"":54859,""C17"":8164,""C18"":21188,""C19"":11846,""C2"":1601,""C20"":14314,""C21"":32123,""C22"":6417,""C23"":4984,""C24"":3942,""C25"":151886,""C26"":228097,""C27"":2062,""C28"":40017,""C29"":11661,""C3"":5903,""C30"":19638,""C31"":68888,""C32"":4976,""C33"":473409,""C34"":4632,""C35"":33280,""C36"":153837,""C37"":163250,""C38"":76993,""C39"":77201,""C4"":32377,""C40"":8275,""C41"":57671,""C42"":64272,""C43"":361579,""C44"":6670,""C45"":14385,""C46"":72085,""C47"":25182,""C48"":52584,""C49"":3395,""C5"":6786,""C50"":64755,""C51"":342236,""C52"":35458560,""C6"":375185,""C7"":6206,""C8"":2627,""C9"":73204,""E0"":476,""E1"":3982,""E10"":4890,""E11"":205,""E12"":250,""E13"":202,""E14"":6148,""E15"":5383,""E16"":10787,""E17"":126,""E18"":1878,""E19"":195,""E2"":2991,""E20"":220,""E21"":1743,""E22"":1397,""E23"":26,""E24"":70,""E25"":1034,""E26"":3064,""E27"":14,""E28"":98,""E29"":23,""E3"":2098,""E30"":53,""E31"":122,""E32"":16,""E33"":656,""E34"":6,""E35"":28,""E36"":267,""E37"":64,""E38"":31,""E39"":28,""E4"":159665,""E40"":67,""E41"":27,""E42"":14,""E43"":451,""E45"":2,""E46"":7,""E48"":8,""E49"":6,""E5"":2098,""E50"":8,""E51"":466,""E52"":650,""E6"":154292,""E7"":4632,""E8"":1709,""E9"":4477}"
  11835187,    107729,    634987,  1202.2,PymatchingGapSampler,ff14568879e0d40e3443335b226ebc914e8b3f7c29294948f789bb1818009eec,"{""c"":""expansion-H-double-injection-ghz"",""d1"":2,""d2"":11,""noise"":""uniform"",""p"":0.0005}","{""C0"":103,""C1"":618,""C10"":21917,""C11"":1467,""C12"":843,""C13"":386,""C14"":14207,""C15"":13360,""C16"":15654,""C17"":2387,""C18"":6026,""C19"":3475,""C2"":478,""C20"":4043,""C21"":9102,""C22"":1907,""C23"":1386,""C24"":1118,""C25"":43099,""C26"":65836,""C27"":585,""C28"":11256,""C29"":3257,""C3"":1673,""C30"":5583,""C31"":19831,""C32"":1373,""C33"":135169,""C34"":1326,""C35"":9338,""C36"":44210,""C37"":46154,""C38"":22130,""C39"":21999,""C4"":9152,""C40"":2354,""C41"":16362,""C42"":18251,""C43"":103516,""C44"":1872,""C45"":4090,""C46"":20425,""C47"":7240,""C48"":14969,""C49"":1027,""C5"":2001,""C50"":18660,""C51"":97610,""C52"":10113455,""C6"":106784,""C7"":1788,""C8"":735,""C9"":20884,""E0"":142,""E1"":1121,""E10"":1345,""E11"":64,""E12"":82,""E13"":46,""E14"":1786,""E15"":1506,""E16"":2923,""E17"":37,""E18"":500,""E19"":60,""E2"":838,""E20"":60,""E21"":460,""E22"":393,""E23"":9,""E24"":12,""E25"":295,""E26"":935,""E27"":3,""E28"":34,""E29"":6,""E3"":630,""E30"":27,""E31"":39,""E32"":2,""E33"":187,""E34"":2,""E35"":7,""E36"":80,""E37"":24,""E38"":10,""E39"":7,""E4"":45959,""E40"":16,""E41"":7,""E42"":2,""E43"":151,""E45"":3,""E46"":1,""E47"":1,""E48"":1,""E5"":581,""E50"":1,""E51"":134,""E52"":170,""E6"":43935,""E7"":1341,""E8"":477,""E9"":1277}"
  32265489,    573591,   3355140,  2336.8,PymatchingGapSampler,05b1696ca11cc1e2431dae6890be92feb199aeee53fe2243431a5c1523772c3b,"{""c"":""expansion-H-double-injection-ghz"",""d1"":2,""d2"":11,""noise"":""uniform"",""p"":0.001}","{""C0"":1144,""C1"":16180,""C10"":102820,""C11"":76706,""C12"":71114,""C13"":80627,""C14"":4459,""C15"":32622,""C16"":20205,""C17"":27530,""C18"":48490,""C19"":12334,""C2"":7955,""C20"":16371,""C21"":10404,""C22"":212755,""C23"":317676,""C24"":7170,""C25"":58809,""C26"":20317,""C27"":30861,""C28"":98291,""C29"":10435,""C3"":13774,""C30"":647541,""C31"":11363,""C32"":49801,""C33"":211010,""C34"":226664,""C35"":116021,""C36"":106690,""C37"":14061,""C38"":74459,""C39"":103256,""C4"":44052,""C40"":493064,""C41"":25730,""C42"":78837,""C43"":98962,""C44"":48954,""C45"":372423,""C46"":23642026,""C5"":9312,""C6"":532612,""C7"":21918,""C8"":6158,""C9"":102795,""E0"":1464,""E1"":222833,""E10"":6705,""E11"":14445,""E12"":10329,""E13"":19750,""E14"":451,""E15"":1422,""E16"":865,""E17"":723,""E18"":5378,""E19"":2130,""E2"":6428,""E20"":309,""E21"":249,""E22"":2799,""E23"":6331,""E24"":75,""E25"":321,""E26"":99,""E27"":193,""E28"":426,""E29"":76,""E3"":15057,""E30"":1791,""E31"":46,""E32"":98,""E33"":774,""E34"":405,""E35"":140,""E36"":90,""E37"":46,""E38"":45,""E39"":47,""E4"":11197,""E40"":1302,""E41"":11,""E42"":35,""E43"":40,""E44"":25,""E45"":1221,""E46"":1811,""E5"":3909,""E6"":210349,""E7"":11274,""E8"":2995,""E9"":7082}"
   5770035,    102072,    600291,   708.8,PymatchingGapSampler,6fa4fcdb5685f709b93f77e8450b083034df6cde12a3afddbcaca98b71ab07b2,"{""c"":""expansion-H-double-injection-ghz"",""d1"":2,""d2"":11,""noise"":""uniform"",""p"":0.001}","{""C0"":208,""C1"":2896,""C10"":18336,""C11"":13596,""C12"":12764,""C13"":14229,""C14"":798,""C15"":5697,""C16"":3596,""C17"":5015,""C18"":8469,""C19"":2331,""C2"":1477,""C20"":2950,""C21"":1825,""C22"":38285,""C23"":56441,""C24"":1237,""C25"":10547,""C26"":3612,""C27"":5646,""C28"":17377,""C29"":1930,""C3"":2525,""C30"":115821,""C31"":2072,""C32"":9061,""C33"":37753,""C34"":40489,""C35"":20863,""C36"":19085,""C37"":2606,""C38"":13405,""C39"":18345,""C4"":7866,""C40"":87920,""C41"":4650,""C42"":14001,""C43"":17492,""C44"":8629,""C45"":66222,""C46"":4229779,""C5"":1581,""C6"":95000,""C7"":3928,""C8"":1114,""C9"":18203,""E0"":264,""E1"":39651,""E10"":1192,""E11"":2539,""E12"":1785,""E13"":3412,""E14"":115,""E15"":254,""E16"":159,""E17"":132,""E18"":978,""E19"":403,""E2"":1194,""E20"":62,""E21"":36,""E22"":481,""E23"":1087,""E24"":7,""E25"":60,""E26"":22,""E27"":37,""E28"":70,""E29"":15,""E3"":2604,""E30"":310,""E31"":4,""E32"":19,""E33"":145,""E34"":64,""E35"":22,""E36"":5,""E37"":9,""E38"":6,""E39"":10,""E4"":2044,""E40"":231,""E41"":8,""E42"":10,""E43"":5,""E44"":5,""E45"":237,""E46"":353,""E5"":693,""E6"":37621,""E7"":1900,""E8"":504,""E9"":1308}"
   4207138,    100009,    824203,   679.2,PymatchingGapSampler,fd93ca0f767dadc058194884fa2eaf485d2d06338c08a1ea1227939a2b168e4a,"{""c"":""expansion-H-double-injection-ghz"",""d1"":2,""d2"":11,""noise"":""uniform"",""p"":0.002}","{""C0"":2766,""C1"":2819,""C10"":39484,""C11"":3344,""C12"":8913,""C13"":5634,""C14"":5011,""C15"":12169,""C16"":4477,""C17"":6350,""C18"":4137,""C19"":44212,""C2"":47942,""C20"":67396,""C21"":3538,""C22"":14679,""C23"":5794,""C24"":8500,""C25"":21765,""C26"":113964,""C27"":21065,""C28"":6153,""C29"":14143,""C3"":4277,""C30"":42840,""C31"":44006,""C32"":22624,""C33"":24978,""C34"":6133,""C35"":19310,""C36"":31885,""C37"":97929,""C38"":9899,""C39"":75622,""C4"":13805,""C40"":2247844,""C5"":3393,""C6"":115444,""C7"":6733,""C8"":16960,""C9"":34989,""E0"":1496,""E1"":2931,""E10"":7974,""E11"":359,""E12"":808,""E13"":434,""E14"":350,""E15"":1166,""E16"":681,""E17"":224,""E18"":706,""E19"":1183,""E2"":6023,""E20"":2310,""E21"":77,""E22"":204,""E23"":80,""E24"":129,""E25"":206,""E26"":706,""E27"":142,""E28"":117,""E29"":86,""E3"":2817,""E30"":301,""E31"":119,""E32"":54,""E33"":43,""E34"":53,""E35"":45,""E36"":43,""E37"":553,""E38"":16,""E39"":515,""E4"":4660,""E40"":839,""E5"":1370,""E6"":45898,""E7"":3094,""E8"":6075,""E9"":5122}"
  51332369,     26842,    162369,  2328.8,PymatchingGapSampler,456ca7dde81da10d42de273289db7647cc1589b8546d78c7706ccdf387f8ee98,"{""c"":""expansion-H-double-injection-ghz"",""d1"":2,""d2"":11,""noise"":""uniform_atoms"",""p"":0.0001}","{""C0"":16,""C1"":4903,""C10"":1458,""C11"":675,""C12"":2021,""C13"":79,""C14"":365,""C15"":38,""C16"":49,""C17"":24,""C18"":29,""C19"":1012,""C2"":39,""C20"":33,""C21"":12,""C22"":13,""C23"":18,""C24"":28,""C25"":18,""C26"":1911,""C27"":3871,""C28"":22,""C29"":364,""C3"":1680,""C30"":5137,""C31"":3264,""C32"":2792,""C33"":1383,""C34"":3774,""C35"":27525,""C36"":10760,""C37"":1454,""C38"":3895,""C39"":7645,""C4"":4784,""C40"":11772,""C41"":38914,""C42"":111,""C43"":10898,""C44"":131,""C45"":1416,""C46"":15286,""C47"":173,""C48"":14549,""C49"":36487,""C5"":10604,""C50"":36601,""C51"":800,""C52"":19624,""C53"":37238,""C54"":1741,""C55"":12387,""C56"":10579,""C57"":1127,""C58"":1439,""C59"":2012,""C6"":25,""C60"":456,""C61"":61,""C62"":147,""C63"":2429,""C64"":65,""C65"":2854,""C66"":8279,""C67"":44,""C68"":2772,""C69"":6397,""C7"":60,""C70"":5070,""C71"":81,""C72"":21696,""C73"":14314,""C74"":27912,""C75"":7132,""C76"":11586,""C77"":7486,""C78"":36871,""C79"":41371,""C8"":7621,""C80"":22821,""C81"":14730,""C82"":28369,""C83"":12123,""C84"":45952,""C85"":50459420,""C9"":34,""E0"":5,""E1"":6758,""E10"":4,""E11"":4,""E12"":2,""E13"":11,""E14"":4,""E15"":3,""E16"":2,""E19"":7,""E2"":31,""E20"":2,""E21"":3,""E22"":3,""E24"":1,""E25"":2,""E26"":9155,""E27"":698,""E28"":1,""E29"":4,""E3"":838,""E30"":10,""E31"":10,""E32"":3,""E33"":1016,""E34"":1459,""E35"":348,""E36"":5,""E37"":306,""E38"":6,""E39"":1,""E4"":1341,""E40"":1,""E41"":6,""E43"":1,""E45"":1,""E46"":2,""E49"":8,""E5"":2228,""E50"":3,""E53"":1,""E6"":2,""E7"":19,""E74"":2,""E8"":1515,""E82"":1,""E85"":4,""E9"":1005}"
 190879128,    101162,    605628, 17067.5,PymatchingGapSampler,0d7cee80bbcf3af5b230c469352f0e2f882ad433c95c60b6bb9a5203d525f42a,"{""c"":""expansion-H-double-injection-ghz"",""d1"":2,""d2"":11,""noise"":""uniform_atoms"",""p"":0.0001}","{""C0"":41,""C1"":17693,""C10"":5300,""C11"":2707,""C12"":7655,""C13"":201,""C14"":1384,""C15"":99,""C16"":163,""C17"":81,""C18"":122,""C19"":3930,""C2"":109,""C20"":79,""C21"":53,""C22"":50,""C23"":73,""C24"":145,""C25"":48,""C26"":6884,""C27"":14516,""C28"":93,""C29"":1425,""C3"":6437,""C30"":19111,""C31"":12605,""C32"":10338,""C33"":5120,""C34"":14066,""C35"":100808,""C36"":40895,""C37"":5339,""C38"":14087,""C39"":27822,""C4"":17682,""C40"":44447,""C41"":145711,""C42"":479,""C43"":40225,""C44"":429,""C45"":5336,""C46"":57170,""C47"":578,""C48"":54008,""C49"":136410,""C5"":39187,""C50"":137380,""C51"":2913,""C52"":74592,""C53"":137120,""C54"":6735,""C55"":45263,""C56"":39445,""C57"":3958,""C58"":5439,""C59"":7858,""C6"":79,""C60"":1622,""C61"":251,""C62"":442,""C63"":8995,""C64"":201,""C65"":10429,""C66"":30566,""C67"":165,""C68"":10396,""C69"":23969,""C7"":227,""C70"":18880,""C71"":374,""C72"":80237,""C73"":53088,""C74"":102798,""C75"":26634,""C76"":43051,""C77"":27889,""C78"":136584,""C79"":153415,""C8"":28204,""C80"":84292,""C81"":54465,""C82"":105332,""C83"":45548,""C84"":169229,""C85"":187633015,""C9"":117,""E0"":30,""E1"":25849,""E10"":23,""E11"":28,""E12"":16,""E13"":41,""E14"":15,""E15"":17,""E16"":13,""E17"":7,""E18"":14,""E19"":17,""E2"":108,""E20"":10,""E21"":13,""E22"":13,""E23"":3,""E24"":12,""E25"":12,""E26"":34683,""E27"":2593,""E28"":16,""E29"":11,""E3"":3106,""E30"":34,""E31"":25,""E32"":17,""E33"":3595,""E34"":5315,""E35"":1323,""E36"":15,""E37"":1307,""E38"":16,""E39"":5,""E4"":5233,""E40"":10,""E41"":29,""E42"":1,""E43"":5,""E45"":2,""E46"":6,""E48"":6,""E49"":9,""E5"":8154,""E50"":5,""E52"":4,""E53"":1,""E57"":1,""E6"":22,""E7"":72,""E73"":1,""E74"":1,""E76"":2,""E8"":5657,""E80"":2,""E82"":1,""E85"":6,""E9"":3630}"
  49054993,     52189,    310814,  2329.8,PymatchingGapSampler,999ef94401fe72160efe33ddfaf4e4bf87b3915ed8317ef50b98cf13381f9626,"{""c"":""expansion-H-double-injection-ghz"",""d1"":2,""d2"":11,""noise"":""uniform_atoms"",""p"":0.0002}","{""C0"":36,""C1"":9205,""C10"":2748,""C11"":1423,""C12"":3948,""C13"":238,""C14"":774,""C15"":129,""C16"":185,""C17"":107,""C18"":122,""C19"":2106,""C2"":119,""C20"":133,""C21"":138,""C22"":60,""C23"":3619,""C24"":7380,""C25"":109,""C26"":6022,""C27"":4784,""C28"":6587,""C29"":5185,""C3"":3387,""C30"":2643,""C31"":7207,""C32"":51570,""C33"":21017,""C34"":2883,""C35"":7369,""C36"":14228,""C37"":22663,""C38"":73874,""C39"":473,""C4"":9230,""C40"":20640,""C41"":437,""C42"":2730,""C43"":29006,""C44"":591,""C45"":27800,""C46"":68682,""C47"":70502,""C48"":1679,""C49"":38132,""C5"":20059,""C50"":69938,""C51"":3587,""C52"":23733,""C53"":20261,""C54"":2901,""C55"":2956,""C56"":4217,""C57"":2878,""C58"":234,""C59"":5592,""C6"":85,""C60"":17474,""C61"":271,""C62"":5522,""C63"":10414,""C64"":9614,""C65"":459,""C66"":43028,""C67"":26685,""C68"":51634,""C69"":13912,""C7"":194,""C70"":21840,""C71"":14404,""C72"":69493,""C73"":77591,""C74"":42881,""C75"":27893,""C76"":53330,""C77"":23261,""C78"":85646,""C79"":47393590,""C8"":14362,""C9"":151,""E0"":25,""E1"":13019,""E10"":32,""E11"":26,""E12"":15,""E13"":54,""E14"":17,""E15"":21,""E16"":16,""E17"":9,""E18"":16,""E19"":15,""E2"":118,""E20"":4,""E21"":10,""E22"":7,""E23"":17690,""E24"":1269,""E25"":15,""E26"":40,""E27"":21,""E28"":38,""E29"":20,""E3"":1645,""E30"":1868,""E31"":2762,""E32"":724,""E33"":13,""E34"":600,""E35"":20,""E36"":6,""E37"":5,""E38"":33,""E39"":2,""E4"":2654,""E40"":9,""E42"":2,""E43"":3,""E44"":3,""E45"":7,""E46"":13,""E47"":11,""E49"":5,""E5"":4386,""E50"":5,""E6"":20,""E67"":2,""E68"":1,""E7"":85,""E70"":1,""E74"":2,""E76"":4,""E79"":2,""E8"":2897,""E9"":1902}"
  96939690,    103061,    615188,  8988.9,PymatchingGapSampler,81998cc964295f5dc14d8895e101e8765c280684a34c766aa431645bf033edcf,"{""c"":""expansion-H-double-injection-ghz"",""d1"":2,""d2"":11,""noise"":""uniform_atoms"",""p"":0.0002}","{""C0"":75,""C1"":17911,""C10"":5571,""C11"":2935,""C12"":7863,""C13"":429,""C14"":1482,""C15"":274,""C16"":349,""C17"":222,""C18"":260,""C19"":3990,""C2"":233,""C20"":264,""C21"":222,""C22"":113,""C23"":7214,""C24"":14833,""C25"":220,""C26"":11784,""C27"":9230,""C28"":13038,""C29"":10607,""C3"":6565,""C30"":5426,""C31"":14265,""C32"":101875,""C33"":41217,""C34"":5614,""C35"":14441,""C36"":28270,""C37"":44594,""C38"":144809,""C39"":890,""C4"":17918,""C40"":40648,""C41"":883,""C42"":5487,""C43"":57038,""C44"":1178,""C45"":54984,""C46"":136975,""C47"":138227,""C48"":3233,""C49"":75068,""C5"":39762,""C50"":137626,""C51"":6891,""C52"":45747,""C53"":39735,""C54"":5725,""C55"":5927,""C56"":8405,""C57"":5858,""C58"":492,""C59"":11053,""C6"":138,""C60"":34549,""C61"":575,""C62"":11238,""C63"":21074,""C64"":19249,""C65"":899,""C66"":84560,""C67"":52940,""C68"":103502,""C69"":27334,""C7"":414,""C70"":43128,""C71"":28724,""C72"":136795,""C73"":153034,""C74"":84539,""C75"":55433,""C76"":105410,""C77"":46231,""C78"":168984,""C79"":93658011,""C8"":28502,""C9"":233,""E0"":65,""E1"":26140,""E10"":40,""E11"":38,""E12"":33,""E13"":110,""E14"":27,""E15"":49,""E16"":19,""E17"":18,""E18"":27,""E19"":22,""E2"":194,""E20"":9,""E21"":16,""E22"":13,""E23"":35068,""E24"":2604,""E25"":22,""E26"":63,""E27"":38,""E28"":59,""E29"":39,""E3"":3245,""E30"":3688,""E31"":5468,""E32"":1376,""E33"":25,""E34"":1322,""E35"":30,""E36"":12,""E37"":11,""E38"":62,""E39"":3,""E4"":5229,""E40"":7,""E41"":3,""E43"":15,""E44"":1,""E45"":7,""E46"":25,""E47"":14,""E48"":1,""E49"":9,""E5"":8234,""E50"":6,""E52"":1,""E6"":56,""E60"":1,""E62"":1,""E64"":1,""E66"":1,""E67"":1,""E68"":4,""E7"":133,""E71"":1,""E74"":5,""E76"":5,""E79"":3,""E8"":5688,""E9"":3654}"
  54697233,     88004,    519425,  2319.4,PymatchingGapSampler,5117839f20abc4d874e6637d5c6ee63a00424f54c5bb9f11818e7a280f036ae6,"{""c"":""expansion-H-double-injection-ghz"",""d1"":2,""d2"":11,""noise"":""uniform_atoms"",""p"":0.0003}","{""C0"":121,""C1"":15067,""C10"":4635,""C11"":2522,""C12"":6580,""C13"":582,""C14"":1502,""C15"":311,""C16"":479,""C17"":337,""C18"":361,""C19"":3744,""C2"":304,""C20"":317,""C21"":2439,""C22"":16181,""C23"":318,""C24"":1483,""C25"":16521,""C26"":11000,""C27"":9013,""C28"":4786,""C29"":322,""C3"":5568,""C30"":64793,""C31"":67529,""C32"":4825,""C33"":3867,""C34"":32214,""C35"":4027,""C36"":156421,""C37"":1240,""C38"":21909,""C39"":13728,""C4"":15010,""C40"":5012,""C41"":5234,""C42"":44362,""C43"":46262,""C44"":65638,""C45"":106674,""C46"":61893,""C47"":60167,""C48"":80735,""C49"":44334,""C5"":33217,""C50"":38366,""C51"":34803,""C52"":1019,""C53"":8310,""C54"":11937,""C55"":9170,""C56"":17536,""C57"":10001,""C58"":3956,""C59"":25880,""C6"":179,""C60"":17016,""C61"":926,""C62"":26381,""C63"":44173,""C64"":126637,""C65"":23880,""C66"":29423,""C67"":22709,""C68"":110235,""C69"":126040,""C7"":489,""C70"":28535,""C71"":73239,""C72"":88412,""C73"":52643,""C74"":67469,""C75"":52022384,""C8"":24159,""C9"":313,""E0"":86,""E1"":21858,""E10"":78,""E11"":68,""E12"":39,""E13"":128,""E14"":60,""E15"":31,""E16"":41,""E17"":48,""E18"":32,""E19"":31,""E2"":257,""E20"":31,""E21"":10240,""E22"":21508,""E23"":32,""E24"":45,""E25"":103,""E26"":88,""E27"":35,""E28"":3050,""E29"":18,""E3"":2923,""E30"":5866,""E31"":96,""E32"":1066,""E33"":39,""E34"":13,""E35"":11,""E36"":73,""E37"":3,""E38"":4,""E39"":10,""E4"":4455,""E40"":4,""E41"":8,""E42"":6,""E43"":17,""E44"":7,""E45"":36,""E46"":10,""E47"":19,""E48"":1,""E49"":1,""E5"":7151,""E51"":2,""E56"":2,""E59"":1,""E6"":47,""E61"":1,""E63"":1,""E65"":1,""E7"":175,""E70"":1,""E71"":2,""E72"":4,""E75"":13,""E8"":4910,""E9"":3118}"
  65192072,    104382,    619254,  6475.6,PymatchingGapSampler,dbefae1d3c920599d05b5700e88e8fc484a60f0391b5474df835227b68adf997,"{""c"":""expansion-H-double-injection-ghz"",""d1"":2,""d2"":11,""noise"":""uniform_atoms"",""p"":0.0003}","{""C0"":129,""C1"":18089,""C10"":5549,""C11"":3027,""C12"":7826,""C13"":720,""C14"":1787,""C15"":380,""C16"":572,""C17"":338,""C18"":405,""C19"":4493,""C2"":342,""C20"":343,""C21"":2920,""C22"":19093,""C23"":372,""C24"":1753,""C25"":19592,""C26"":13150,""C27"":10736,""C28"":5741,""C29"":382,""C3"":6877,""C30"":76782,""C31"":80544,""C32"":5833,""C33"":4663,""C34"":38466,""C35"":4610,""C36"":186226,""C37"":1578,""C38"":25901,""C39"":16526,""C4"":18148,""C40"":5927,""C41"":6189,""C42"":52865,""C43"":55681,""C44"":77988,""C45"":126435,""C46"":74715,""C47"":71669,""C48"":96664,""C49"":52759,""C5"":40149,""C50"":45804,""C51"":41200,""C52"":1154,""C53"":9742,""C54"":13839,""C55"":10820,""C56"":21138,""C57"":11968,""C58"":4775,""C59"":30678,""C6"":237,""C60"":20346,""C61"":1080,""C62"":31370,""C63"":52311,""C64"":151083,""C65"":28503,""C66"":35056,""C67"":27273,""C68"":132116,""C69"":150998,""C7"":614,""C70"":33974,""C71"":87521,""C72"":105991,""C73"":63138,""C74"":81155,""C75"":62000560,""C8"":28700,""C9"":358,""E0"":123,""E1"":26059,""E10"":66,""E11"":94,""E12"":52,""E13"":146,""E14"":67,""E15"":42,""E16"":50,""E17"":33,""E18"":34,""E19"":35,""E2"":314,""E20"":43,""E21"":12191,""E22"":25492,""E23"":28,""E24"":56,""E25"":85,""E26"":122,""E27"":52,""E28"":3726,""E29"":30,""E3"":3362,""E30"":6744,""E31"":94,""E32"":1313,""E33"":35,""E34"":24,""E35"":10,""E36"":87,""E38"":8,""E39"":8,""E4"":5290,""E40"":2,""E41"":10,""E42"":3,""E43"":8,""E44"":11,""E45"":28,""E46"":10,""E47"":13,""E48"":7,""E49"":2,""E5"":8436,""E50"":1,""E51"":1,""E54"":1,""E56"":1,""E6"":77,""E60"":1,""E62"":1,""E63"":6,""E65"":3,""E67"":2,""E7"":209,""E70"":4,""E71"":3,""E72"":14,""E75"":13,""E8"":5902,""E9"":3698}"
  49402129,    133362,    775621,  2323.2,PymatchingGapSampler,cdc1cb425fdc3d828667fbaf809a661915e4c3d60f550c85318342b1338988e1,"{""c"":""expansion-H-double-injection-ghz"",""d1"":2,""d2"":11,""noise"":""uniform_atoms"",""p"":0.0005}","{""C0"":248,""C1"":22896,""C10"":7393,""C11"":4465,""C12"":10137,""C13"":1469,""C14"":2569,""C15"":839,""C16"":1359,""C17"":1012,""C18"":916,""C19"":14717,""C2"":742,""C20"":19262,""C21"":785,""C22"":2782,""C23"":24858,""C24"":16710,""C25"":13666,""C26"":7394,""C27"":18641,""C28"":126696,""C29"":51562,""C3"":8884,""C30"":7845,""C31"":18889,""C32"":35938,""C33"":55206,""C34"":180849,""C35"":2899,""C36"":51554,""C37"":2640,""C38"":8024,""C39"":72101,""C4"":22916,""C40"":3731,""C41"":68931,""C42"":170020,""C43"":172750,""C44"":5504,""C45"":94043,""C46"":172010,""C47"":10158,""C48"":56920,""C49"":56354,""C5"":50284,""C50"":6434,""C51"":21305,""C52"":49655,""C53"":2656,""C54"":2212,""C55"":41039,""C56"":29923,""C57"":2758,""C58"":101243,""C59"":66744,""C6"":520,""C60"":125720,""C61"":35913,""C62"":57485,""C63"":36932,""C64"":167284,""C65"":185410,""C66"":103760,""C67"":69417,""C68"":127072,""C69"":58404,""C7"":1263,""C70"":206643,""C71"":45276379,""C8"":36613,""C9"":794,""E0"":198,""E1"":32724,""E10"":141,""E11"":217,""E12"":136,""E13"":329,""E14"":140,""E15"":156,""E16"":84,""E17"":85,""E18"":89,""E19"":43746,""E2"":638,""E20"":3458,""E21"":85,""E22"":104,""E23"":189,""E24"":215,""E25"":101,""E26"":4561,""E27"":7000,""E28"":1841,""E29"":105,""E3"":4453,""E30"":1629,""E31"":91,""E32"":40,""E33"":40,""E34"":149,""E35"":1,""E36"":17,""E37"":9,""E38"":5,""E39"":28,""E4"":6641,""E40"":5,""E41"":17,""E42"":81,""E43"":44,""E44"":1,""E45"":26,""E46"":14,""E47"":2,""E48"":3,""E49"":1,""E5"":10791,""E55"":3,""E57"":2,""E58"":1,""E59"":5,""E6"":164,""E60"":6,""E62"":2,""E63"":1,""E64"":1,""E65"":2,""E66"":11,""E68"":16,""E69"":1,""E7"":441,""E71"":38,""E8"":7429,""E9"":4809}"
  37898103,    101869,    597950,  4080.5,PymatchingGapSampler,8e02585f6564417a09a314b5dd2969c66c708193f7099488cd35900620993b8c,"{""c"":""expansion-H-double-injection-ghz"",""d1"":2,""d2"":11,""noise"":""uniform_atoms"",""p"":0.0005}","{""C0"":226,""C1"":17582,""C10"":5645,""C11"":3488,""C12"":7814,""C13"":1102,""C14"":1980,""C15"":708,""C16"":1047,""C17"":793,""C18"":759,""C19"":11220,""C2"":582,""C20"":14696,""C21"":594,""C22"":2051,""C23"":18838,""C24"":13067,""C25"":10631,""C26"":5596,""C27"":14359,""C28"":97673,""C29"":39628,""C3"":6702,""C30"":5996,""C31"":14452,""C32"":27563,""C33"":42795,""C34"":139522,""C35"":2308,""C36"":39299,""C37"":2090,""C38"":6186,""C39"":55069,""C4"":17712,""C40"":2884,""C41"":53729,""C42"":129246,""C43"":132571,""C44"":4167,""C45"":71929,""C46"":132407,""C47"":7904,""C48"":43960,""C49"":43156,""C5"":38360,""C50"":4854,""C51"":16160,""C52"":38159,""C53"":2033,""C54"":1728,""C55"":31315,""C56"":23059,""C57"":2069,""C58"":77157,""C59"":50769,""C6"":403,""C60"":96498,""C61"":27682,""C62"":44598,""C63"":28034,""C64"":128269,""C65"":142252,""C66"":80361,""C67"":53118,""C68"":97678,""C69"":44681,""C7"":954,""C70"":158422,""C71"":34729650,""C8"":27706,""C9"":589,""E0"":152,""E1"":24811,""E10"":117,""E11"":168,""E12"":107,""E13"":246,""E14"":115,""E15"":118,""E16"":69,""E17"":76,""E18"":78,""E19"":33480,""E2"":482,""E20"":2605,""E21"":72,""E22"":92,""E23"":148,""E24"":167,""E25"":84,""E26"":3491,""E27"":5338,""E28"":1510,""E29"":62,""E3"":3471,""E30"":1211,""E31"":73,""E32"":32,""E33"":28,""E34"":116,""E35"":1,""E36"":16,""E37"":5,""E38"":5,""E39"":17,""E4"":5018,""E40"":2,""E41"":19,""E42"":67,""E43"":32,""E44"":1,""E45"":17,""E46"":5,""E47"":1,""E48"":2,""E49"":1,""E5"":8158,""E52"":1,""E53"":1,""E55"":2,""E56"":1,""E57"":1,""E58"":1,""E59"":4,""E6"":145,""E60"":2,""E61"":1,""E63"":2,""E66"":6,""E68"":9,""E7"":349,""E70"":1,""E71"":20,""E8"":5792,""E9"":3645}"
  31906953,    177653,    996153,  2336.9,PymatchingGapSampler,076f7a9f50d9f9fb5498c588833d81029b0573f107e3f5b6a5c05b0eb310fdc1,"{""c"":""expansion-H-double-injection-ghz"",""d1"":2,""d2"":11,""noise"":""uniform_atoms"",""p"":0.001}","{""C0"":690,""C1"":29347,""C10"":10416,""C11"":7220,""C12"":13589,""C13"":4214,""C14"":5312,""C15"":2580,""C16"":14829,""C17"":24998,""C18"":3415,""C19"":12342,""C2"":2005,""C20"":32980,""C21"":22163,""C22"":18519,""C23"":10731,""C24"":25384,""C25"":157765,""C26"":66415,""C27"":11960,""C28"":25773,""C29"":45852,""C3"":12271,""C30"":70086,""C31"":224628,""C32"":7129,""C33"":64670,""C34"":7123,""C35"":12424,""C36"":91326,""C37"":9790,""C38"":87243,""C39"":210339,""C4"":28951,""C40"":218888,""C41"":10164,""C42"":118294,""C43"":216679,""C44"":15597,""C45"":86402,""C46"":110559,""C47"":11051,""C48"":30707,""C49"":49874,""C5"":63173,""C50"":33828,""C51"":7800,""C52"":126538,""C53"":88702,""C54"":150953,""C55"":49738,""C56"":67088,""C57"":48130,""C58"":202740,""C59"":223771,""C6"":1452,""C60"":126841,""C61"":87725,""C62"":152746,""C63"":73686,""C64"":246987,""C65"":26685498,""C7"":3263,""C8"":47389,""C9"":2405,""E0"":575,""E1"":41156,""E10"":437,""E11"":556,""E12"":462,""E13"":785,""E14"":423,""E15"":451,""E16"":55585,""E17"":4620,""E18"":269,""E19"":405,""E2"":1684,""E20"":571,""E21"":505,""E22"":298,""E23"":5795,""E24"":8839,""E25"":2775,""E26"":280,""E27"":2022,""E28"":255,""E29"":125,""E3"":6397,""E30"":134,""E31"":367,""E32"":26,""E33"":65,""E34"":16,""E35"":17,""E36"":77,""E37"":22,""E38"":68,""E39"":259,""E4"":8675,""E40"":135,""E41"":2,""E42"":57,""E43"":35,""E44"":1,""E45"":7,""E46"":12,""E47"":6,""E48"":11,""E49"":2,""E5"":14382,""E50"":1,""E52"":3,""E53"":20,""E54"":11,""E55"":5,""E56"":5,""E57"":16,""E58"":2,""E59"":3,""E6"":464,""E60"":17,""E61"":1,""E62"":34,""E64"":1,""E65"":71,""E7"":1173,""E8"":10112,""E9"":6068}"
  18527300,    102867,    577663,  2428.7,PymatchingGapSampler,c84ce9aec0af916d63608e56c676d9a1c76977f6c8e799fd56ab77504eccd768,"{""c"":""expansion-H-double-injection-ghz"",""d1"":2,""d2"":11,""noise"":""uniform_atoms"",""p"":0.001}","{""C0"":409,""C1"":17041,""C10"":6153,""C11"":4229,""C12"":7918,""C13"":2496,""C14"":3194,""C15"":1410,""C16"":8820,""C17"":14365,""C18"":1870,""C19"":7372,""C2"":1134,""C20"":18965,""C21"":13039,""C22"":10838,""C23"":6152,""C24"":14752,""C25"":91936,""C26"":38735,""C27"":6935,""C28"":14892,""C29"":26442,""C3"":7153,""C30"":40345,""C31"":129870,""C32"":4147,""C33"":37691,""C34"":4072,""C35"":7454,""C36"":52451,""C37"":5739,""C38"":50433,""C39"":121174,""C4"":16685,""C40"":127242,""C41"":5961,""C42"":68660,""C43"":125352,""C44"":9251,""C45"":50638,""C46"":63799,""C47"":6443,""C48"":17709,""C49"":29185,""C5"":36655,""C50"":19757,""C51"":4492,""C52"":73325,""C53"":51786,""C54"":87326,""C55"":28902,""C56"":38601,""C57"":27879,""C58"":118331,""C59"":130602,""C6"":847,""C60"":73389,""C61"":50822,""C62"":89189,""C63"":43147,""C64"":143214,""C65"":15497048,""C7"":1960,""C8"":27652,""C9"":1295,""E0"":346,""E1"":23905,""E10"":310,""E11"":335,""E12"":275,""E13"":447,""E14"":275,""E15"":216,""E16"":32091,""E17"":2631,""E18"":157,""E19"":241,""E2"":956,""E20"":365,""E21"":297,""E22"":181,""E23"":3327,""E24"":5166,""E25"":1607,""E26"":155,""E27"":1240,""E28"":115,""E29"":55,""E3"":3671,""E30"":63,""E31"":220,""E32"":9,""E33"":29,""E34"":10,""E35"":12,""E36"":38,""E37"":10,""E38"":48,""E39"":157,""E4"":5083,""E40"":82,""E41"":2,""E42"":33,""E43"":12,""E44"":1,""E45"":7,""E46"":7,""E48"":7,""E5"":8314,""E50"":2,""E51"":1,""E52"":7,""E53"":12,""E54"":5,""E56"":1,""E57"":5,""E58"":2,""E6"":272,""E60"":11,""E62"":19,""E63"":1,""E64"":2,""E65"":36,""E7"":627,""E8"":5751,""E9"":3605}"
   9364275,    110070,    573537,  1666.8,PymatchingGapSampler,cb9e3507df310744d945d9c85f76a242b8798a0faefe153863186290b2c1ef66,"{""c"":""expansion-H-double-injection-ghz"",""d1"":2,""d2"":11,""noise"":""uniform_atoms"",""p"":0.002}","{""C0"":897,""C1"":16941,""C10"":7838,""C11"":6971,""C12"":9077,""C13"":11654,""C14"":17666,""C15"":3878,""C16"":15792,""C17"":11402,""C18"":15037,""C19"":17151,""C2"":2334,""C20"":8956,""C21"":15993,""C22"":86633,""C23"":38441,""C24"":9792,""C25"":16500,""C26"":26530,""C27"":38889,""C28"":120119,""C29"":8302,""C3"":8158,""C30"":36095,""C31"":8290,""C32"":9563,""C33"":51123,""C34"":13150,""C35"":49434,""C36"":112363,""C37"":124049,""C38"":9002,""C39"":73150,""C4"":17236,""C40"":132510,""C41"":12874,""C42"":48699,""C43"":53800,""C44"":23243,""C45"":14711,""C46"":73878,""C47"":46062,""C48"":78032,""C49"":33328,""C5"":36038,""C50"":39011,""C51"":29744,""C52"":106236,""C53"":107938,""C54"":65919,""C55"":49300,""C56"":80285,""C57"":41285,""C58"":124277,""C59"":6428001,""C6"":1998,""C7"":4011,""C8"":27952,""C9"":3130,""E0"":715,""E1"":23201,""E10"":607,""E11"":779,""E12"":633,""E13"":31066,""E14"":3128,""E15"":528,""E16"":807,""E17"":498,""E18"":702,""E19"":511,""E2"":1986,""E20"":3242,""E21"":5030,""E22"":1943,""E23"":334,""E24"":1114,""E25"":287,""E26"":109,""E27"":149,""E28"":421,""E29"":50,""E3"":4490,""E30"":87,""E31"":47,""E32"":34,""E33"":80,""E34"":44,""E35"":78,""E36"":273,""E37"":124,""E38"":15,""E39"":59,""E4"":5366,""E40"":45,""E41"":8,""E42"":17,""E43"":30,""E44"":10,""E45"":1,""E46"":10,""E47"":27,""E48"":15,""E49"":8,""E5"":8945,""E50"":3,""E51"":11,""E52"":7,""E53"":5,""E54"":13,""E55"":2,""E56"":28,""E57"":4,""E58"":4,""E59"":85,""E6"":716,""E7"":1367,""E8"":6339,""E9"":3833}"
  97716633,    105445,   2286692,  8024.5,PymatchingGapSampler,673941f82c8754a458b8d468387065408b6e1d1cee3ace0db7d6d58a82064353,"{""c"":""expansion-H-double-injection-ghz-syndrome"",""d1"":2,""d2"":11,""noise"":""uniform"",""p"":0.0001}","{""C0"":25392,""C1"":26862,""C10"":38556,""C11"":2024,""C12"":117,""C13"":88,""C14"":120,""C15"":101,""C16"":113,""C17"":843,""C18"":1347,""C19"":2644,""C2"":1390,""C20"":66,""C21"":733,""C22"":3309,""C23"":633,""C24"":1958,""C25"":10172,""C26"":6945,""C27"":5076,""C28"":3291,""C29"":1988,""C3"":85,""C30"":23476,""C31"":18314,""C32"":24982,""C33"":45021,""C34"":15400,""C35"":33578,""C36"":31170,""C37"":7111,""C38"":33281,""C39"":29832,""C4"":1444,""C40"":79489,""C41"":959,""C42"":16144,""C43"":83671,""C44"":84484,""C45"":40668,""C46"":39706,""C47"":405,""C48"":26198,""C49"":32800,""C5"":2616,""C50"":963,""C51"":2110,""C52"":331,""C53"":37074,""C54"":52021,""C55"":270,""C56"":312,""C57"":25362,""C58"":38933,""C59"":5777,""C6"":814,""C60"":262,""C61"":10856,""C62"":12659,""C63"":282,""C64"":8524,""C65"":12841,""C66"":7835,""C67"":6488,""C68"":31616,""C69"":49920,""C7"":130,""C70"":37890,""C71"":346,""C72"":94138917,""C8"":120,""C9"":37241,""E0"":47144,""E1"":23509,""E10"":1924,""E11"":20,""E12"":625,""E13"":11,""E14"":15,""E15"":21,""E16"":14,""E17"":21478,""E18"":12,""E19"":2583,""E2"":739,""E20"":3,""E21"":2,""E22"":25,""E23"":27,""E24"":23,""E25"":32,""E26"":18,""E27"":19,""E28"":676,""E29"":679,""E3"":50,""E30"":17,""E31"":21,""E32"":41,""E33"":673,""E34"":17,""E35"":20,""E36"":13,""E37"":4,""E38"":15,""E39"":14,""E4"":1353,""E40"":17,""E42"":4,""E43"":23,""E44"":7,""E45"":2,""E46"":3,""E48"":1,""E49"":1,""E5"":1329,""E53"":1,""E54"":15,""E55"":1,""E6"":82,""E61"":3,""E63"":2,""E64"":1,""E69"":13,""E7"":51,""E72"":74,""E8"":28,""E9"":1950}"
  48179063,    103454,   2226456,  4196.6,PymatchingGapSampler,7c9409c858117250148d6ec1539d0471f276694648fe28be617135ed697d4b06,"{""c"":""expansion-H-double-injection-ghz-syndrome"",""d1"":2,""d2"":11,""noise"":""uniform"",""p"":0.0002}","{""C0"":24211,""C1"":25915,""C10"":37661,""C11"":2076,""C12"":224,""C13"":209,""C14"":886,""C15"":1401,""C16"":894,""C17"":341,""C18"":805,""C19"":5019,""C2"":1522,""C20"":754,""C21"":1957,""C22"":10001,""C23"":6927,""C24"":5079,""C25"":3335,""C26"":2028,""C27"":22603,""C28"":17826,""C29"":24256,""C3"":202,""C30"":42967,""C31"":14909,""C32"":31815,""C33"":29522,""C34"":6950,""C35"":31572,""C36"":28635,""C37"":75503,""C38"":1189,""C39"":15762,""C4"":1539,""C40"":79763,""C41"":80888,""C42"":38433,""C43"":38348,""C44"":779,""C45"":25066,""C46"":31468,""C47"":1272,""C48"":2278,""C49"":647,""C5"":2808,""C50"":35448,""C51"":49684,""C52"":523,""C53"":6020,""C54"":24883,""C55"":45192,""C56"":12220,""C57"":586,""C58"":9983,""C59"":10804,""C6"":873,""C60"":7804,""C61"":6557,""C62"":31939,""C63"":47570,""C64"":35770,""C65"":710,""C66"":44708115,""C7"":293,""C8"":197,""C9"":35737,""E0"":45805,""E1"":22736,""E10"":1870,""E11"":58,""E12"":687,""E13"":30,""E14"":20758,""E15"":20,""E16"":2584,""E17"":23,""E18"":5,""E19"":55,""E2"":876,""E20"":65,""E21"":47,""E22"":84,""E23"":27,""E24"":48,""E25"":649,""E26"":643,""E27"":48,""E28"":47,""E29"":73,""E3"":129,""E30"":685,""E31"":43,""E32"":39,""E33"":19,""E34"":7,""E35"":15,""E36"":17,""E37"":44,""E38"":1,""E39"":1,""E4"":1364,""E40"":64,""E41"":13,""E42"":3,""E43"":7,""E44"":1,""E45"":2,""E46"":2,""E47"":1,""E5"":1296,""E50"":1,""E51"":35,""E53"":2,""E55"":11,""E56"":1,""E6"":125,""E63"":19,""E66"":125,""E7"":99,""E8"":50,""E9"":1995}"
  31942519,    100365,   2185772,  2915.9,PymatchingGapSampler,727280408b230b32b20b3a38e444203d33ebdffb340c9e11f717f5fccf855d5f,"{""c"":""expansion-H-double-injection-ghz-syndrome"",""d1"":2,""d2"":11,""noise"":""uniform"",""p"":0.0003}","{""C0"":23459,""C1"":25068,""C10"":35773,""C11"":2288,""C12"":1023,""C13"":1402,""C14"":965,""C15"":373,""C16"":971,""C17"":3387,""C18"":740,""C19"":3872,""C2"":1681,""C20"":9605,""C21"":6775,""C22"":5132,""C23"":3293,""C24"":2271,""C25"":22026,""C26"":497,""C27"":40746,""C28"":41528,""C29"":14512,""C3"":297,""C30"":29427,""C31"":2329,""C32"":30296,""C33"":30321,""C34"":32839,""C35"":66687,""C36"":7811,""C37"":15399,""C38"":76845,""C39"":34111,""C4"":1577,""C40"":79893,""C41"":36362,""C42"":1441,""C43"":1005,""C44"":53555,""C45"":1644,""C46"":2542,""C47"":971,""C48"":34448,""C49"":44674,""C5"":2799,""C50"":9231,""C51"":6611,""C52"":35156,""C53"":37546,""C54"":736,""C55"":12979,""C56"":14386,""C57"":2784,""C58"":33050,""C59"":46045,""C6"":1019,""C60"":24465,""C61"":13038,""C62"":28549903,""C7"":396,""C8"":313,""C9"":34064,""E0"":43951,""E1"":22013,""E10"":1859,""E11"":76,""E12"":20490,""E13"":36,""E14"":2376,""E15"":21,""E16"":29,""E17"":140,""E18"":95,""E19"":73,""E2"":928,""E20"":125,""E21"":44,""E22"":59,""E23"":630,""E24"":627,""E25"":46,""E26"":7,""E27"":172,""E28"":717,""E29"":43,""E3"":192,""E30"":44,""E31"":7,""E32"":45,""E33"":42,""E34"":31,""E35"":53,""E36"":7,""E37"":9,""E38"":72,""E39"":12,""E4"":1422,""E40"":22,""E41"":8,""E42"":1,""E44"":6,""E47"":1,""E48"":1,""E49"":39,""E5"":1266,""E50"":2,""E51"":8,""E52"":3,""E53"":1,""E55"":4,""E56"":2,""E57"":3,""E58"":1,""E59"":25,""E6"":175,""E60"":1,""E62"":166,""E7"":170,""E8"":82,""E9"":1885}"
  20613939,    104871,   2295415,  2042.3,PymatchingGapSampler,6600234470238e9f5011b3f5beb72e7e4f4f922a71603fd0d8510a9896469227,"{""c"":""expansion-H-double-injection-ghz-syndrome"",""d1"":2,""d2"":11,""noise"":""uniform"",""p"":0.0005}","{""C0"":24307,""C1"":26397,""C10"":37053,""C11"":3744,""C12"":1264,""C13"":556,""C14"":1366,""C15"":3648,""C16"":1288,""C17"":2725,""C18"":9707,""C19"":8896,""C2"":2027,""C20"":5349,""C21"":4011,""C22"":2891,""C23"":22206,""C24"":18330,""C25"":23864,""C26"":41967,""C27"":15058,""C28"":31609,""C29"":29193,""C3"":498,""C30"":7530,""C31"":31734,""C32"":28664,""C33"":74469,""C34"":2156,""C35"":15924,""C36"":78245,""C37"":77554,""C38"":37660,""C39"":36641,""C4"":1911,""C40"":1905,""C41"":24925,""C42"":31104,""C43"":2456,""C44"":3191,""C45"":6831,""C46"":35063,""C47"":57430,""C48"":12829,""C49"":1665,""C5"":3212,""C50"":30880,""C51"":44788,""C52"":8270,""C53"":7482,""C54"":31843,""C55"":46836,""C56"":34901,""C57"":1878,""C58"":17078014,""C6"":1269,""C7"":664,""C8"":581,""C9"":35194,""E0"":44697,""E1"":22593,""E10"":22106,""E11"":127,""E12"":3144,""E13"":42,""E14"":79,""E15"":149,""E16"":193,""E17"":179,""E18"":204,""E19"":78,""E2"":1252,""E20"":108,""E21"":722,""E22"":669,""E23"":112,""E24"":138,""E25"":172,""E26"":748,""E27"":84,""E28"":81,""E29"":53,""E3"":307,""E30"":11,""E31"":75,""E32"":50,""E33"":98,""E34"":2,""E35"":9,""E36"":120,""E37"":27,""E38"":19,""E39"":8,""E4"":1554,""E40"":1,""E41"":5,""E42"":4,""E43"":4,""E44"":1,""E45"":1,""E46"":1,""E47"":90,""E49"":1,""E5"":1512,""E50"":6,""E51"":1,""E52"":1,""E53"":4,""E54"":7,""E55"":44,""E58"":316,""E6"":344,""E7"":266,""E8"":226,""E9"":2026}"
  11194163,    105972,   2351285,  1298.1,PymatchingGapSampler,0eca82b9d88bd3556fb2f17be8417727366f1d1b43eafe1d6e904163802bca5f,"{""c"":""expansion-H-double-injection-ghz-syndrome"",""d1"":2,""d2"":11,""noise"":""uniform"",""p"":0.001}","{""C0"":23024,""C1"":25638,""C10"":34595,""C11"":3975,""C12"":4319,""C13"":1848,""C14"":3065,""C15"":10085,""C16"":7713,""C17"":6422,""C18"":4335,""C19"":5225,""C2"":2707,""C20"":21478,""C21"":17972,""C22"":23161,""C23"":39566,""C24"":15664,""C25"":30091,""C26"":27621,""C27"":8044,""C28"":30220,""C29"":27652,""C3"":978,""C30"":70229,""C31"":3681,""C32"":15942,""C33"":71319,""C34"":70745,""C35"":35749,""C36"":34546,""C37"":3671,""C38"":24251,""C39"":33770,""C4"":2580,""C40"":4181,""C41"":11926,""C42"":13309,""C43"":32626,""C44"":53787,""C45"":11360,""C46"":9635,""C47"":27770,""C48"":58022,""C49"":43573,""C5"":3882,""C50"":32116,""C51"":5567,""C52"":7647534,""C6"":1936,""C7"":2184,""C8"":2180,""C9"":33437,""E0"":42064,""E1"":22048,""E10"":1983,""E11"":265,""E12"":925,""E13"":388,""E14"":343,""E15"":412,""E16"":264,""E17"":344,""E18"":745,""E19"":755,""E2"":1809,""E20"":203,""E21"":254,""E22"":332,""E23"":887,""E24"":175,""E25"":194,""E26"":115,""E27"":47,""E28"":126,""E29"":108,""E3"":676,""E30"":209,""E31"":9,""E32"":31,""E33"":254,""E34"":73,""E35"":42,""E36"":27,""E37"":4,""E38"":11,""E39"":15,""E4"":1917,""E40"":13,""E41"":30,""E42"":2,""E43"":9,""E44"":141,""E45"":2,""E46"":6,""E47"":7,""E48"":6,""E49"":87,""E5"":1746,""E50"":6,""E51"":1,""E52"":543,""E6"":682,""E7"":19706,""E8"":383,""E9"":4548}"
   6117922,    100005,   2290471,   860.1,PymatchingGapSampler,810296f2a133c14ee604684262b795fd5002552bfe46c8454d9b903ade4a415f,"{""c"":""expansion-H-double-injection-ghz-syndrome"",""d1"":2,""d2"":11,""noise"":""uniform"",""p"":0.002}","{""C0"":19619,""C1"":22997,""C10"":29856,""C11"":6300,""C12"":9678,""C13"":7749,""C14"":6391,""C15"":5953,""C16"":5397,""C17"":19862,""C18"":15906,""C19"":20856,""C2"":3764,""C20"":32840,""C21"":15123,""C22"":25920,""C23"":22576,""C24"":8768,""C25"":25674,""C26"":23543,""C27"":57554,""C28"":5721,""C29"":15430,""C3"":1870,""C30"":56501,""C31"":54142,""C32"":29161,""C33"":30964,""C34"":6343,""C35"":26686,""C36"":31869,""C37"":6820,""C38"":12820,""C39"":11557,""C4"":4417,""C40"":30384,""C41"":43378,""C42"":23991,""C43"":35351,""C44"":38139,""C45"":26002,""C46"":2805727,""C5"":5508,""C6"":3624,""C7"":2599,""C8"":2543,""C9"":29573,""E0"":34977,""E1"":18989,""E10"":2468,""E11"":838,""E12"":1382,""E13"":466,""E14"":455,""E15"":987,""E16"":954,""E17"":660,""E18"":551,""E19"":576,""E2"":2899,""E20"":1124,""E21"":331,""E22"":390,""E23"":227,""E24"":91,""E25"":230,""E26"":186,""E27"":388,""E28"":44,""E29"":72,""E3"":1324,""E30"":394,""E31"":97,""E32"":62,""E33"":55,""E34"":23,""E35"":86,""E36"":47,""E37"":23,""E38"":19,""E39"":17,""E4"":17944,""E40"":30,""E41"":233,""E42"":16,""E43"":153,""E44"":16,""E45"":6,""E46"":866,""E5"":1945,""E6"":3370,""E7"":927,""E8"":616,""E9"":2451}"
 344842508,    106773,   2096236, 37899.7,PymatchingGapSampler,98ed73ca119ba6c87630f4afe8cc477334d74ae8bc26e7c399d78a9838196eea,"{""c"":""expansion-H-double-injection-ghz-syndrome"",""d1"":2,""d2"":11,""noise"":""uniform_atoms"",""p"":0.0001}","{""C0"":51,""C1"":39310,""C10"":220,""C11"":2617,""C12"":16191,""C13"":419,""C14"":2391,""C15"":185,""C16"":311,""C17"":175,""C18"":7056,""C19"":210,""C2"":4788,""C20"":141,""C21"":93,""C22"":76,""C23"":103,""C24"":177,""C25"":84,""C26"":100,""C27"":18214,""C28"":167,""C29"":2547,""C3"":7056,""C30"":18479,""C31"":31897,""C32"":18631,""C33"":5032,""C34"":299,""C35"":177758,""C36"":84480,""C37"":7107,""C38"":25190,""C39"":68741,""C4"":32004,""C40"":72770,""C41"":211563,""C42"":843,""C43"":147402,""C44"":804,""C45"":9525,""C46"":95717,""C47"":995,""C48"":656,""C49"":166202,""C5"":66157,""C50"":102711,""C51"":45907,""C52"":220848,""C53"":247955,""C54"":38960,""C55"":81929,""C56"":70658,""C57"":7190,""C58"":9849,""C59"":14324,""C6"":132,""C60"":2865,""C61"":412,""C62"":805,""C63"":16213,""C64"":371,""C65"":18763,""C66"":55362,""C67"":297,""C68"":18400,""C69"":43832,""C7"":9362,""C70"":34391,""C71"":654,""C72"":144166,""C73"":95622,""C74"":176508,""C75"":48349,""C76"":77368,""C77"":45830,""C78"":238159,""C79"":286689,""C8"":280,""C80"":133444,""C81"":98206,""C82"":76971,""C83"":82371,""C84"":309353,""C85"":124887,""C86"":92988,""C87"":68847,""C88"":338152186,""C9"":151,""E0"":51,""E1"":59327,""E10"":30,""E11"":45,""E12"":26,""E13"":82,""E14"":13,""E15"":29,""E16"":18,""E17"":7,""E18"":8,""E19"":20,""E2"":2432,""E20"":8,""E21"":6,""E22"":10,""E23"":2,""E24"":14,""E25"":5,""E26"":13,""E27"":40,""E28"":13,""E29"":38,""E3"":165,""E30"":35,""E31"":47,""E32"":32,""E33"":18259,""E34"":5,""E35"":2369,""E36"":26,""E37"":7,""E38"":20,""E39"":4628,""E4"":9284,""E40"":9,""E41"":29,""E42"":1,""E43"":14,""E44"":1,""E46"":1,""E47"":2,""E49"":21,""E5"":6952,""E50"":4,""E51"":2,""E52"":8,""E53"":3,""E54"":4,""E55"":1,""E57"":1,""E6"":40,""E61"":1,""E68"":1,""E7"":2406,""E71"":1,""E73"":1,""E77"":1,""E8"":94,""E80"":1,""E83"":2,""E88"":17,""E9"":41}"
 169364956,    105563,   2052500, 19245.7,PymatchingGapSampler,3dedef1f337bdd4f562b1fa4764b06d7674fa98478fdddf8a87c96c50385c083,"{""c"":""expansion-H-double-injection-ghz-syndrome"",""d1"":2,""d2"":11,""noise"":""uniform_atoms"",""p"":0.0002}","{""C0"":104,""C1"":38310,""C10"":465,""C11"":2964,""C12"":15912,""C13"":841,""C14"":2543,""C15"":416,""C16"":665,""C17"":361,""C18"":7065,""C19"":458,""C2"":4901,""C20"":399,""C21"":421,""C22"":214,""C23"":233,""C24"":17790,""C25"":290,""C26"":20727,""C27"":609,""C28"":30898,""C29"":18553,""C3"":7106,""C30"":5107,""C31"":593,""C32"":172419,""C33"":82514,""C34"":7566,""C35"":24999,""C36"":67056,""C37"":70938,""C38"":205211,""C39"":1598,""C4"":31311,""C40"":143024,""C41"":1600,""C42"":9577,""C43"":93269,""C44"":2035,""C45"":1344,""C46"":160997,""C47"":100046,""C48"":45199,""C49"":214146,""C5"":64696,""C50"":240363,""C51"":38697,""C52"":80133,""C53"":69681,""C54"":9805,""C55"":10367,""C56"":14723,""C57"":9947,""C58"":833,""C59"":19136,""C6"":265,""C60"":60213,""C61"":957,""C62"":19167,""C63"":36431,""C64"":33234,""C65"":1559,""C66"":147751,""C67"":92649,""C68"":170242,""C69"":47838,""C7"":9400,""C70"":74076,""C71"":45146,""C72"":230031,""C73"":274727,""C74"":130596,""C75"":95812,""C76"":79312,""C77"":76575,""C78"":299241,""C79"":127026,""C8"":589,""C80"":84387,""C81"":68596,""C82"":162829603,""C9"":295,""E0"":100,""E1"":57609,""E10"":64,""E11"":84,""E12"":47,""E13"":171,""E14"":23,""E15"":66,""E16"":53,""E17"":25,""E18"":18,""E19"":29,""E2"":2465,""E20"":12,""E21"":29,""E22"":5,""E23"":23,""E24"":73,""E25"":28,""E26"":110,""E27"":16,""E28"":118,""E29"":56,""E3"":304,""E30"":17706,""E31"":15,""E32"":2469,""E33"":57,""E34"":21,""E35"":58,""E36"":4544,""E37"":15,""E38"":62,""E39"":6,""E4"":9131,""E40"":41,""E41"":2,""E42"":4,""E43"":11,""E45"":2,""E46"":50,""E47"":9,""E48"":7,""E49"":21,""E5"":7046,""E50"":8,""E51"":4,""E52"":2,""E53"":3,""E57"":1,""E58"":1,""E6"":59,""E60"":1,""E66"":1,""E67"":4,""E69"":1,""E7"":2394,""E71"":1,""E72"":1,""E73"":1,""E74"":2,""E77"":1,""E79"":1,""E8"":162,""E81"":1,""E82"":26,""E9"":83}"
 108936805,    103505,   1975051, 13191.3,PymatchingGapSampler,c63260ef73fb44fbaa38920b03819ca0426c9206f88e15d7fd3500b473bdf516,"{""c"":""expansion-H-double-injection-ghz-syndrome"",""d1"":2,""d2"":11,""noise"":""uniform_atoms"",""p"":0.0003}","{""C0"":166,""C1"":36550,""C10"":660,""C11"":3074,""C12"":15109,""C13"":1320,""C14"":2665,""C15"":598,""C16"":983,""C17"":596,""C18"":6925,""C19"":866,""C2"":4764,""C20"":545,""C21"":364,""C22"":17366,""C23"":585,""C24"":2763,""C25"":17976,""C26"":15352,""C27"":32245,""C28"":5199,""C29"":663,""C3"":6778,""C30"":100477,""C31"":144032,""C32"":1124,""C33"":14000,""C34"":81124,""C35"":1393,""C36"":261448,""C37"":2395,""C38"":112307,""C39"":26916,""C4"":30210,""C40"":10125,""C41"":3875,""C42"":87810,""C43"":2102,""C44"":2173,""C45"":248729,""C46"":44128,""C47"":198370,""C48"":159863,""C49"":112916,""C5"":61864,""C50"":75864,""C51"":68651,""C52"":1913,""C53"":16363,""C54"":22968,""C55"":18188,""C56"":34836,""C57"":19642,""C58"":7887,""C59"":51333,""C6"":343,""C60"":34292,""C61"":1825,""C62"":51811,""C63"":86953,""C64"":249569,""C65"":39695,""C66"":58435,""C67"":40951,""C68"":217601,""C69"":249972,""C7"":9462,""C70"":64317,""C71"":119344,""C72"":72296,""C73"":71781,""C74"":170857,""C75"":266321,""C76"":102694,""C77"":19809,""C78"":173925,""C79"":102555704,""C8"":717,""C9"":437,""E0"":155,""E1"":55898,""E10"":84,""E11"":124,""E12"":59,""E13"":277,""E14"":54,""E15"":72,""E16"":64,""E17"":51,""E18"":36,""E19"":57,""E2"":2613,""E20"":31,""E21"":27,""E22"":122,""E23"":51,""E24"":59,""E25"":78,""E26"":89,""E27"":140,""E28"":17045,""E29"":36,""E3"":430,""E30"":2308,""E31"":205,""E32"":21,""E33"":72,""E34"":4242,""E35"":14,""E36"":109,""E37"":5,""E38"":43,""E39"":15,""E4"":8596,""E40"":4,""E41"":4,""E42"":13,""E43"":1,""E45"":90,""E46"":5,""E47"":33,""E48"":9,""E49"":8,""E5"":7045,""E50"":4,""E51"":1,""E56"":6,""E59"":1,""E6"":110,""E62"":2,""E63"":2,""E64"":4,""E66"":1,""E68"":2,""E7"":2495,""E70"":3,""E73"":4,""E74"":1,""E76"":1,""E78"":3,""E79"":27,""E8"":233,""E9"":111}"
  63435161,    102172,   1902535,  8160.1,PymatchingGapSampler,b553f11f764b4900c8e219e0364ec0378648c236f3a96cb5345dd9b49630b6cb,"{""c"":""expansion-H-double-injection-ghz-syndrome"",""d1"":2,""d2"":11,""noise"":""uniform_atoms"",""p"":0.0005}","{""C0"":220,""C1"":35217,""C10"":1103,""C11"":3749,""C12"":14843,""C13"":2009,""C14"":2910,""C15"":1129,""C16"":1732,""C17"":1308,""C18"":7106,""C19"":1205,""C2"":5039,""C20"":17446,""C21"":1010,""C22"":3344,""C23"":17492,""C24"":28948,""C25"":17486,""C26"":5349,""C27"":1442,""C28"":157365,""C29"":76137,""C3"":6875,""C30"":7888,""C31"":24127,""C32"":61795,""C33"":64658,""C34"":186265,""C35"":3771,""C36"":130621,""C37"":3507,""C38"":10404,""C39"":85480,""C4"":29352,""C40"":4491,""C41"":3072,""C42"":146385,""C43"":92314,""C44"":42412,""C45"":194842,""C46"":219465,""C47"":36585,""C48"":72875,""C49"":71799,""C5"":59249,""C50"":8214,""C51"":26855,""C52"":62952,""C53"":3452,""C54"":2926,""C55"":51441,""C56"":37992,""C57"":3471,""C58"":128908,""C59"":84903,""C6"":639,""C60"":151465,""C61"":45826,""C62"":73739,""C63"":42654,""C64"":206027,""C65"":242602,""C66"":116896,""C67"":88054,""C68"":66395,""C69"":74675,""C7"":9498,""C70"":265862,""C71"":108361,""C72"":81711,""C73"":23999,""C74"":57457069,""C8"":1313,""C9"":734,""E0"":266,""E1"":53560,""E10"":191,""E11"":249,""E12"":166,""E13"":410,""E14"":75,""E15"":165,""E16"":106,""E17"":96,""E18"":79,""E19"":91,""E2"":2764,""E20"":214,""E21"":62,""E22"":112,""E23"":145,""E24"":238,""E25"":135,""E26"":16290,""E27"":40,""E28"":2369,""E29"":158,""E3"":702,""E30"":55,""E31"":132,""E32"":4024,""E33"":52,""E34"":142,""E35"":12,""E36"":78,""E37"":5,""E38"":6,""E39"":22,""E4"":8535,""E41"":7,""E42"":112,""E43"":28,""E44"":21,""E45"":41,""E46"":13,""E47"":12,""E48"":3,""E49"":5,""E5"":6897,""E50"":2,""E52"":2,""E54"":1,""E55"":3,""E58"":4,""E59"":8,""E6"":170,""E60"":2,""E62"":2,""E66"":4,""E69"":3,""E7"":2442,""E70"":1,""E71"":1,""E73"":6,""E74"":34,""E8"":409,""E9"":193}"
  30800759,    102267,   1821526,  4591.9,PymatchingGapSampler,7508bac9e855bca34457d011330f7783447429bb5e57f831438aff1ca607db29,"{""c"":""expansion-H-double-injection-ghz-syndrome"",""d1"":2,""d2"":11,""noise"":""uniform_atoms"",""p"":0.001}","{""C0"":444,""C1"":33389,""C10"":2370,""C11"":5279,""C12"":14506,""C13"":4238,""C14"":4675,""C15"":2272,""C16"":3646,""C17"":17348,""C18"":8521,""C19"":5625,""C2"":5667,""C20"":18273,""C21"":28199,""C22"":17876,""C23"":6626,""C24"":3097,""C25"":145474,""C26"":71878,""C27"":9474,""C28"":24454,""C29"":57765,""C3"":7328,""C30"":59684,""C31"":171609,""C32"":6861,""C33"":120122,""C34"":6924,""C35"":11769,""C36"":80085,""C37"":8679,""C38"":5385,""C39"":134816,""C4"":27747,""C40"":89691,""C41"":42170,""C42"":180683,""C43"":203947,""C44"":36232,""C45"":81786,""C46"":104137,""C47"":10489,""C48"":29103,""C49"":47047,""C5"":55637,""C50"":32702,""C51"":7121,""C52"":119787,""C53"":84075,""C54"":135771,""C55"":47393,""C56"":63693,""C57"":42216,""C58"":185775,""C59"":218869,""C6"":1232,""C60"":105830,""C61"":82457,""C62"":60642,""C63"":69988,""C64"":238290,""C65"":99386,""C66"":75248,""C67"":66148,""C68"":25112631,""C7"":10403,""C8"":2692,""C9"":1590,""E0"":523,""E1"":49161,""E10"":372,""E11"":409,""E12"":296,""E13"":796,""E14"":261,""E15"":288,""E16"":346,""E17"":391,""E18"":204,""E19"":311,""E2"":3464,""E20"":379,""E21"":473,""E22"":282,""E23"":15195,""E24"":96,""E25"":2612,""E26"":339,""E27"":106,""E28"":235,""E29"":3867,""E3"":1356,""E30"":89,""E31"":290,""E32"":19,""E33"":149,""E34"":29,""E35"":21,""E36"":43,""E37"":8,""E38"":13,""E39"":202,""E4"":8131,""E40"":49,""E41"":26,""E42"":88,""E43"":35,""E44"":22,""E45"":11,""E46"":13,""E47"":2,""E48"":7,""E49"":2,""E5"":6862,""E50"":2,""E51"":2,""E52"":6,""E53"":20,""E54"":3,""E55"":4,""E56"":8,""E58"":2,""E59"":4,""E6"":362,""E60"":16,""E62"":1,""E63"":6,""E64"":3,""E65"":2,""E66"":1,""E67"":8,""E68"":73,""E7"":2678,""E8"":790,""E9"":403}"
  13971046,    101522,   1599651,  2647.6,PymatchingGapSampler,65dc07590e87d31b6c82f98731a2670da828487197eb147badad241bd3912fc6,"{""c"":""expansion-H-double-injection-ghz-syndrome"",""d1"":2,""d2"":11,""noise"":""uniform_atoms"",""p"":0.002}","{""C0"":962,""C1"":29621,""C10"":4904,""C11"":8798,""C12"":13729,""C13"":7731,""C14"":18720,""C15"":5342,""C16"":22448,""C17"":6323,""C18"":31289,""C19"":19080,""C2"":6430,""C20"":9519,""C21"":5979,""C22"":121236,""C23"":62089,""C24"":11705,""C25"":23502,""C26"":49608,""C27"":50278,""C28"":140691,""C29"":11663,""C3"":7624,""C30"":98749,""C31"":11928,""C32"":13784,""C33"":67949,""C34"":17386,""C35"":10704,""C36"":109625,""C37"":82457,""C38"":39155,""C39"":160103,""C4"":24687,""C40"":190782,""C41"":35201,""C42"":69823,""C43"":76713,""C44"":33487,""C45"":21004,""C46"":105115,""C47"":66954,""C48"":105632,""C49"":46749,""C5"":47795,""C50"":56676,""C51"":39794,""C52"":147269,""C53"":160250,""C54"":83772,""C55"":71169,""C56"":56427,""C57"":57408,""C58"":182547,""C59"":82859,""C6"":2575,""C60"":57536,""C61"":60552,""C62"":9086340,""C7"":11402,""C8"":4745,""C9"":3499,""E0"":994,""E1"":42070,""E10"":720,""E11"":994,""E12"":613,""E13"":1454,""E14"":895,""E15"":625,""E16"":1122,""E17"":414,""E18"":1044,""E19"":629,""E2"":4180,""E20"":12630,""E21"":207,""E22"":2752,""E23"":596,""E24"":229,""E25"":387,""E26"":3099,""E27"":202,""E28"":478,""E29"":70,""E3"":2423,""E30"":260,""E31"":68,""E32"":42,""E33"":92,""E34"":37,""E35"":19,""E36"":289,""E37"":103,""E38"":69,""E39"":175,""E4"":7865,""E40"":83,""E41"":32,""E42"":22,""E43"":30,""E44"":15,""E45"":7,""E46"":20,""E47"":25,""E48"":6,""E49"":12,""E5"":6865,""E50"":7,""E51"":4,""E52"":11,""E53"":6,""E54"":23,""E55"":7,""E56"":5,""E57"":4,""E58"":8,""E59"":4,""E6"":871,""E60"":1,""E61"":9,""E62"":131,""E7"":3174,""E8"":1370,""E9"":924}"
  56694647,    102183,    522340,  4725.7,PymatchingGapSampler,6447855105aa1acb615860f8cb5c73a717ce4333385a3905f2ad3fcc2772808a,"{""c"":""expansion-H-injection-ghz"",""d1"":2,""d2"":11,""noise"":""uniform"",""p"":0.0001}","{""C0"":35,""C1"":6821,""C10"":20843,""C11"":1093,""C12"":779,""C13"":441,""C14"":87,""C15"":72,""C16"":1574,""C17"":64,""C18"":1192,""C19"":33,""C2"":86,""C20"":1471,""C21"":3149,""C22"":116,""C23"":32378,""C24"":4049,""C25"":6056,""C26"":17210,""C27"":4609,""C28"":65,""C29"":8151,""C3"":76,""C30"":816,""C31"":853,""C32"":75987,""C33"":29692,""C34"":1264,""C35"":11611,""C36"":3084,""C37"":20991,""C38"":3526,""C39"":108991,""C4"":93413,""C40"":19762,""C41"":575,""C42"":9459,""C43"":59989,""C44"":37021,""C45"":23253,""C46"":22818,""C47"":229,""C48"":15382,""C49"":19340,""C5"":812,""C50"":553,""C51"":1247,""C52"":189,""C53"":115183,""C54"":4694,""C55"":1662,""C56"":176,""C57"":14795,""C58"":22653,""C59"":3348,""C6"":68,""C60"":148,""C61"":4143,""C62"":15612,""C63"":48735,""C64"":4800,""C65"":7486,""C66"":55130504,""C7"":596,""C8"":445,""C9"":23769,""E0"":42,""E1"":1675,""E10"":1165,""E11"":8,""E12"":11,""E13"":1459,""E14"":11,""E15"":7,""E16"":399,""E17"":4,""E18"":45,""E19"":1,""E2"":449,""E20"":4,""E21"":362,""E22"":11,""E23"":1211,""E24"":26,""E25"":22,""E26"":314,""E27"":392,""E28"":1,""E29"":389,""E3"":53,""E31"":4,""E32"":362,""E33"":23,""E35"":4,""E36"":1,""E37"":9,""E39"":33,""E4"":53748,""E40"":8,""E43"":23,""E44"":3,""E45"":2,""E5"":407,""E53"":36,""E54"":1,""E55"":2,""E6"":47,""E63"":32,""E66"":47,""E7"":1043,""E8"":35,""E9"":38252}"
  28115558,    101429,    515769,  2507.3,PymatchingGapSampler,d983be9bb356912ed13cdbb1dabd7a489d3383fa0e939c4cdee0be64250f48ef,"{""c"":""expansion-H-injection-ghz"",""d1"":2,""d2"":11,""noise"":""uniform"",""p"":0.0002}","{""C0"":63,""C1"":7022,""C10"":20261,""C11"":1255,""C12"":98,""C13"":98,""C14"":162,""C15"":1227,""C16"":1737,""C17"":496,""C18"":3118,""C19"":79,""C2"":149,""C20"":32302,""C21"":4314,""C22"":5819,""C23"":16869,""C24"":4455,""C25"":142,""C26"":8150,""C27"":874,""C28"":969,""C29"":74569,""C3"":144,""C30"":28577,""C31"":1343,""C32"":11375,""C33"":3006,""C34"":20306,""C35"":3689,""C36"":105812,""C37"":19722,""C38"":733,""C39"":9333,""C4"":91582,""C40"":58077,""C41"":35455,""C42"":22713,""C43"":22387,""C44"":451,""C45"":14998,""C46"":18786,""C47"":750,""C48"":2219,""C49"":1826,""C5"":922,""C50"":111081,""C51"":3986,""C52"":330,""C53"":3642,""C54"":14530,""C55"":24705,""C56"":15391,""C57"":47349,""C58"":5890,""C59"":6419,""C6"":870,""C60"":26581267,""C7"":841,""C8"":555,""C9"":23070,""E0"":105,""E1"":1924,""E10"":2642,""E11"":23,""E12"":15,""E13"":16,""E14"":18,""E15"":98,""E16"":365,""E17"":14,""E18"":47,""E19"":16,""E2"":459,""E20"":1423,""E21"":421,""E22"":46,""E23"":418,""E24"":360,""E25"":4,""E26"":414,""E27"":1,""E28"":3,""E29"":459,""E3"":114,""E30"":59,""E31"":3,""E32"":11,""E33"":2,""E34"":24,""E36"":65,""E37"":14,""E39"":1,""E4"":52513,""E40"":39,""E41"":4,""E42"":2,""E43"":2,""E45"":1,""E46"":4,""E47"":1,""E48"":5,""E49"":2,""E5"":438,""E50"":61,""E55"":1,""E56"":2,""E57"":48,""E58"":1,""E6"":36298,""E60"":90,""E7"":1143,""E8"":59,""E9"":1131}"
  20194099,    109390,    551728,  1895.9,PymatchingGapSampler,d4ba9ac1b2680f213f19ef648c801a8d2161b3cd3f76b88cfeaf3a844669ae20,"{""c"":""expansion-H-injection-ghz"",""d1"":2,""d2"":11,""noise"":""uniform"",""p"":0.0003}","{""C0"":91,""C1"":7646,""C10"":21239,""C11"":1369,""C12"":168,""C13"":1390,""C14"":242,""C15"":236,""C16"":4276,""C17"":1398,""C18"":33253,""C19"":4256,""C2"":250,""C20"":7522,""C21"":18311,""C22"":5129,""C23"":263,""C24"":8625,""C25"":1046,""C26"":469,""C27"":79205,""C28"":30401,""C29"":326,""C3"":233,""C30"":13129,""C31"":283,""C32"":21231,""C33"":3599,""C34"":114363,""C35"":16557,""C36"":5162,""C37"":10058,""C38"":47047,""C39"":35912,""C4"":97778,""C40"":38351,""C41"":23847,""C42"":961,""C43"":732,""C44"":35435,""C45"":2687,""C46"":1660,""C47"":579,""C48"":117315,""C49"":2148,""C5"":1895,""C50"":5981,""C51"":3491,""C52"":21026,""C53"":32697,""C54"":49677,""C55"":8467,""C56"":18566532,""C6"":215,""C7"":1857,""C8"":646,""C9"":24319,""E0"":136,""E1"":2182,""E10"":1287,""E11"":35,""E12"":33,""E13"":136,""E14"":19,""E15"":14,""E16"":507,""E17"":39,""E18"":1741,""E19"":72,""E2"":550,""E20"":85,""E21"":971,""E22"":426,""E23"":8,""E24"":443,""E25"":5,""E26"":5,""E27"":578,""E28"":99,""E3"":164,""E30"":25,""E32"":21,""E33"":1,""E34"":143,""E35"":17,""E36"":2,""E37"":5,""E38"":57,""E39"":8,""E4"":55809,""E40"":13,""E41"":8,""E43"":2,""E44"":10,""E45"":2,""E48"":91,""E5"":38807,""E51"":1,""E52"":2,""E53"":3,""E54"":87,""E55"":3,""E56"":164,""E6"":153,""E7"":1410,""E8"":82,""E9"":2929}"
  11103778,    100003,    501024,  1145.0,PymatchingGapSampler,070d9dbc08373b5f801c796c523c0ff37a3cedd2f2137e763da23c35101b8781,"{""c"":""expansion-H-injection-ghz"",""d1"":2,""d2"":11,""noise"":""uniform"",""p"":0.0005}","{""C0"":158,""C1"":7367,""C10"":18727,""C11"":2481,""C12"":268,""C13"":345,""C14"":3277,""C15"":369,""C16"":31689,""C17"":3997,""C18"":5798,""C19"":16415,""C2"":1233,""C20"":5637,""C21"":677,""C22"":8107,""C23"":1090,""C24"":1332,""C25"":68489,""C26"":27155,""C27"":1570,""C28"":10671,""C29"":3169,""C3"":373,""C30"":18869,""C31"":3776,""C32"":97105,""C33"":18507,""C34"":1209,""C35"":9151,""C36"":53525,""C37"":32415,""C38"":21184,""C39"":21026,""C4"":86151,""C40"":1844,""C41"":15853,""C42"":17393,""C43"":1288,""C44"":1824,""C45"":3748,""C46"":101635,""C47"":6909,""C48"":14269,""C49"":44202,""C5"":1687,""C50"":17384,""C51"":24924,""C52"":9642457,""C6"":766,""C7"":1454,""C8"":768,""C9"":21034,""E0"":213,""E1"":2284,""E10"":1160,""E11"":227,""E12"":33,""E13"":31,""E14"":118,""E15"":68,""E16"":2395,""E17"":147,""E18"":119,""E19"":1107,""E2"":34712,""E20"":432,""E21"":16,""E22"":459,""E23"":8,""E24"":25,""E25"":740,""E26"":130,""E27"":12,""E28"":32,""E29"":4,""E3"":293,""E30"":37,""E31"":4,""E32"":185,""E33"":32,""E34"":1,""E35"":10,""E36"":88,""E37"":9,""E38"":11,""E39"":8,""E4"":49456,""E40"":10,""E41"":8,""E42"":3,""E44"":1,""E46"":124,""E48"":3,""E49"":115,""E5"":474,""E52"":225,""E6"":1684,""E7"":1379,""E8"":159,""E9"":1212}"
   9243716,    114876,    808694,  1161.0,PymatchingGapSampler,16a3a2135a56ebc038d39270190c6a2fa843f602ec21b29c3e8be8fbc6b307aa,"{""c"":""expansion-H-injection-ghz"",""d1"":2,""d2"":11,""noise"":""uniform"",""p"":0.001}","{""C0"":484,""C1"":65052,""C10"":28688,""C11"":7248,""C12"":1050,""C13"":44884,""C14"":7107,""C15"":9458,""C16"":30687,""C17"":7889,""C18"":1853,""C19"":12667,""C2"":2165,""C20"":4781,""C21"":3616,""C22"":103126,""C23"":40680,""C24"":3604,""C25"":16997,""C26"":6033,""C27"":29163,""C28"":6902,""C29"":145045,""C3"":1862,""C30"":28537,""C31"":3227,""C32"":15030,""C33"":79192,""C34"":48409,""C35"":34019,""C36"":31533,""C37"":3157,""C38"":22200,""C39"":30583,""C4"":133203,""C40"":3538,""C41"":7753,""C42"":22810,""C43"":214260,""C44"":13942,""C45"":10382,""C46"":6993952,""C5"":2354,""C6"":1210,""C7"":4198,""C8"":3680,""C9"":31936,""E0"":661,""E1"":7211,""E10"":1921,""E11"":469,""E12"":257,""E13"":4523,""E14"":528,""E15"":410,""E16"":3309,""E17"":873,""E18"":70,""E19"":787,""E2"":1617,""E20"":83,""E21"":72,""E22"":1759,""E23"":424,""E24"":46,""E25"":101,""E26"":31,""E27"":140,""E28"":19,""E29"":593,""E3"":3340,""E30"":89,""E31"":6,""E32"":35,""E33"":220,""E34"":68,""E35"":52,""E36"":32,""E37"":6,""E38"":25,""E39"":17,""E4"":76058,""E40"":6,""E41"":3,""E42"":9,""E43"":816,""E44"":7,""E45"":3,""E46"":661,""E5"":885,""E6"":644,""E7"":2934,""E8"":927,""E9"":2129}"
   4133956,    109727,    685384,   684.2,PymatchingGapSampler,4b54feec3e7ba6fe0e06d414e136d82dd9595bfc7647aa05aa8b35e8b5defe0e,"{""c"":""expansion-H-injection-ghz"",""d1"":2,""d2"":11,""noise"":""uniform"",""p"":0.002}","{""C0"":1322,""C1"":13836,""C10"":55073,""C11"":7745,""C12"":7842,""C13"":23340,""C14"":7615,""C15"":2768,""C16"":14545,""C17"":4115,""C18"":4531,""C19"":74576,""C2"":1943,""C20"":32256,""C21"":5667,""C22"":15073,""C23"":5264,""C24"":22464,""C25"":7064,""C26"":103286,""C27"":22187,""C28"":6100,""C29"":14697,""C3"":2259,""C30"":56100,""C31"":32637,""C32"":23276,""C33"":25979,""C34"":5101,""C35"":20571,""C36"":33050,""C37"":50768,""C38"":10280,""C39"":9649,""C4"":140079,""C40"":2432490,""C5"":4179,""C6"":2096,""C7"":6052,""C8"":6674,""C9"":24296,""E0"":3359,""E1"":7499,""E10"":7731,""E11"":1056,""E12"":738,""E13"":3626,""E14"":1005,""E15"":201,""E16"":1669,""E17"":207,""E18"":174,""E19"":2504,""E2"":1944,""E20"":738,""E21"":139,""E22"":186,""E23"":70,""E24"":229,""E25"":66,""E26"":864,""E27"":148,""E28"":96,""E29"":99,""E3"":1619,""E30"":378,""E31"":70,""E32"":75,""E33"":62,""E34"":26,""E35"":53,""E36"":41,""E37"":598,""E38"":15,""E39"":13,""E4"":61015,""E40"":1478,""E5"":1802,""E6"":1083,""E7"":3478,""E8"":1265,""E9"":2308}"
 259982880,    104783,    686269, 23559.0,PymatchingGapSampler,157a58371efba0a52a6feff5ae57363697b220d39ef69323f6e4601533f2a266,"{""c"":""expansion-H-injection-ghz"",""d1"":2,""d2"":11,""noise"":""uniform_atoms"",""p"":0.0001}","{""C0"":40,""C1"":19165,""C10"":7059,""C11"":2027,""C12"":12118,""C13"":332,""C14"":1836,""C15"":133,""C16"":239,""C17"":175,""C18"":159,""C19"":5375,""C2"":3525,""C20"":115,""C21"":88,""C22"":52,""C23"":111,""C24"":137,""C25"":3075,""C26"":78,""C27"":20416,""C28"":121,""C29"":1923,""C3"":8679,""C30"":14194,""C31"":29193,""C32"":19067,""C33"":217,""C34"":247,""C35"":147736,""C36"":57033,""C37"":1974,""C38"":31435,""C39"":38146,""C4"":23976,""C40"":55305,""C41"":145813,""C42"":52243,""C43"":55513,""C44"":5845,""C45"":7207,""C46"":72866,""C47"":809,""C48"":443,""C49"":199353,""C5"":50061,""C50"":64248,""C51"":81795,""C52"":101212,""C53"":263462,""C54"":9003,""C55"":61521,""C56"":53016,""C57"":5389,""C58"":7401,""C59"":10714,""C6"":157,""C60"":2150,""C61"":329,""C62"":616,""C63"":12472,""C64"":296,""C65"":13975,""C66"":41521,""C67"":237,""C68"":14105,""C69"":33012,""C7"":256,""C70"":25827,""C71"":507,""C72"":109485,""C73"":71742,""C74"":133113,""C75"":36293,""C76"":65279,""C77"":34694,""C78"":179857,""C79"":220828,""C8"":32928,""C80"":94451,""C81"":93758,""C82"":256220375,""C9"":150,""E0"":31,""E1"":32967,""E10"":31,""E11"":1263,""E12"":23,""E13"":73,""E14"":11,""E15"":9,""E16"":22,""E17"":12,""E18"":15,""E19"":4,""E2"":1892,""E20"":6,""E21"":7,""E22"":6,""E23"":7,""E24"":6,""E25"":25944,""E26"":13,""E27"":10369,""E28"":8,""E29"":21,""E3"":3083,""E30"":21,""E31"":1253,""E32"":30,""E33"":6,""E34"":9,""E35"":4170,""E36"":23,""E37"":7,""E38"":1670,""E39"":6,""E4"":6889,""E40"":6,""E41"":19,""E42"":8,""E43"":6,""E44"":1,""E45"":1,""E46"":6,""E48"":1,""E49"":26,""E5"":8195,""E50"":1,""E51"":6,""E52"":4,""E53"":6,""E54"":1,""E56"":3,""E6"":32,""E7"":1761,""E73"":1,""E76"":1,""E8"":4745,""E81"":5,""E82"":11,""E9"":30}"
 122693699,    100310,    647231, 11692.0,PymatchingGapSampler,09b4249474374c80bb81be938e4594c5b10bc3bab576b13fb71437d553b51750,"{""c"":""expansion-H-injection-ghz"",""d1"":2,""d2"":11,""noise"":""uniform_atoms"",""p"":0.0002}","{""C0"":90,""C1"":18106,""C10"":6898,""C11"":2125,""C12"":11544,""C13"":607,""C14"":1844,""C15"":281,""C16"":491,""C17"":286,""C18"":320,""C19"":5176,""C2"":3433,""C20"":273,""C21"":321,""C22"":2895,""C23"":235,""C24"":19296,""C25"":234,""C26"":15104,""C27"":419,""C28"":27353,""C29"":17913,""C3"":8478,""C30"":394,""C31"":427,""C32"":139219,""C33"":53858,""C34"":2167,""C35"":29593,""C36"":35913,""C37"":51930,""C38"":136602,""C39"":49108,""C4"":22690,""C40"":51706,""C41"":5948,""C42"":7071,""C43"":68054,""C44"":1495,""C45"":1052,""C46"":186225,""C47"":61071,""C48"":77383,""C49"":95481,""C5"":47398,""C50"":246617,""C51"":8783,""C52"":57881,""C53"":50646,""C54"":7149,""C55"":7326,""C56"":10643,""C57"":7286,""C58"":647,""C59"":14011,""C6"":255,""C60"":43740,""C61"":687,""C62"":13808,""C63"":26608,""C64"":24758,""C65"":1073,""C66"":106808,""C67"":67431,""C68"":123902,""C69"":34944,""C7"":445,""C70"":60904,""C71"":33007,""C72"":167653,""C73"":203981,""C74"":87782,""C75"":88234,""C76"":119149179,""C8"":31203,""C9"":260,""E0"":60,""E1"":30970,""E10"":63,""E11"":1202,""E12"":45,""E13"":131,""E14"":19,""E15"":45,""E16"":58,""E17"":33,""E18"":22,""E19"":35,""E2"":1896,""E20"":14,""E21"":26,""E22"":24525,""E23"":18,""E24"":9737,""E25"":17,""E26"":67,""E27"":18,""E28"":1274,""E29"":71,""E3"":3151,""E30"":17,""E31"":13,""E32"":4246,""E33"":40,""E34"":12,""E35"":1665,""E36"":6,""E37"":12,""E38"":35,""E39"":13,""E4"":6510,""E40"":12,""E41"":3,""E43"":4,""E44"":2,""E46"":47,""E47"":3,""E48"":11,""E49"":12,""E5"":7682,""E50"":10,""E51"":1,""E52"":1,""E6"":92,""E67"":1,""E68"":1,""E7"":1751,""E70"":3,""E73"":1,""E74"":1,""E75"":7,""E76"":20,""E8"":4518,""E9"":61}"
  83316121,    103613,    658228,  8212.1,PymatchingGapSampler,df7de32206755f8cad4a9027532d252f11095b93eb969729498f1f96fc388c01,"{""c"":""expansion-H-injection-ghz"",""d1"":2,""d2"":11,""noise"":""uniform_atoms"",""p"":0.0003}","{""C0"":93,""C1"":18396,""C10"":7110,""C11"":2470,""C12"":11749,""C13"":1032,""C14"":2096,""C15"":437,""C16"":812,""C17"":495,""C18"":505,""C19"":5835,""C2"":3640,""C20"":3317,""C21"":365,""C22"":19286,""C23"":496,""C24"":2096,""C25"":13794,""C26"":27857,""C27"":18347,""C28"":679,""C29"":468,""C3"":8585,""C30"":90982,""C31"":101963,""C32"":5690,""C33"":12507,""C34"":54320,""C35"":1117,""C36"":189854,""C37"":50825,""C38"":33303,""C39"":26070,""C4"":23181,""C40"":7728,""C41"":3063,""C42"":67878,""C43"":1590,""C44"":71242,""C45"":179199,""C46"":78430,""C47"":91522,""C48"":195552,""C49"":67335,""C5"":48071,""C50"":58713,""C51"":53501,""C52"":1485,""C53"":12579,""C54"":17733,""C55"":14093,""C56"":26946,""C57"":15184,""C58"":6220,""C59"":39688,""C6"":427,""C60"":26028,""C61"":1475,""C62"":40059,""C63"":66331,""C64"":193078,""C65"":30060,""C66"":51467,""C67"":31756,""C68"":168029,""C69"":196433,""C7"":693,""C70"":43205,""C71"":111432,""C72"":56106,""C73"":79708038,""C8"":31774,""C9"":365,""E0"":117,""E1"":31798,""E10"":79,""E11"":1265,""E12"":41,""E13"":202,""E14"":54,""E15"":55,""E16"":84,""E17"":57,""E18"":43,""E19"":56,""E2"":2023,""E20"":24741,""E21"":33,""E22"":10100,""E23"":38,""E24"":84,""E25"":55,""E26"":1316,""E27"":101,""E28"":14,""E29"":18,""E3"":3313,""E30"":4176,""E31"":137,""E32"":11,""E33"":1708,""E34"":29,""E35"":4,""E36"":86,""E37"":26,""E38"":4,""E39"":17,""E4"":6737,""E40"":3,""E41"":4,""E42"":7,""E43"":5,""E44"":15,""E45"":54,""E46"":15,""E47"":20,""E48"":15,""E49"":3,""E5"":8023,""E50"":1,""E51"":1,""E56"":1,""E57"":1,""E59"":2,""E6"":108,""E62"":2,""E63"":3,""E64"":3,""E66"":2,""E7"":1865,""E70"":2,""E71"":4,""E73"":17,""E8"":4701,""E9"":114}"
  50019191,    104926,    656648,  5404.2,PymatchingGapSampler,ddf63eb559788d63a750e148462f64742ea7dbfe08dc0fe667fece0294a1044f,"{""c"":""expansion-H-injection-ghz"",""d1"":2,""d2"":11,""noise"":""uniform_atoms"",""p"":0.0005}","{""C0"":183,""C1"":18491,""C10"":7655,""C11"":2904,""C12"":11719,""C13"":1630,""C14"":2408,""C15"":756,""C16"":1412,""C17"":1099,""C18"":3732,""C19"":5878,""C2"":3762,""C20"":20022,""C21"":854,""C22"":2793,""C23"":14125,""C24"":27772,""C25"":19019,""C26"":1050,""C27"":1153,""C28"":138914,""C29"":54283,""C3"":8914,""C30"":3177,""C31"":30167,""C32"":36606,""C33"":51881,""C34"":135874,""C35"":50843,""C36"":52080,""C37"":7471,""C38"":8291,""C39"":68472,""C4"":23200,""C40"":3803,""C41"":2466,""C42"":185729,""C43"":61426,""C44"":77884,""C45"":96140,""C46"":246113,""C47"":10337,""C48"":57788,""C49"":58280,""C5"":47770,""C50"":6489,""C51"":21600,""C52"":49782,""C53"":2713,""C54"":2398,""C55"":41539,""C56"":30237,""C57"":2860,""C58"":102518,""C59"":67761,""C6"":693,""C60"":121360,""C61"":36488,""C62"":65700,""C63"":34585,""C64"":164932,""C65"":197084,""C66"":87022,""C67"":88511,""C68"":46433385,""C7"":1161,""C8"":31763,""C9"":710,""E0"":154,""E1"":31154,""E10"":167,""E11"":1320,""E12"":143,""E13"":354,""E14"":64,""E15"":150,""E16"":121,""E17"":85,""E18"":24568,""E19"":71,""E2"":2219,""E20"":9930,""E21"":66,""E22"":104,""E23"":139,""E24"":1332,""E25"":145,""E26"":32,""E27"":40,""E28"":4397,""E29"":97,""E3"":3390,""E30"":22,""E31"":1742,""E32"":34,""E33"":35,""E34"":107,""E35"":50,""E36"":29,""E37"":7,""E38"":6,""E39"":12,""E4"":6996,""E40"":3,""E41"":3,""E42"":111,""E43"":8,""E44"":29,""E45"":26,""E46"":25,""E47"":1,""E48"":2,""E49"":4,""E5"":8156,""E50"":1,""E52"":3,""E53"":1,""E56"":2,""E58"":2,""E59"":11,""E6"":188,""E60"":1,""E61"":3,""E62"":4,""E63"":1,""E65"":1,""E67"":21,""E68"":30,""E7"":1958,""E8"":4868,""E9"":181}"
  23891012,    104539,    621504,  3080.5,PymatchingGapSampler,6bcfbb22f5af4c0cfe2bc4adb8f42e0b88372609c7aaf70ac211cf4c8ba434c7,"{""c"":""expansion-H-injection-ghz"",""d1"":2,""d2"":11,""noise"":""uniform_atoms"",""p"":0.001}","{""C0"":346,""C1"":18012,""C10"":8189,""C11"":4085,""C12"":11592,""C13"":3462,""C14"":3686,""C15"":4483,""C16"":2801,""C17"":19688,""C18"":2407,""C19"":9208,""C2"":4058,""C20"":14600,""C21"":26842,""C22"":18608,""C23"":2184,""C24"":2299,""C25"":128951,""C26"":51327,""C27"":4483,""C28"":29657,""C29"":34349,""C3"":9190,""C30"":48286,""C31"":125359,""C32"":48717,""C33"":48333,""C34"":9890,""C35"":9363,""C36"":63594,""C37"":7198,""C38"":4450,""C39"":168914,""C4"":22207,""C40"":61478,""C41"":73423,""C42"":89362,""C43"":228367,""C44"":11613,""C45"":64422,""C46"":83446,""C47"":8252,""C48"":23345,""C49"":37873,""C5"":44596,""C50"":25680,""C51"":6029,""C52"":95163,""C53"":67055,""C54"":108042,""C55"":37759,""C56"":56585,""C57"":33423,""C58"":147807,""C59"":177080,""C6"":1382,""C60"":79027,""C61"":82001,""C62"":20516174,""C7"":2208,""C8"":31043,""C9"":1516,""E0"":348,""E1"":29234,""E10"":425,""E11"":1427,""E12"":256,""E13"":657,""E14"":188,""E15"":23072,""E16"":254,""E17"":9565,""E18"":196,""E19"":269,""E2"":2651,""E20"":285,""E21"":1457,""E22"":351,""E23"":71,""E24"":105,""E25"":4216,""E26"":195,""E27"":48,""E28"":1730,""E29"":76,""E3"":3833,""E30"":73,""E31"":188,""E32"":68,""E33"":39,""E34"":22,""E35"":11,""E36"":30,""E37"":6,""E38"":9,""E39"":201,""E4"":6704,""E40"":23,""E41"":38,""E42"":51,""E43"":50,""E44"":1,""E45"":7,""E46"":8,""E47"":3,""E48"":7,""E49"":3,""E5"":8031,""E50"":3,""E51"":1,""E52"":11,""E53"":13,""E54"":3,""E55"":5,""E56"":9,""E57"":1,""E58"":1,""E59"":3,""E6"":410,""E60"":3,""E61"":29,""E62"":67,""E7"":2185,""E8"":4919,""E9"":394}"
  10679364,    103000,    546653,  1885.0,PymatchingGapSampler,fe8b9d48a394d11f7d3b6fd33fe1ae95c815094fb37cad65fe6f6c9c2ab33346,"{""c"":""expansion-H-injection-ghz"",""d1"":2,""d2"":11,""noise"":""uniform_atoms"",""p"":0.002}","{""C0"":677,""C1"":16442,""C10"":9646,""C11"":6916,""C12"":13591,""C13"":6373,""C14"":20116,""C15"":4135,""C16"":18034,""C17"":5598,""C18"":25179,""C19"":23360,""C2"":4651,""C20"":5064,""C21"":5077,""C22"":108698,""C23"":45610,""C24"":7058,""C25"":27327,""C26"":30873,""C27"":40948,""C28"":104156,""C29"":44902,""C3"":9301,""C30"":41804,""C31"":12988,""C32"":11215,""C33"":55489,""C34"":14743,""C35"":8997,""C36"":138232,""C37"":59570,""C38"":63075,""C39"":85636,""C4"":20544,""C40"":205220,""C41"":14389,""C42"":56223,""C43"":62062,""C44"":27265,""C45"":17187,""C46"":85504,""C47"":53827,""C48"":86047,""C49"":38319,""C5"":38590,""C50"":50381,""C51"":32327,""C52"":118835,""C53"":131327,""C54"":64289,""C55"":69834,""C56"":7743491,""C6"":2845,""C7"":4239,""C8"":28401,""C9"":3084,""E0"":675,""E1"":25556,""E10"":776,""E11"":1758,""E12"":19679,""E13"":1240,""E14"":8689,""E15"":493,""E16"":943,""E17"":380,""E18"":1602,""E19"":716,""E2"":3405,""E20"":225,""E21"":242,""E22"":4333,""E23"":381,""E24"":103,""E25"":1611,""E26"":145,""E27"":130,""E28"":361,""E29"":145,""E3"":4433,""E30"":96,""E31"":67,""E32"":32,""E33"":78,""E34"":31,""E35"":20,""E36"":324,""E37"":50,""E38"":57,""E39"":95,""E4"":6489,""E40"":117,""E41"":5,""E42"":21,""E43"":32,""E44"":15,""E45"":6,""E46"":14,""E47"":19,""E48"":7,""E49"":12,""E5"":7851,""E50"":23,""E51"":4,""E52"":9,""E53"":20,""E54"":12,""E55"":39,""E56"":116,""E6"":958,""E7"":2676,""E8"":4887,""E9"":797}"
  61989751,    103202,   1069991,  5085.5,PymatchingGapSampler,a6a09636b4ff4e6537fcfb6ea831bed51b4bd186e23577c076087f0e92c29719,"{""c"":""expansion-H-injection-ghz-syndrome"",""d1"":2,""d2"":11,""noise"":""uniform"",""p"":0.0001}","{""C0"":9,""C1"":1185,""C10"":22019,""C11"":1229,""C12"":771,""C13"":86,""C14"":2420,""C15"":500,""C16"":83,""C17"":75,""C18"":25,""C19"":1390,""C2"":129,""C20"":1655,""C21"":2082,""C22"":1245,""C23"":437,""C24"":72,""C25"":21828,""C26"":7670,""C27"":23876,""C28"":15513,""C29"":1344,""C3"":74423,""C30"":1204,""C31"":8023,""C32"":50039,""C33"":14882,""C34"":34790,""C35"":12544,""C36"":3330,""C37"":22698,""C38"":71841,""C39"":912,""C4"":931,""C40"":24538,""C41"":598,""C42"":10400,""C43"":64898,""C44"":39987,""C45"":25400,""C46"":25186,""C47"":257,""C48"":16567,""C49"":21199,""C5"":900,""C50"":595,""C51"":1427,""C52"":68213,""C53"":23682,""C54"":4145,""C55"":993,""C56"":1818,""C57"":16487,""C58"":25057,""C59"":3600,""C6"":906,""C60"":153,""C61"":4606,""C62"":8126,""C63"":38928,""C64"":5324,""C65"":8025,""C66"":4917,""C67"":59942721,""C7"":69,""C8"":569,""C9"":25007,""E0"":9,""E1"":1048,""E10"":1248,""E11"":22,""E12"":34293,""E13"":3,""E14"":18,""E15"":2105,""E16"":5,""E17"":6,""E18"":1,""E19"":328,""E2"":492,""E20"":30,""E21"":22,""E22"":11,""E23"":16,""E24"":11,""E25"":350,""E26"":29,""E27"":476,""E28"":355,""E29"":408,""E3"":58342,""E30"":2,""E31"":16,""E32"":360,""E33"":11,""E34"":21,""E35"":11,""E36"":2,""E37"":17,""E38"":34,""E39"":2,""E4"":55,""E40"":6,""E41"":1,""E43"":10,""E44"":1,""E45"":2,""E46"":2,""E48"":1,""E5"":448,""E52"":26,""E55"":3,""E6"":1165,""E63"":26,""E64"":2,""E66"":1,""E67"":40,""E7"":21,""E8"":25,""E9"":1263}"
  32268356,    105365,   1104592,  2836.4,PymatchingGapSampler,6e78430bf570945c9c4d11084f36a71426fd773e2fa12856f9ef4ef172da5926,"{""c"":""expansion-H-injection-ghz-syndrome"",""d1"":2,""d2"":11,""noise"":""uniform"",""p"":0.0002}","{""C0"":12,""C1"":1418,""C10"":22269,""C11"":2157,""C12"":519,""C13"":171,""C14"":1953,""C15"":147,""C16"":216,""C17"":1727,""C18"":2166,""C19"":2778,""C2"":220,""C20"":492,""C21"":203,""C22"":22106,""C23"":7776,""C24"":24407,""C25"":15830,""C26"":1400,""C27"":1459,""C28"":8209,""C29"":51012,""C3"":75609,""C30"":15145,""C31"":35471,""C32"":12757,""C33"":3555,""C34"":22770,""C35"":72608,""C36"":1157,""C37"":24986,""C38"":879,""C39"":10400,""C4"":1051,""C40"":65826,""C41"":39903,""C42"":25555,""C43"":25712,""C44"":520,""C45"":16710,""C46"":21285,""C47"":800,""C48"":1554,""C49"":70846,""C5"":1130,""C50"":25649,""C51"":4420,""C52"":373,""C53"":4017,""C54"":16550,""C55"":28271,""C56"":8407,""C57"":39442,""C58"":6865,""C59"":7072,""C6"":1095,""C60"":5191,""C61"":30169409,""C7"":158,""C8"":607,""C9"":25997,""E0"":24,""E1"":1303,""E10"":1300,""E11"":43,""E12"":1747,""E13"":13,""E14"":18,""E15"":426,""E16"":20,""E17"":60,""E18"":35,""E19"":386,""E2"":570,""E20"":25,""E21"":25,""E22"":401,""E23"":47,""E24"":636,""E25"":353,""E26"":498,""E27"":4,""E28"":23,""E29"":457,""E3"":58836,""E30"":17,""E31"":61,""E32"":8,""E34"":14,""E35"":54,""E36"":2,""E37"":11,""E39"":3,""E4"":100,""E40"":40,""E41"":3,""E42"":6,""E43"":4,""E45"":1,""E46"":3,""E49"":43,""E5"":529,""E50"":1,""E55"":1,""E56"":1,""E57"":48,""E58"":1,""E6"":1220,""E60"":1,""E61"":67,""E7"":83,""E8"":68,""E9"":35725}"
  22985796,    112099,   1168508,  2118.0,PymatchingGapSampler,0919da0e3e92fdee4e747235521025e4d3a7fc1d14bd6733a0eee7d77273c360,"{""c"":""expansion-H-injection-ghz-syndrome"",""d1"":2,""d2"":11,""noise"":""uniform"",""p"":0.0003}","{""C0"":29,""C1"":1718,""C10"":23340,""C11"":1541,""C12"":191,""C13"":267,""C14"":1991,""C15"":2004,""C16"":2599,""C17"":285,""C18"":1875,""C19"":1857,""C2"":348,""C20"":22988,""C21"":8395,""C22"":25601,""C23"":263,""C24"":17736,""C25"":1553,""C26"":8336,""C27"":53445,""C28"":15861,""C29"":18734,""C3"":78642,""C30"":31623,""C31"":375,""C32"":24342,""C33"":75436,""C34"":5039,""C35"":21436,""C36"":5644,""C37"":11243,""C38"":53351,""C39"":40423,""C4"":1234,""C40"":42779,""C41"":26431,""C42"":1122,""C43"":754,""C44"":38995,""C45"":2052,""C46"":3613,""C47"":71926,""C48"":24818,""C49"":2381,""C5"":1132,""C50"":6705,""C51"":3847,""C52"":23818,""C53"":27602,""C54"":40821,""C55"":9322,""C56"":10389,""C57"":3264,""C58"":20773279,""C6"":1336,""C7"":1138,""C8"":732,""C9"":27188,""E0"":50,""E1"":1569,""E10"":3132,""E11"":37,""E12"":38,""E13"":23,""E14"":39,""E15"":522,""E16"":94,""E17"":39,""E18"":53,""E19"":501,""E2"":707,""E20"":494,""E21"":58,""E22"":683,""E23"":7,""E24"":912,""E25"":9,""E26"":36,""E27"":547,""E28"":30,""E29"":39,""E3"":61660,""E30"":74,""E32"":22,""E33"":81,""E34"":3,""E35"":19,""E36"":3,""E37"":9,""E38"":60,""E39"":17,""E4"":177,""E40"":2,""E41"":8,""E43"":3,""E44"":6,""E45"":11,""E46"":3,""E47"":82,""E5"":572,""E52"":1,""E54"":51,""E55"":2,""E56"":1,""E58"":99,""E6"":1405,""E7"":36567,""E8"":101,""E9"":1441}"
  14051396,    110832,   1170319,  1400.1,PymatchingGapSampler,2ae172d62ca2f27810f6c514d9b3f01cf8c7b462bcf26cb6777c4799921ff4ed,"{""c"":""expansion-H-injection-ghz-syndrome"",""d1"":2,""d2"":11,""noise"":""uniform"",""p"":0.0005}","{""C0"":50,""C1"":2092,""C10"":22146,""C11"":1637,""C12"":344,""C13"":1817,""C14"":4798,""C15"":1667,""C16"":1063,""C17"":511,""C18"":22315,""C19"":9969,""C2"":587,""C20"":24931,""C21"":16592,""C22"":2021,""C23"":1749,""C24"":9094,""C25"":51405,""C26"":15368,""C27"":35722,""C28"":12936,""C29"":3877,""C3"":76937,""C30"":23375,""C31"":72891,""C32"":1523,""C33"":25344,""C34"":1523,""C35"":11340,""C36"":65979,""C37"":39526,""C38"":25631,""C39"":25672,""C4"":1425,""C40"":1288,""C41"":18250,""C42"":23015,""C43"":1579,""C44"":2213,""C45"":72141,""C46"":23741,""C47"":8392,""C48"":8785,""C49"":9691,""C5"":2347,""C50"":52247,""C51"":31251,""C52"":5687,""C53"":11866153,""C6"":1608,""C7"":1269,""C8"":1331,""C9"":25400,""E0"":84,""E1"":2026,""E10"":1441,""E11"":69,""E12"":43,""E13"":185,""E14"":154,""E15"":483,""E16"":126,""E17"":61,""E18"":604,""E19"":520,""E2"":904,""E20"":886,""E21"":474,""E22"":429,""E23"":8,""E24"":57,""E25"":649,""E26"":39,""E27"":153,""E28"":26,""E29"":3,""E3"":59250,""E30"":54,""E31"":138,""E32"":13,""E33"":24,""E34"":1,""E35"":15,""E36"":103,""E37"":14,""E38"":10,""E39"":7,""E4"":350,""E40"":2,""E41"":15,""E42"":3,""E45"":117,""E46"":3,""E47"":2,""E48"":1,""E49"":2,""E5"":35976,""E50"":108,""E51"":2,""E53"":175,""E6"":1535,""E7"":198,""E8"":1902,""E9"":1388}"
   7846980,    118410,   1248202,   920.3,PymatchingGapSampler,8dd5a985d80f24d9dd4271711b6924a1989a7b0ba73ff941bb13ebc8dbe508a1,"{""c"":""expansion-H-injection-ghz-syndrome"",""d1"":2,""d2"":11,""noise"":""uniform"",""p"":0.001}","{""C0"":101,""C1"":3257,""C10"":23625,""C11"":4402,""C12"":2026,""C13"":1520,""C14"":3361,""C15"":22675,""C16"":9051,""C17"":25462,""C18"":17294,""C19"":4104,""C2"":2372,""C20"":2340,""C21"":9609,""C22"":50400,""C23"":15484,""C24"":35395,""C25"":13463,""C26"":4407,""C27"":23398,""C28"":71386,""C29"":2301,""C3"":77060,""C30"":25596,""C31"":2718,""C32"":11910,""C33"":63450,""C34"":37543,""C35"":26567,""C36"":26784,""C37"":2724,""C38"":17682,""C39"":24578,""C4"":2781,""C40"":2819,""C41"":6149,""C42"":74459,""C43"":60160,""C44"":11511,""C45"":8294,""C46"":6849,""C47"":5610659,""C5"":2282,""C6"":2345,""C7"":1081,""C8"":1568,""C9"":25366,""E0"":181,""E1"":3295,""E10"":1731,""E11"":335,""E12"":241,""E13"":246,""E14"":187,""E15"":1482,""E16"":296,""E17"":1371,""E18"":1322,""E19"":528,""E2"":36400,""E20"":48,""E21"":127,""E22"":1042,""E23"":91,""E24"":296,""E25"":74,""E26"":22,""E27"":97,""E28"":264,""E29"":12,""E3"":59509,""E30"":66,""E31"":9,""E32"":31,""E33"":210,""E34"":29,""E35"":49,""E36"":25,""E37"":8,""E38"":17,""E39"":12,""E4"":717,""E40"":6,""E41"":3,""E42"":227,""E43"":210,""E44"":5,""E45"":3,""E46"":3,""E47"":362,""E5"":2717,""E6"":1989,""E7"":408,""E8"":343,""E9"":1764}"
   6209604,    126318,   1810961,   922.2,PymatchingGapSampler,c1e3f9957e7a1caaa4bdf2432b1e02f83c681562b136d4dfa567511770d72b06,"{""c"":""expansion-H-injection-ghz-syndrome"",""d1"":2,""d2"":11,""noise"":""uniform"",""p"":0.002}","{""C0"":419,""C1"":50552,""C10"":29250,""C11"":4596,""C12"":28693,""C13"":13100,""C14"":35817,""C15"":25078,""C16"":6474,""C17"":5564,""C18"":13268,""C19"":64547,""C2"":3831,""C20"":19748,""C21"":44502,""C22"":18397,""C23"":7077,""C24"":30542,""C25"":87255,""C26"":5148,""C27"":32422,""C28"":6249,""C29"":18121,""C3"":98235,""C30"":76462,""C31"":43337,""C32"":31627,""C33"":33783,""C34"":7100,""C35"":26322,""C36"":34185,""C37"":50144,""C38"":13636,""C39"":86219,""C4"":4463,""C40"":32378,""C41"":3130388,""C5"":3954,""C6"":5276,""C7"":4419,""C8"":6896,""C9"":32851,""E0"":615,""E1"":9741,""E10"":2638,""E11"":680,""E12"":2214,""E13"":881,""E14"":3212,""E15"":3372,""E16"":1015,""E17"":243,""E18"":457,""E19"":2300,""E2"":5711,""E20"":336,""E21"":795,""E22"":245,""E23"":97,""E24"":333,""E25"":725,""E26"":73,""E27"":215,""E28"":37,""E29"":157,""E3"":74587,""E30"":531,""E31"":89,""E32"":92,""E33"":80,""E34"":22,""E35"":64,""E36"":51,""E37"":509,""E38"":27,""E39"":529,""E4"":1812,""E40"":20,""E41"":863,""E5"":1550,""E6"":3518,""E7"":1750,""E8"":1331,""E9"":2801}"
 332708588,    106878,   1671084, 29999.3,PymatchingGapSampler,025ff407fb63b16c322b0d8b721244b3ba1eb745bf1efc67c47dda2c4928974c,"{""c"":""expansion-H-injection-ghz-syndrome"",""d1"":2,""d2"":11,""noise"":""uniform_atoms"",""p"":0.0001}","{""C0"":47,""C1"":24675,""C10"":290,""C11"":2476,""C12"":15583,""C13"":439,""C14"":2325,""C15"":208,""C16"":6858,""C17"":160,""C18"":194,""C19"":173,""C2"":4689,""C20"":144,""C21"":115,""C22"":68,""C23"":100,""C24"":141,""C25"":86,""C26"":99,""C27"":17779,""C28"":158,""C29"":2359,""C3"":6842,""C30"":17761,""C31"":30945,""C32"":20162,""C33"":4098,""C34"":6216,""C35"":177603,""C36"":72913,""C37"":2615,""C38"":57208,""C39"":48214,""C4"":31056,""C40"":69499,""C41"":186489,""C42"":72861,""C43"":70181,""C44"":787,""C45"":9320,""C46"":92305,""C47"":991,""C48"":647,""C49"":254317,""C5"":81676,""C50"":46190,""C51"":9178,""C52"":169443,""C53"":315504,""C54"":11438,""C55"":79222,""C56"":68252,""C57"":6859,""C58"":9510,""C59"":13689,""C6"":159,""C60"":2848,""C61"":419,""C62"":786,""C63"":15581,""C64"":379,""C65"":17919,""C66"":53192,""C67"":314,""C68"":17930,""C69"":42165,""C7"":9101,""C70"":32638,""C71"":630,""C72"":140809,""C73"":92150,""C74"":170462,""C75"":46414,""C76"":74631,""C77"":44760,""C78"":229918,""C79"":285040,""C8"":283,""C80"":120333,""C81"":99473,""C82"":327309001,""C9"":134,""E0"":47,""E1"":45883,""E10"":35,""E11"":35,""E12"":21,""E13"":61,""E14"":10,""E15"":35,""E16"":20,""E17"":9,""E18"":16,""E19"":19,""E2"":2450,""E20"":7,""E21"":1,""E22"":15,""E23"":3,""E24"":17,""E25"":4,""E26"":6,""E27"":28,""E28"":11,""E29"":21,""E3"":3861,""E30"":29,""E31"":41,""E32"":8725,""E33"":10860,""E34"":20,""E35"":2285,""E36"":30,""E37"":10,""E38"":6817,""E39"":5,""E4"":8782,""E40"":8,""E41"":20,""E42"":7,""E43"":7,""E44"":2,""E45"":2,""E46"":7,""E47"":1,""E48"":1,""E49"":24,""E5"":12600,""E50"":2,""E51"":1,""E52"":8,""E53"":3,""E6"":32,""E60"":1,""E68"":1,""E7"":3793,""E73"":1,""E76"":1,""E8"":86,""E80"":1,""E82"":13,""E9"":37}"
 158176118,    103384,   1583176, 14964.9,PymatchingGapSampler,638b9ffa1ba5189f0bc4cdc2971e8fb5fdfd9b8f1edb836d84b22fbdaf992800,"{""c"":""expansion-H-injection-ghz-syndrome"",""d1"":2,""d2"":11,""noise"":""uniform_atoms"",""p"":0.0002}","{""C0"":89,""C1"":23134,""C10"":552,""C11"":2605,""C12"":14575,""C13"":775,""C14"":2406,""C15"":454,""C16"":6838,""C17"":365,""C18"":355,""C19"":398,""C2"":4429,""C20"":386,""C21"":419,""C22"":150,""C23"":241,""C24"":16844,""C25"":258,""C26"":19243,""C27"":575,""C28"":29474,""C29"":19018,""C3"":6476,""C30"":4176,""C31"":6283,""C32"":168232,""C33"":69058,""C34"":2882,""C35"":54594,""C36"":46221,""C37"":66340,""C38"":176209,""C39"":70009,""C4"":29435,""C40"":66465,""C41"":1459,""C42"":9218,""C43"":87620,""C44"":1876,""C45"":1246,""C46"":238799,""C47"":44571,""C48"":9332,""C49"":159594,""C5"":76733,""C50"":296704,""C51"":11533,""C52"":74486,""C53"":64509,""C54"":9171,""C55"":9483,""C56"":13628,""C57"":9291,""C58"":844,""C59"":18012,""C6"":294,""C60"":56389,""C61"":899,""C62"":17709,""C63"":34496,""C64"":31338,""C65"":1484,""C66"":138582,""C67"":86611,""C68"":158788,""C69"":44811,""C7"":8707,""C70"":69523,""C71"":42402,""C72"":215838,""C73"":265441,""C74"":113675,""C75"":94056,""C76"":153059664,""C8"":486,""C9"":293,""E0"":74,""E1"":43433,""E10"":75,""E11"":76,""E12"":53,""E13"":163,""E14"":26,""E15"":53,""E16"":42,""E17"":25,""E18"":24,""E19"":28,""E2"":2443,""E20"":23,""E21"":30,""E22"":11,""E23"":19,""E24"":87,""E25"":28,""E26"":86,""E27"":21,""E28"":109,""E29"":8348,""E3"":3817,""E30"":10553,""E31"":21,""E32"":2181,""E33"":73,""E34"":15,""E35"":6572,""E36"":19,""E37"":14,""E38"":45,""E39"":26,""E4"":8453,""E40"":13,""E41"":2,""E42"":3,""E43"":7,""E45"":1,""E46"":52,""E47"":4,""E48"":2,""E49"":23,""E5"":12190,""E50"":8,""E53"":1,""E59"":1,""E6"":67,""E67"":4,""E7"":3683,""E71"":1,""E74"":2,""E76"":17,""E8"":156,""E9"":81}"
 106851532,    105261,   1599267, 10490.0,PymatchingGapSampler,a56eb45b5d73e71a9c7260cfe9904fd3321c2828710777f1b03ec5e9993c0df7,"{""c"":""expansion-H-injection-ghz-syndrome"",""d1"":2,""d2"":11,""noise"":""uniform_atoms"",""p"":0.0003}","{""C0"":137,""C1"":23552,""C10"":811,""C11"":2987,""C12"":14790,""C13"":1307,""C14"":2681,""C15"":641,""C16"":7283,""C17"":584,""C18"":610,""C19"":852,""C2"":4633,""C20"":572,""C21"":407,""C22"":16934,""C23"":588,""C24"":2650,""C25"":17695,""C26"":29548,""C27"":19524,""C28"":906,""C29"":4254,""C3"":6826,""C30"":104031,""C31"":135640,""C32"":7301,""C33"":16066,""C34"":85662,""C35"":1383,""C36"":240681,""C37"":70823,""C38"":42520,""C39"":26845,""C4"":29642,""C40"":9990,""C41"":3836,""C42"":86733,""C43"":2067,""C44"":90902,""C45"":195175,""C46"":10273,""C47"":153358,""C48"":157625,""C49"":157483,""C5"":78034,""C50"":74991,""C51"":67647,""C52"":1822,""C53"":16118,""C54"":22894,""C55"":17691,""C56"":34329,""C57"":19423,""C58"":7815,""C59"":50049,""C6"":466,""C60"":33539,""C61"":1912,""C62"":50890,""C63"":85310,""C64"":246872,""C65"":38588,""C66"":57068,""C67"":40364,""C68"":214351,""C69"":254696,""C7"":9197,""C70"":55255,""C71"":117824,""C72"":75360,""C73"":101684461,""C8"":811,""C9"":419,""E0"":118,""E1"":44108,""E10"":97,""E11"":119,""E12"":75,""E13"":256,""E14"":53,""E15"":62,""E16"":76,""E17"":60,""E18"":41,""E19"":56,""E2"":2556,""E20"":31,""E21"":41,""E22"":107,""E23"":49,""E24"":52,""E25"":85,""E26"":155,""E27"":8265,""E28"":54,""E29"":10504,""E3"":3948,""E30"":2207,""E31"":178,""E32"":38,""E33"":2133,""E34"":4499,""E35"":7,""E36"":87,""E37"":20,""E38"":13,""E39"":13,""E4"":8447,""E40"":2,""E41"":7,""E42"":5,""E43"":3,""E44"":25,""E45"":78,""E46"":4,""E47"":35,""E48"":8,""E49"":9,""E5"":12292,""E50"":2,""E51"":2,""E52"":1,""E59"":3,""E6"":123,""E61"":1,""E62"":1,""E63"":6,""E64"":2,""E66"":2,""E69"":1,""E7"":3654,""E70"":2,""E72"":1,""E73"":25,""E8"":241,""E9"":116}"
  61510792,    103109,   1527435,  6570.9,PymatchingGapSampler,ad147394bd1695dbd800e2fa0cd1b5aeb20a9ea2d1fdc5b6b8589b91fe8ecbcf,"{""c"":""expansion-H-injection-ghz-syndrome"",""d1"":2,""d2"":11,""noise"":""uniform_atoms"",""p"":0.0005}","{""C0"":237,""C1"":22139,""C10"":1292,""C11"":3314,""C12"":14175,""C13"":1915,""C14"":2912,""C15"":1143,""C16"":7678,""C17"":1390,""C18"":1067,""C19"":1058,""C2"":4544,""C20"":16877,""C21"":1127,""C22"":3292,""C23"":17061,""C24"":28259,""C25"":19221,""C26"":4808,""C27"":6856,""C28"":158794,""C29"":66223,""C3"":6932,""C30"":3927,""C31"":52571,""C32"":44448,""C33"":62427,""C34"":165747,""C35"":67237,""C36"":63071,""C37"":3439,""C38"":10231,""C39"":82951,""C4"":28210,""C40"":4513,""C41"":2927,""C42"":224711,""C43"":43093,""C44"":10875,""C45"":150995,""C46"":280682,""C47"":12562,""C48"":70875,""C49"":70168,""C5"":73345,""C50"":8107,""C51"":26297,""C52"":61117,""C53"":3374,""C54"":2979,""C55"":50306,""C56"":37053,""C57"":3350,""C58"":124916,""C59"":82407,""C6"":798,""C60"":146493,""C61"":44565,""C62"":71780,""C63"":41296,""C64"":200579,""C65"":243938,""C66"":106382,""C67"":89749,""C68"":56602130,""C7"":9367,""C8"":1253,""C9"":693,""E0"":207,""E1"":41548,""E10"":182,""E11"":198,""E12"":151,""E13"":402,""E14"":67,""E15"":156,""E16"":120,""E17"":93,""E18"":63,""E19"":59,""E2"":2837,""E20"":204,""E21"":82,""E22"":120,""E23"":161,""E24"":223,""E25"":7951,""E26"":9784,""E27"":72,""E28"":2367,""E29"":128,""E3"":4093,""E30"":33,""E31"":6265,""E32"":38,""E33"":46,""E34"":132,""E35"":53,""E36"":36,""E37"":5,""E38"":8,""E39"":22,""E4"":8296,""E40"":2,""E41"":5,""E42"":142,""E43"":12,""E44"":3,""E45"":44,""E46"":21,""E47"":3,""E48"":1,""E49"":1,""E5"":11889,""E51"":2,""E52"":4,""E55"":3,""E56"":1,""E58"":2,""E59"":11,""E6"":197,""E60"":1,""E62"":5,""E63"":2,""E65"":1,""E66"":2,""E67"":3,""E68"":43,""E7"":3884,""E8"":416,""E9"":207}"
  28654182,    100154,   1403150,  3621.8,PymatchingGapSampler,f8f6a990e3a495bbeb2f2667ed167ffcb4f7a72fb5b7bed64a921b0ae3afa290,"{""c"":""expansion-H-injection-ghz-syndrome"",""d1"":2,""d2"":11,""noise"":""uniform_atoms"",""p"":0.001}","{""C0"":426,""C1"":20785,""C10"":2452,""C11"":4548,""C12"":13734,""C13"":4183,""C14"":4354,""C15"":2177,""C16"":8414,""C17"":16467,""C18"":2726,""C19"":5280,""C2"":4940,""C20"":17036,""C21"":26611,""C22"":18488,""C23"":5696,""C24"":7505,""C25"":142170,""C26"":60618,""C27"":5451,""C28"":48368,""C29"":39998,""C3"":7040,""C30"":56227,""C31"":147605,""C32"":62424,""C33"":57535,""C34"":6422,""C35"":10942,""C36"":75746,""C37"":8274,""C38"":5115,""C39"":198201,""C4"":26178,""C40"":43697,""C41"":12991,""C42"":136308,""C43"":252319,""C44"":13899,""C45"":76601,""C46"":98209,""C47"":9783,""C48"":27135,""C49"":44228,""C5"":66806,""C50"":30090,""C51"":6903,""C52"":112703,""C53"":79540,""C54"":127752,""C55"":43681,""C56"":59887,""C57"":39526,""C58"":174814,""C59"":212243,""C6"":1478,""C60"":93833,""C61"":81069,""C62"":24167661,""C7"":9360,""C8"":2671,""C9"":1555,""E0"":398,""E1"":37318,""E10"":388,""E11"":354,""E12"":311,""E13"":701,""E14"":243,""E15"":250,""E16"":279,""E17"":429,""E18"":253,""E19"":314,""E2"":3168,""E20"":343,""E21"":433,""E22"":7356,""E23"":8972,""E24"":177,""E25"":2497,""E26"":285,""E27"":95,""E28"":5791,""E29"":102,""E3"":4232,""E30"":75,""E31"":222,""E32"":105,""E33"":76,""E34"":20,""E35"":14,""E36"":46,""E37"":8,""E38"":12,""E39"":223,""E4"":7730,""E40"":23,""E41"":20,""E42"":88,""E43"":32,""E44"":2,""E45"":5,""E46"":15,""E47"":5,""E48"":12,""E49"":1,""E5"":11111,""E50"":4,""E51"":1,""E52"":7,""E53"":7,""E54"":3,""E55"":1,""E56"":4,""E57"":1,""E58"":1,""E59"":5,""E6"":407,""E60"":9,""E61"":1,""E62"":77,""E7"":3917,""E8"":802,""E9"":373}"
  13845572,    106761,   1322248,  2364.7,PymatchingGapSampler,3dce7b73526a2ad1af39f09bc233e7ee5ad58d3a0a05f80950bf20ed4e96f11b,"{""c"":""expansion-H-injection-ghz-syndrome"",""d1"":2,""d2"":11,""noise"":""uniform_atoms"",""p"":0.002}","{""C0"":844,""C1"":20329,""C10"":5524,""C11"":8345,""C12"":13870,""C13"":7846,""C14"":19040,""C15"":5390,""C16"":27141,""C17"":6679,""C18"":26681,""C19"":20942,""C2"":6112,""C20"":9200,""C21"":10636,""C22"":126711,""C23"":57027,""C24"":8627,""C25"":46557,""C26"":38201,""C27"":51280,""C28"":129696,""C29"":59443,""C3"":8180,""C30"":52432,""C31"":12147,""C32"":13780,""C33"":69033,""C34"":17712,""C35"":10920,""C36"":171331,""C37"":49801,""C38"":16448,""C39"":132903,""C4"":24911,""C40"":243134,""C41"":18340,""C42"":70178,""C43"":77377,""C44"":33900,""C45"":21480,""C46"":107071,""C47"":66961,""C48"":107288,""C49"":47531,""C5"":61407,""C50"":57149,""C51"":40779,""C52"":148460,""C53"":166994,""C54"":79521,""C55"":74556,""C56"":9685552,""C6"":3257,""C7"":11186,""C8"":5207,""C9"":3516,""E0"":822,""E1"":34213,""E10"":936,""E11"":955,""E12"":649,""E13"":1402,""E14"":937,""E15"":676,""E16"":1166,""E17"":457,""E18"":1017,""E19"":6874,""E2"":4315,""E20"":8409,""E21"":357,""E22"":2965,""E23"":507,""E24"":177,""E25"":5336,""E26"":205,""E27"":154,""E28"":515,""E29"":214,""E3"":5087,""E30"":138,""E31"":61,""E32"":42,""E33"":117,""E34"":58,""E35"":36,""E36"":394,""E37"":53,""E38"":35,""E39"":163,""E4"":7854,""E40"":71,""E41"":11,""E42"":20,""E43"":37,""E44"":14,""E45"":6,""E46"":21,""E47"":31,""E48"":10,""E49"":12,""E5"":11311,""E50"":11,""E51"":8,""E52"":10,""E53"":22,""E54"":13,""E55"":14,""E56"":123,""E6"":970,""E7"":4347,""E8"":1494,""E9"":909}"
1250384491516,        10,248388434302,4854687.1,PostSelectionSampler,758866cf4a35077739c703c0ba96815784443889675d89e6d55a4b881a7cd1e8,"{""c"":""expansion-rotated-HXY-d3-d5"",""d1"":3,""d2"":5,""noise"":""uniform"",""p"":0.0001}",
1215441971196,        42,434844030393,4858350.7,PostSelectionSampler,008e4d55cd260bc40677c54f9eca97b8b5bc7f8cff8c52bd221d155b4ea807e5,"{""c"":""expansion-rotated-HXY-d3-d5"",""d1"":3,""d2"":5,""noise"":""uniform"",""p"":0.0002}",
1284671475580,       137,623361212794,4865745.8,PostSelectionSampler,3e01b9120a6022805ea399ce4d9283dcfb501c1f1cbf314905f963547d33565b,"{""c"":""expansion-rotated-HXY-d3-d5"",""d1"":3,""d2"":5,""noise"":""uniform"",""p"":0.0003}",
1195780427772,       421,800183354516,4865947.5,PostSelectionSampler,d9a7a316f2e253a9ec2552abf4f3803d8ce1a8c5eb1a66527c12b78c9830247c,"{""c"":""expansion-rotated-HXY-d3-d5"",""d1"":3,""d2"":5,""noise"":""uniform"",""p"":0.0005}",
975050286076,      1133,868026210146,4881996.3,PostSelectionSampler,bd911b20d093f72dd675656597ea795d6748ff6fde848c1ccee29fdc72bf8e6e,"{""c"":""expansion-rotated-HXY-d3-d5"",""d1"":3,""d2"":5,""noise"":""uniform"",""p"":0.001}",
756593159164,      1241,747369563744,4907336.8,PostSelectionSampler,1ed09ab653d13b9904ea86ef1eb5d270fdb174bac2da679ace4d97efaca5fff0,"{""c"":""expansion-rotated-HXY-d3-d5"",""d1"":3,""d2"":5,""noise"":""uniform"",""p"":0.002}",
1042285017084,         0,227386769313,4869934.2,PostSelectionSampler,00cbf3b576fabf138389a932351986e3aa95d04d0f7106d5c48ba6c566abadd3,"{""c"":""expansion-rotated-HXY-d3-d5-with-syndromes"",""d1"":3,""d2"":5,""noise"":""uniform"",""p"":0.0001}",
1037094125564,         0,403079956215,4874603.2,PostSelectionSampler,dc4251418ef9ae4986cfc56bf3b8b974a6ef3404351848d5badd4ed1753cfdf4,"{""c"":""expansion-rotated-HXY-d3-d5-with-syndromes"",""d1"":3,""d2"":5,""noise"":""uniform"",""p"":0.0002}",
1082515272700,         1,564998064775,4878745.1,PostSelectionSampler,06fb5587be1d6e9a5dae2b66cbe173dbc4c11b32b95aca19b23b936a8e78949e,"{""c"":""expansion-rotated-HXY-d3-d5-with-syndromes"",""d1"":3,""d2"":5,""noise"":""uniform"",""p"":0.0003}",
1072947090428,        19,759162333516,4881920.3,PostSelectionSampler,b072fb1bdac8df9f5ffee288fc76a6f904eb3c61bfa22ac511ad906e0ed68942,"{""c"":""expansion-rotated-HXY-d3-d5-with-syndromes"",""d1"":3,""d2"":5,""noise"":""uniform"",""p"":0.0005}",
911092058108,        92,832955201961,4897163.7,PostSelectionSampler,cfca7fd7c29fa41a7643d2190fd65b6b1449ff269df6b9f67c620f39d3edfc6c,"{""c"":""expansion-rotated-HXY-d3-d5-with-syndromes"",""d1"":3,""d2"":5,""noise"":""uniform"",""p"":0.001}",
723572806652,       166,718190912405,4917176.8,PostSelectionSampler,6318c09cf1149e8465a155bb6e39eccc9b8567f956e6d2daeb3e62aa836dd6e3,"{""c"":""expansion-rotated-HXY-d3-d5-with-syndromes"",""d1"":3,""d2"":5,""noise"":""uniform"",""p"":0.002}",
100000000000,        61,3553349721, 37414.8,PostSelectionSampler,4952805a938a7b6ebd9a3a101252fa1f18332a7c8731df02039efc7d990367ea,"{""c"":""init-H"",""d1"":3,""noise"":""uniform"",""num_ghz_measurements"":1,""p"":0.0001}",
100000000000,       392,6979095704, 36999.7,PostSelectionSampler,e16ee7701540b92f3ad77039773a48826a6f470e78e730b98ddb4476b4515d46,"{""c"":""init-H"",""d1"":3,""noise"":""uniform"",""num_ghz_measurements"":1,""p"":0.0002}",
81513709602,      1002,8381169497, 30743.5,PostSelectionSampler,33034ce25363a1c0e44692acf2ec57066024e4fa0fd80f9f24a0774f70176b35,"{""c"":""init-H"",""d1"":3,""noise"":""uniform"",""num_ghz_measurements"":1,""p"":0.0003}",
18073834530,      1017,2988731736,  6714.8,PostSelectionSampler,b790d31d994326ec76d316aacf7542f0127387832d9edb681579bf59512f8f48,"{""c"":""init-H"",""d1"":3,""noise"":""uniform"",""num_ghz_measurements"":1,""p"":0.0005}",
2735676177,      1000, 829294773,  1036.1,PostSelectionSampler,5445aed6c69a8db2543c333805bfcbf2e88d725ac0bced25cfea6dd5fbbf6e76,"{""c"":""init-H"",""d1"":3,""noise"":""uniform"",""num_ghz_measurements"":1,""p"":0.001}",
 440977476,      1000, 226519318,   171.0,PostSelectionSampler,1df68868445ae2ac9528e4bb452f242be72ee2305bd186727a65760a96276560,"{""c"":""init-H"",""d1"":3,""noise"":""uniform"",""num_ghz_measurements"":1,""p"":0.002}",
100000000000,       125,7151865094, 54425.1,PostSelectionSampler,3508ab9585f4620c599760e2184affdcbcd59003ce8910cab552cc71e5b3ebc5,"{""c"":""init-H"",""d1"":3,""noise"":""uniform"",""num_ghz_measurements"":2,""p"":0.0001}",
100000000000,       855,13789939933, 57650.2,PostSelectionSampler,028080eed59b03040ca18464fca9dc3570a1b4d128e71dfd5abd105b42ab81dc,"{""c"":""init-H"",""d1"":3,""noise"":""uniform"",""num_ghz_measurements"":2,""p"":0.0002}",
35719658530,      1006,7126409730, 19558.8,PostSelectionSampler,7b6ce68d918a6e2bf999b7696b5818333e017de56206895c91b0e05bfe887c00,"{""c"":""init-H"",""d1"":3,""noise"":""uniform"",""num_ghz_measurements"":2,""p"":0.0003}",
8902596642,      1009,2757847161,  4886.2,PostSelectionSampler,68ba80b151f91e1593afdbef2b84f93b7739f4ac02f272b157bc4647165eddeb,"{""c"":""init-H"",""d1"":3,""noise"":""uniform"",""num_ghz_measurements"":2,""p"":0.0005}",
1531716369,      1000, 801478471,   849.5,PostSelectionSampler,625927dc7f06bd7a586da0e4248b420ddde1c297fd157699aff55a9f229ea8a3,"{""c"":""init-H"",""d1"":3,""noise"":""uniform"",""num_ghz_measurements"":2,""p"":0.001}",
 368097348,      1000, 284171692,   215.5,PostSelectionSampler,91a8a078c0e8b811bd693b0a0a33b328940b0b313b3b4265839f70e93b56a809,"{""c"":""init-H"",""d1"":3,""noise"":""uniform"",""num_ghz_measurements"":2,""p"":0.002}",
100000000000,       189,10616198022, 72700.9,PostSelectionSampler,723e6f6e363bb4ad1bd52f591796d76ac4e9c72e08fb4ff11fbd39450c279889,"{""c"":""init-H"",""d1"":3,""noise"":""uniform"",""num_ghz_measurements"":3,""p"":0.0001}",
76233203268,      1003,15324410799, 55184.0,PostSelectionSampler,a6dbf392af720afea9142776963ac15125b8ac8b772c9cc03bd73edf6007d6f7,"{""c"":""init-H"",""d1"":3,""noise"":""uniform"",""num_ghz_measurements"":3,""p"":0.0002}",
25538062370,      1003,7298276367, 18541.5,PostSelectionSampler,c6c2ea469ed42dafd596f30d40b09e1ca6dafe46e22dfed08f12d9216bcbfb04,"{""c"":""init-H"",""d1"":3,""noise"":""uniform"",""num_ghz_measurements"":3,""p"":0.0003}",
6957372450,      1031,2986156863,  5067.1,PostSelectionSampler,5c30ee49d20a995f459ba00f3b09d769557b000d4c46cde7d31934bc522a4789,"{""c"":""init-H"",""d1"":3,""noise"":""uniform"",""num_ghz_measurements"":3,""p"":0.0005}",
1431111441,      1000, 964337868,  1049.0,PostSelectionSampler,e1bd32b62924df21c7a6f38393121531df4ce64ba27ed93e5d94f7c09412520a,"{""c"":""init-H"",""d1"":3,""noise"":""uniform"",""num_ghz_measurements"":3,""p"":0.001}",
 518177860,      1000, 462805249,   410.8,PostSelectionSampler,7d3cbe33dad2490eea405c8a1ea14e5ec13237c45a9d206933523567eab94dc7,"{""c"":""init-H"",""d1"":3,""noise"":""uniform"",""num_ghz_measurements"":3,""p"":0.002}",
100000000000,       115,4374607596, 41701.8,PostSelectionSampler,e5cfea18566f3b86489cba46213da2d3cb615641fe366ad0b8a53338238c63b7,"{""c"":""init-H-double"",""d1"":3,""noise"":""uniform"",""p"":0.0001}",
100000000000,       800,8556005067, 42474.6,PostSelectionSampler,3a0b729604a9993393652d520671c0ea93954ac6758f80e8b0861e5134cde019,"{""c"":""init-H-double"",""d1"":3,""noise"":""uniform"",""p"":0.0002}",
37282675746,      1007,4680065651, 15899.9,PostSelectionSampler,b06976c227149535b2d01fe17296361231c459f83f2f80e81461e540c334ff16,"{""c"":""init-H-double"",""d1"":3,""noise"":""uniform"",""p"":0.0003}",
8836743953,      1000,1769515493,  3769.6,PostSelectionSampler,12770d28e87aa3bbc636341ce1099c6e49d58412120ae08d035c92b371d8bebb,"{""c"":""init-H-double"",""d1"":3,""noise"":""uniform"",""p"":0.0005}",
1298728721,      1000, 467634496,   557.3,PostSelectionSampler,130eb0c2529ba4998b90d4c91e284e7c4e68a46b311e8031cbfffb20af04b6aa,"{""c"":""init-H-double"",""d1"":3,""noise"":""uniform"",""p"":0.001}",
 237638724,      1000, 140113031,   104.7,PostSelectionSampler,1629ac3fe38e1b4d8cdb47f80c20960a4c3b7e348a9b1fce06279f1d34e12cfb,"{""c"":""init-H-double"",""d1"":3,""noise"":""uniform"",""p"":0.002}",
100000000000,        14,4192374202, 41372.4,PostSelectionSampler,3e19b09f9acb82d7670e9a39aeeb9295e66343b6d679915a63f76366f642298d,"{""c"":""init-H-double-measure-CZ"",""d1"":3,""noise"":""uniform"",""p"":0.0001}",
100000000000,       122,8207826084, 42024.9,PostSelectionSampler,a55eb9fd8371ab6aafc8bf51df3844ea48584e2937ddc3e75bcd60af843c14e5,"{""c"":""init-H-double-measure-CZ"",""d1"":3,""noise"":""uniform"",""p"":0.0002}",
100000000000,       453,12054023105, 42135.9,PostSelectionSampler,ba715bd83f2942627c7c4917f006b21f33044b720f3e33301eb2e5571f1f370f,"{""c"":""init-H-double-measure-CZ"",""d1"":3,""noise"":""uniform"",""p"":0.0003}",
60971478050,      1006,11746522332, 26102.3,PostSelectionSampler,0d8de6369318032632b7d43b0b23858b31fb7685da2b4d648894a05859574ffc,"{""c"":""init-H-double-measure-CZ"",""d1"":3,""noise"":""uniform"",""p"":0.0005}",
8298493713,      1000,2887630062,  3686.2,PostSelectionSampler,04a71032e8819ffcd19b56c35da944b9ef704bf535220a343f30494790325ab3,"{""c"":""init-H-double-measure-CZ"",""d1"":3,""noise"":""uniform"",""p"":0.001}",
1574872849,      1000, 904394751,   704.8,PostSelectionSampler,45c91f19cb1d1dcca0a0e2d49b29faecffe20f85b30b32d4497cdb6505266b38,"{""c"":""init-H-double-measure-CZ"",""d1"":3,""noise"":""uniform"",""p"":0.002}",
100000000000,        60,5955794043, 41560.9,PostSelectionSampler,378c1ac9afaea6eac80af93fa731a82cb30536ea7e8a806d0984218e946e1aef,"{""c"":""init-H-injection-ghz"",""d1"":3,""noise"":""uniform"",""p"":0.0001}",
100000000000,       609,11553760134, 41819.1,PostSelectionSampler,01ac7846e011c954744051e6cbc27adfa780d85bc7142b203f925413c1965ca2,"{""c"":""init-H-injection-ghz"",""d1"":3,""noise"":""uniform"",""p"":0.0002}",
53046065186,      1004,8920264577, 22382.0,PostSelectionSampler,3c58a0624d71c37037f4637e3e499b26dd52a54e502cf158599a9ba850eb3916,"{""c"":""init-H-injection-ghz"",""d1"":3,""noise"":""uniform"",""p"":0.0003}",
11948791569,      1000,3155921831,  5094.1,PostSelectionSampler,0f082a4160ddc2788afd304fabf08e6edd4cd915bfd9caa434313c0037ac754a,"{""c"":""init-H-injection-ghz"",""d1"":3,""noise"":""uniform"",""p"":0.0005}",
2032276241,      1000, 930791557,   891.8,PostSelectionSampler,3a177b4fa2eb05522bbcbbd4596c68dc40a16dd3f262d85ed07bff0db6d0b142,"{""c"":""init-H-injection-ghz"",""d1"":3,""noise"":""uniform"",""p"":0.001}",
 436417332,      1000, 307768802,   203.5,PostSelectionSampler,b72d5ef0796d20a8ddba8cbe590ef25459f2ff3f02786790e20d755ef3abafac,"{""c"":""init-H-injection-ghz"",""d1"":3,""noise"":""uniform"",""p"":0.002}",
100000000000,        28,7529408053, 50712.5,PostSelectionSampler,23f14c3d08900d80342a24c52c369624163a7c93d8f0d934a5ac7bd4c2092770,"{""c"":""init-H-injection-syndrome-ghz"",""d1"":3,""noise"":""uniform"",""p"":0.0001}",
100000000000,       182,14489319252, 50898.0,PostSelectionSampler,4237e712bc076f7577f9e71862b62407fb615ef106a46cb6dc35ef693faba787,"{""c"":""init-H-injection-syndrome-ghz"",""d1"":3,""noise"":""uniform"",""p"":0.0002}",
100000000000,       647,20922613550, 50918.9,PostSelectionSampler,28e034b5ae76bc700c36209e0dbe098259a1892a51d3e7f7eec5638495385726,"{""c"":""init-H-injection-syndrome-ghz"",""d1"":3,""noise"":""uniform"",""p"":0.0003}",
41763349538,      1005,13517551037, 21305.0,PostSelectionSampler,1e96b0c89ca112f3560bf4d463483241ff4287b073e97090126e46384843d313,"{""c"":""init-H-injection-syndrome-ghz"",""d1"":3,""noise"":""uniform"",""p"":0.0005}",
7295282961,      1000,3955525448,  3807.3,PostSelectionSampler,e376e439683e2c083eefcf89b45c7ab2b60542456e80f3db09d529acbdce0f4f,"{""c"":""init-H-injection-syndrome-ghz"",""d1"":3,""noise"":""uniform"",""p"":0.001}",
1885654801,      1000,1489132422,  1049.3,PostSelectionSampler,1778e78d935ce5b789d367977a2aecf8af1e132f3063c5a9ce85f2bcc7f8d220,"{""c"":""init-H-injection-syndrome-ghz"",""d1"":3,""noise"":""uniform"",""p"":0.002}",
100000000000,        85,6226005335, 41783.0,PostSelectionSampler,d2d63a358f7328fe75ef9243e5810a61f8640f1a3a393f6b344a2f2005a67c06,"{""c"":""init-HXY-injection-ghz-HXY"",""d1"":3,""noise"":""uniform"",""p"":0.0001}",
100000000000,       843,12061201226, 42548.1,PostSelectionSampler,6d812a663df0e31496b928047b1c70389c606fe75d4c262729b81b177c9754e9,"{""c"":""init-HXY-injection-ghz-HXY"",""d1"":3,""noise"":""uniform"",""p"":0.0002}",
34825432098,      1010,6104838524, 14728.6,PostSelectionSampler,bdee8c818069eebbc33d3f5516c019263c176a1d105ba4782137948442223dbf,"{""c"":""init-HXY-injection-ghz-HXY"",""d1"":3,""noise"":""uniform"",""p"":0.0003}",
8686315281,      1000,2385323857,  3685.6,PostSelectionSampler,e0ef27c3999da8c0330f82c9f1cdfe31e2ab25e539289718b94e8df797e11e34,"{""c"":""init-HXY-injection-ghz-HXY"",""d1"":3,""noise"":""uniform"",""p"":0.0005}",
1481601809,      1000, 701270846,   648.6,PostSelectionSampler,4e8cba7f9f11ab3347e9c9cb42b0b3b81e9d3892b2af9f967ca2589fc813987b,"{""c"":""init-HXY-injection-ghz-HXY"",""d1"":3,""noise"":""uniform"",""p"":0.001}",
 323345203,      1000, 233301136,   152.3,PostSelectionSampler,500fabf460fe17ceb626a7d3cea257be5c4ae07852ab88df87ba5af35f66f810,"{""c"":""init-HXY-injection-ghz-HXY"",""d1"":3,""noise"":""uniform"",""p"":0.002}",
100000000000,        42,7795262544, 51082.6,PostSelectionSampler,4e920c4478832c7f9e3fe9e48216527a19705cdae4b746d87cffd450fbed571a,"{""c"":""init-HXY-injection-syndrome-ghz-HXY"",""d1"":3,""noise"":""uniform"",""p"":0.0001}",
100000000000,       292,14980145921, 50599.1,PostSelectionSampler,dd8871ca6311cf60228347a2b5c7c4b2b88a13ebc2ae89e93ca9234eae231b3b,"{""c"":""init-HXY-injection-syndrome-ghz-HXY"",""d1"":3,""noise"":""uniform"",""p"":0.0002}",
100000000000,       952,21601951527, 51489.4,PostSelectionSampler,ac93c62f4c63308825db173b87c85740380c049e538474d9f419daf31f541c17,"{""c"":""init-HXY-injection-syndrome-ghz-HXY"",""d1"":3,""noise"":""uniform"",""p"":0.0003}",
28185202722,      1012,9394867621, 14470.7,PostSelectionSampler,0e34010e36f7427ee7f77f13c28459bafba1efa3173fe9438d5f3b1460c5fded,"{""c"":""init-HXY-injection-syndrome-ghz-HXY"",""d1"":3,""noise"":""uniform"",""p"":0.0005}",
4786604817,      1000,2657329337,  2506.1,PostSelectionSampler,22f32b92e9cdc6b5332328e7fe70c17c34973333058a473fbcaa7031a953357b,"{""c"":""init-HXY-injection-syndrome-ghz-HXY"",""d1"":3,""noise"":""uniform"",""p"":0.001}",
1285898001,      1000,1030508145,   717.5,PostSelectionSampler,e4c4903f216c2e2d149d54655dc48ba5b2071d555ef9a0220c2050e0e1b686c9,"{""c"":""init-HXY-injection-syndrome-ghz-HXY"",""d1"":3,""noise"":""uniform"",""p"":0.002}",
100000000000,        43,6486752910, 43189.6,PostSelectionSampler,9f03909796e1a4a1c95428d96b7f2f53290b3bb30c114045b5fb95e06eba4247,"{""c"":""init-HXY-rotated-init-x-injection-double-HXY"",""d1"":3,""noise"":""uniform"",""p"":0.0001}",
100000000000,       385,12548975513, 43235.9,PostSelectionSampler,256fe3d0cfb01960ec31582cfaa106229e949edb92810be3e0c9e32f5bf02cc2,"{""c"":""init-HXY-rotated-init-x-injection-double-HXY"",""d1"":3,""noise"":""uniform"",""p"":0.0002}",
74735071539,      1005,13612356573, 32164.8,PostSelectionSampler,bb1fd5539eab0d077ff660c5eb5be2a4bb4aa41438faa5c0ae4ac85d39b71765,"{""c"":""init-HXY-rotated-init-x-injection-double-HXY"",""d1"":3,""noise"":""uniform"",""p"":0.0003}",
18595915537,      1000,5292144302,  8134.5,PostSelectionSampler,ad82a6b6c368824d89de1fcc094c2f4b902b796fbd598ab646b733ba7ac415f3,"{""c"":""init-HXY-rotated-init-x-injection-double-HXY"",""d1"":3,""noise"":""uniform"",""p"":0.0005}",
3181840145,      1000,1551488566,  1417.7,PostSelectionSampler,972e2ca8d9dcd4b76d5f6dad148fd901c32c741b7a056f90b09618f3c877bba1,"{""c"":""init-HXY-rotated-init-x-injection-double-HXY"",""d1"":3,""noise"":""uniform"",""p"":0.001}",
 718485299,      1000, 528993783,   339.9,PostSelectionSampler,d81af5e80ff613b91e4adc2afa3bc848c4c27de1d772e156d665aa1d1ae1e4ff,"{""c"":""init-HXY-rotated-init-x-injection-double-HXY"",""d1"":3,""noise"":""uniform"",""p"":0.002}",
100000000000,        99,7174722240, 43090.9,PostSelectionSampler,72e288981af5764bea93dc8836a6daa0605130972c2d4b4568ceeb0b827331fb,"{""c"":""init-HXY-rotated-injection-double-ghz-HXY"",""d1"":3,""noise"":""uniform"",""p"":0.0001}",
100000000000,       876,13829236065, 43188.6,PostSelectionSampler,e705f00a8989b4672e7e0096c69ff3af40e175f69e11b6366294b008ddaa8c28,"{""c"":""init-HXY-rotated-injection-double-ghz-HXY"",""d1"":3,""noise"":""uniform"",""p"":0.0002}",
35437869090,      1004,7088087322, 15460.7,PostSelectionSampler,9e661d0dc3ae37c96931730b5f5c5b92e1b4bf775614968d893d1fbe4d0e777e,"{""c"":""init-HXY-rotated-injection-double-ghz-HXY"",""d1"":3,""noise"":""uniform"",""p"":0.0003}",
8776294161,      1000,2724062263,  3899.2,PostSelectionSampler,df324eb124a0f7e9f02092816591a5336002d6fb616af4baa3f2aae725744290,"{""c"":""init-HXY-rotated-injection-double-ghz-HXY"",""d1"":3,""noise"":""uniform"",""p"":0.0005}",
1539444497,      1000, 806160981,   696.9,PostSelectionSampler,53e88f8672faf7906f851dd4fca975ec080a64dcc5f61e2354e8cc328cac18f5,"{""c"":""init-HXY-rotated-injection-double-ghz-HXY"",""d1"":3,""noise"":""uniform"",""p"":0.001}",
 377637137,      1000, 291382458,   184.0,PostSelectionSampler,18a1cab2b9f1c34bab5e1348c7875258979ab8e1936f5ea1d0a741b96df44549,"{""c"":""init-HXY-rotated-injection-double-ghz-HXY"",""d1"":3,""noise"":""uniform"",""p"":0.002}",
100000000000,        54,7852631502, 52846.2,PostSelectionSampler,222b96f4aa41989bfdae6bd5975d9416eb2d64a6a9e1805faddd2b36e768139b,"{""c"":""init-HXY-rotated-injection-ghz-HXY"",""d1"":3,""noise"":""uniform"",""p"":0.0001}",
100000000000,       481,15083847875, 53666.2,PostSelectionSampler,cfeea07cd0a822c942c3e3b5f30aa5d78f61099fb8e671e121e42c1362edc30e,"{""c"":""init-HXY-rotated-injection-ghz-HXY"",""d1"":3,""noise"":""uniform"",""p"":0.0002}",
69069184307,      1002,15018145266, 36762.7,PostSelectionSampler,65d4f29b683ee38e723bc8f603c1309ed22b746a60059ab2c3b3b1ed35719d35,"{""c"":""init-HXY-rotated-injection-ghz-HXY"",""d1"":3,""noise"":""uniform"",""p"":0.0003}",
17556498193,      1000,5886203286,  9389.8,PostSelectionSampler,0d57507a548ebf9f5533a578ba40a9de2de6b712d5db32c960940df2aa416cff,"{""c"":""init-HXY-rotated-injection-ghz-HXY"",""d1"":3,""noise"":""uniform"",""p"":0.0005}",
3093873425,      1000,1724986060,  1684.8,PostSelectionSampler,8d2075a13dca7d55b365f6f7dd663044ec34ff8c5a866b586fc70b53474b4faf,"{""c"":""init-HXY-rotated-injection-ghz-HXY"",""d1"":3,""noise"":""uniform"",""p"":0.001}",
 860153951,      1070, 690835897,   496.2,PostSelectionSampler,5ac94d2f634ef817c707b4abe3d706c7cd3e0e56a6db29bbb2f4c4144ba56c79,"{""c"":""init-HXY-rotated-injection-ghz-HXY"",""d1"":3,""noise"":""uniform"",""p"":0.002}",
100000000000,        94,8317876144, 49971.9,PostSelectionSampler,2a9cef22a4ac88679ee493ee9891e8cded660e37fbb85c6a5e2c7082b9a6c845,"{""c"":""init-HXY-rotated-injection-syndrome-double-ghz-HXY"",""d1"":3,""noise"":""uniform"",""p"":0.0001}",
100000000000,       783,15938512957, 49430.4,PostSelectionSampler,dc840c12090272a05514d305087f198d2e92e069b8176d5b554c8936f3ce12bc,"{""c"":""init-HXY-rotated-injection-syndrome-double-ghz-HXY"",""d1"":3,""noise"":""uniform"",""p"":0.0002}",
43794039842,      1005,10037851520, 21348.5,PostSelectionSampler,2b8b601597df75d23da5e20e58ac9c160afe10ac6c9642a39c2a8884517621ab,"{""c"":""init-HXY-rotated-injection-syndrome-double-ghz-HXY"",""d1"":3,""noise"":""uniform"",""p"":0.0003}",
10730984209,      1000,3775274638,  5299.8,PostSelectionSampler,a7e548c20e2188380a9d63f96cb36391c7c4fa7befa35fdc374abb0bd6698a4f,"{""c"":""init-HXY-rotated-injection-syndrome-double-ghz-HXY"",""d1"":3,""noise"":""uniform"",""p"":0.0005}",
2081163025,      1000,1205311383,  1056.2,PostSelectionSampler,4b900420c10a7b96dc3690aadc32331824b798b6ae6e03a2205a6bd311c7fabf,"{""c"":""init-HXY-rotated-injection-syndrome-double-ghz-HXY"",""d1"":3,""noise"":""uniform"",""p"":0.001}",
 687421576,      1195, 564856701,   377.3,PostSelectionSampler,4363a34a87623186cefffdc1f8d5a18a5c139d18a04f4a5c49c9c2f0b4ac5dae,"{""c"":""init-HXY-rotated-injection-syndrome-double-ghz-HXY"",""d1"":3,""noise"":""uniform"",""p"":0.002}",
100000000000,        92,5338425224, 84654.3,PostSelectionSampler,8672abf9d00be747456e6bcb27c519ff607faef07a1d0f486d502d74af227892,"{""c"":""init-cx"",""d1"":3,""noise"":""uniform"",""num_ghz_measurements"":1,""p"":0.0001,""transversal_cx"":""False""}",
   4659473,         0,    248925,    1.89,PostSelectionSampler,856bf53fc3c88498736d8a44cfb122ec5af2c0b3d6cd0723cea1f3a3e2410715,"{""c"":""init-cx"",""d1"":3,""noise"":""uniform"",""num_ghz_measurements"":1,""p"":0.0001,""transversal_cx"":""False""}",
   4375347,      1205,   1280053,    3.67,PostSelectionSampler,e82856f5ed5f7fbd1e47a6e149ee28698ffa46d57d95667a63aa6afbc53f2bae,"{""c"":""init-cx"",""d1"":3,""noise"":""uniform"",""num_ghz_measurements"":1,""p"":0.0001,""transversal_cx"":""True""}",
   3665169,      1000,   1071164,    1.40,PostSelectionSampler,422fe930d553d6ac0ac944d51d7102612f990c35ad7dcfe16ead96ee065d4230,"{""c"":""init-cx"",""d1"":3,""noise"":""uniform"",""num_ghz_measurements"":1,""p"":0.0001,""transversal_cx"":""True""}",
100000000000,       674,10391108673, 86276.2,PostSelectionSampler,daa5c4668433a639708f6cb878dc9ddff14d8a5f6126dac3042b7b714152f68a,"{""c"":""init-cx"",""d1"":3,""noise"":""uniform"",""num_ghz_measurements"":1,""p"":0.0002,""transversal_cx"":""False""}",
   4691217,         0,    487088,    1.89,PostSelectionSampler,03ad83ec56a3f43b13195767beee8ea11b663996921e0bdc4e06ef7e1b309410,"{""c"":""init-cx"",""d1"":3,""noise"":""uniform"",""num_ghz_measurements"":1,""p"":0.0002,""transversal_cx"":""False""}",
   2406946,      1287,    801213,    1.95,PostSelectionSampler,83fceb2b5880ae2ace26ee93f0315e19858592eb032713dc47129f68d09b6e12,"{""c"":""init-cx"",""d1"":3,""noise"":""uniform"",""num_ghz_measurements"":1,""p"":0.0002,""transversal_cx"":""True""}",
   1825041,      1000,    607264,   0.876,PostSelectionSampler,969219b3aa2d50816571506cd990ef6a918f0a59c3a324ad9e295dbc23d20e61,"{""c"":""init-cx"",""d1"":3,""noise"":""uniform"",""num_ghz_measurements"":1,""p"":0.0002,""transversal_cx"":""True""}",
43459294549,      1003,6594163717, 36718.8,PostSelectionSampler,d763f226627db648c2ff49fabe5096f31389cd1e026f9f3ac68a182257ff80b6,"{""c"":""init-cx"",""d1"":3,""noise"":""uniform"",""num_ghz_measurements"":1,""p"":0.0003,""transversal_cx"":""False""}",
   1682978,      1276,    623615,    1.34,PostSelectionSampler,a72f94368249670cdec301300179dcf51d5cc905e220a6f7a0c00a9749f5f7e4,"{""c"":""init-cx"",""d1"":3,""noise"":""uniform"",""num_ghz_measurements"":1,""p"":0.0003,""transversal_cx"":""True""}",
11352721476,      1028,2722738131,  9554.8,PostSelectionSampler,31d13109fcae3e0f9697efc04e9daf05a05e35165538e5814a97ee4bcc42b73b,"{""c"":""init-cx"",""d1"":3,""noise"":""uniform"",""num_ghz_measurements"":1,""p"":0.0005,""transversal_cx"":""False""}",
   1352226,      1495,    595723,    1.07,PostSelectionSampler,22129841ae7b62eeb308b97664334fe702fbfcd81ba6963c10476f13e383a501,"{""c"":""init-cx"",""d1"":3,""noise"":""uniform"",""num_ghz_measurements"":1,""p"":0.0005,""transversal_cx"":""True""}",
1819219763,      1032, 767750784,  1516.6,PostSelectionSampler,5b1f848c6765f943b7d7bb641658b169366a00f4c01d4828a58d7b51ec7ad9d3,"{""c"":""init-cx"",""d1"":3,""noise"":""uniform"",""num_ghz_measurements"":1,""p"":0.001,""transversal_cx"":""False""}",
   1229346,      1918,    714152,   0.984,PostSelectionSampler,67304892822b1749f7b91a4be8b840e50ca491828ecf8acc2d921c786dff3252,"{""c"":""init-cx"",""d1"":3,""noise"":""uniform"",""num_ghz_measurements"":1,""p"":0.001,""transversal_cx"":""True""}",
 507121186,      1367, 337547221,   424.3,PostSelectionSampler,022c4bf249472d5a1ebc6894dc2372ff3d7ccfaf3247269df954da5afa337e21,"{""c"":""init-cx"",""d1"":3,""noise"":""uniform"",""num_ghz_measurements"":1,""p"":0.002,""transversal_cx"":""False""}",
   1135138,      2005,    869633,   0.933,PostSelectionSampler,b6b36ed7073fa16caf3d8b429c51ad3ef567643e233b022923b05ad6e1caee36,"{""c"":""init-cx"",""d1"":3,""noise"":""uniform"",""num_ghz_measurements"":1,""p"":0.002,""transversal_cx"":""True""}",
100000000000,       120,8716670913,126782.2,PostSelectionSampler,2f9ffa0d3274364a0135ba4b4be945414372c7536d95755c426241b1136ae8f5,"{""c"":""init-cx"",""d1"":3,""noise"":""uniform"",""num_ghz_measurements"":2,""p"":0.0001,""transversal_cx"":""False""}",
   3212561,         0,    280973,    2.23,PostSelectionSampler,258c80a6683db5fcc355d443c90ae4feb2dfbd8821623cf21feac6a7795e69aa,"{""c"":""init-cx"",""d1"":3,""noise"":""uniform"",""num_ghz_measurements"":2,""p"":0.0001,""transversal_cx"":""False""}",
3557823556,      1050,1141105313,  4276.6,PostSelectionSampler,cc41c15fce997989625138cdd6458a57d035ddaed1736b43ec55d2cbd38bd0dc,"{""c"":""init-cx"",""d1"":3,""noise"":""uniform"",""num_ghz_measurements"":2,""p"":0.0001,""transversal_cx"":""True""}",
   3305745,         0,   1060068,    2.23,PostSelectionSampler,9b779a6102191328081196d9fb37d71eed33f8a120c9ab8d3333075736c8c690,"{""c"":""init-cx"",""d1"":3,""noise"":""uniform"",""num_ghz_measurements"":2,""p"":0.0001,""transversal_cx"":""True""}",
100000000000,       792,16671895814,125288.2,PostSelectionSampler,6ccdc5833505e8a362447cde9c8403e8156c2349fd42a43c19de335f623ea83d,"{""c"":""init-cx"",""d1"":3,""noise"":""uniform"",""num_ghz_measurements"":2,""p"":0.0002,""transversal_cx"":""False""}",
   3191057,         0,    531662,    2.24,PostSelectionSampler,39531e98092c84953d715dbae1722ca409ecc2f4c3ae5099bd481d51feadfb2f,"{""c"":""init-cx"",""d1"":3,""noise"":""uniform"",""num_ghz_measurements"":2,""p"":0.0002,""transversal_cx"":""False""}",
1003143987,      1070, 386024123,  1193.7,PostSelectionSampler,7da19f34eb6432b5a916aecb732d1a7e09fc4aed9347c8784d9a08246be2a74b,"{""c"":""init-cx"",""d1"":3,""noise"":""uniform"",""num_ghz_measurements"":2,""p"":0.0002,""transversal_cx"":""True""}",
   3264785,         2,   1255573,    2.21,PostSelectionSampler,3ce9f5d0a3e3a1fb7a42797620d3377fec14d76e833506d3136edb7886d43244,"{""c"":""init-cx"",""d1"":3,""noise"":""uniform"",""num_ghz_measurements"":2,""p"":0.0002,""transversal_cx"":""True""}",
42164209254,      1006,10091350736, 53245.1,PostSelectionSampler,884d0e4be68b46725668679db79afc5fd5f0618152054c3492a0b9ee2b04f67c,"{""c"":""init-cx"",""d1"":3,""noise"":""uniform"",""num_ghz_measurements"":2,""p"":0.0003,""transversal_cx"":""False""}",
 506341922,      1120, 224217344,   600.1,PostSelectionSampler,716792bbe1ee248df13b779892eb5f683a0d286266203df5ab3809b3ab6a612d,"{""c"":""init-cx"",""d1"":3,""noise"":""uniform"",""num_ghz_measurements"":2,""p"":0.0003,""transversal_cx"":""True""}",
10991903812,      1017,4024130386, 13346.4,PostSelectionSampler,6975ebb757dd9f913827be5b8dbe38d91d44de5f9659d6b02ad3684f0d0a0029,"{""c"":""init-cx"",""d1"":3,""noise"":""uniform"",""num_ghz_measurements"":2,""p"":0.0005,""transversal_cx"":""False""}",
 258384418,      1332, 140285983,   305.9,PostSelectionSampler,504a80a88b6e8bad8844ae2d9fc78aa23f0cfa96c55cb8bee727f54281115d5d,"{""c"":""init-cx"",""d1"":3,""noise"":""uniform"",""num_ghz_measurements"":2,""p"":0.0005,""transversal_cx"":""True""}",
2257353523,      1074,1349976355,  2700.5,PostSelectionSampler,6d65a5ae3eb4c6c2becf79a41cd8b838e17feb5fa68cdde2a63f39566fe793dc,"{""c"":""init-cx"",""d1"":3,""noise"":""uniform"",""num_ghz_measurements"":2,""p"":0.001,""transversal_cx"":""False""}",
  94433826,      1232,  68116086,   111.4,PostSelectionSampler,5e0af38b8c800af26c24e1dfc7a79c0d9c828e3d7f72a0c4d1f510cbc5ce4b43,"{""c"":""init-cx"",""d1"":3,""noise"":""uniform"",""num_ghz_measurements"":2,""p"":0.001,""transversal_cx"":""True""}",
 687240738,      1129, 576053921,   833.9,PostSelectionSampler,4094bf13a62204e590c850dfcb3b6dc126e995e63f04dacf5bdc0add7a4955b3,"{""c"":""init-cx"",""d1"":3,""noise"":""uniform"",""num_ghz_measurements"":2,""p"":0.002,""transversal_cx"":""False""}",
  64769570,      1288,  58055469,    79.7,PostSelectionSampler,eb45a1caaaee3ff3a87a344d09bf83c18bd6dcd9807289c800374c2bf90dc50e,"{""c"":""init-cx"",""d1"":3,""noise"":""uniform"",""num_ghz_measurements"":2,""p"":0.002,""transversal_cx"":""True""}",
100000000000,       123,11973923242,161874.7,PostSelectionSampler,4abf65624f1bccee58f45d639627a553d466ac9ea7bd73f131d80731fa705a93,"{""c"":""init-cx"",""d1"":3,""noise"":""uniform"",""num_ghz_measurements"":3,""p"":0.0001,""transversal_cx"":""False""}",
   2905361,         0,    348655,    2.24,PostSelectionSampler,74c79cffaadbdcf9001b735feffcb592fc2230db6e13e696673c5452d4e5e327,"{""c"":""init-cx"",""d1"":3,""noise"":""uniform"",""num_ghz_measurements"":3,""p"":0.0001,""transversal_cx"":""False""}",
100000000000,        84,34754964933,156577.2,PostSelectionSampler,c887e0f061864f01422ffe95ce536404d1bcdcc3110604d7f5f44d00d4545434,"{""c"":""init-cx"",""d1"":3,""noise"":""uniform"",""num_ghz_measurements"":3,""p"":0.0001,""transversal_cx"":""True""}",
   2683153,         0,    933594,    2.30,PostSelectionSampler,51c58cfa266b809382ac9733ea5a5fb7d1645654a3c81973d7d28d1d4914b578,"{""c"":""init-cx"",""d1"":3,""noise"":""uniform"",""num_ghz_measurements"":3,""p"":0.0001,""transversal_cx"":""True""}",
100000000000,       850,22512846925,160910.2,PostSelectionSampler,ef4e784274270ca8e199499ba897f959210a7eaf80b91738bf9b7521e3dfdc6e,"{""c"":""init-cx"",""d1"":3,""noise"":""uniform"",""num_ghz_measurements"":3,""p"":0.0002,""transversal_cx"":""False""}",
   1318161,         0,    296840,    1.17,PostSelectionSampler,c3b087f154f6f5b64e6d79003a62b8418b6db5219ef18f28b842ce1b3ba715fc,"{""c"":""init-cx"",""d1"":3,""noise"":""uniform"",""num_ghz_measurements"":3,""p"":0.0002,""transversal_cx"":""False""}",
100000000000,       673,43239994042,156018.6,PostSelectionSampler,bf24cfa60269f45595a52597e0deae9117ec5daeaa64134f5b4fa7c980120aa3,"{""c"":""init-cx"",""d1"":3,""noise"":""uniform"",""num_ghz_measurements"":3,""p"":0.0002,""transversal_cx"":""True""}",
    626961,         0,    270924,   0.562,PostSelectionSampler,a64a36d2118f7fa2770f5ab5f2fc621a591ee6cbf4abe1f396d5e40385e15206,"{""c"":""init-cx"",""d1"":3,""noise"":""uniform"",""num_ghz_measurements"":3,""p"":0.0002,""transversal_cx"":""True""}",
40578443127,      1004,12899355332, 64358.6,PostSelectionSampler,16527ea3f566c9e1e2b15b6f1dc96c414c37d4e2833a64e0c858c582cf4f8f9a,"{""c"":""init-cx"",""d1"":3,""noise"":""uniform"",""num_ghz_measurements"":3,""p"":0.0003,""transversal_cx"":""False""}",
54017227912,      1004,27344254260, 83982.0,PostSelectionSampler,105c29150eae817fb27c5a82cf8e7d4ad0426ce399b6d60dc6530056b5ff4d65,"{""c"":""init-cx"",""d1"":3,""noise"":""uniform"",""num_ghz_measurements"":3,""p"":0.0003,""transversal_cx"":""True""}",
10703929412,      1013,5045730945, 16709.1,PostSelectionSampler,b0579c93d2d748eb08321865d9b86b3dd95ddcd8c794d68e163f857dcffb5187,"{""c"":""init-cx"",""d1"":3,""noise"":""uniform"",""num_ghz_measurements"":3,""p"":0.0005,""transversal_cx"":""False""}",
15292838980,      1009,9577332427, 23242.1,PostSelectionSampler,f05de266ccedbf92fe67d9b82ed18e5bc558d548b397cf4955683fda7af40f5d,"{""c"":""init-cx"",""d1"":3,""noise"":""uniform"",""num_ghz_measurements"":3,""p"":0.0005,""transversal_cx"":""True""}",
2778226483,      1068,2001570162,  4319.7,PostSelectionSampler,73101b3ce870a09a43f5e623857cf88ff45ab2f033db715208692a16e9bf37f8,"{""c"":""init-cx"",""d1"":3,""noise"":""uniform"",""num_ghz_measurements"":3,""p"":0.001,""transversal_cx"":""False""}",
3871152947,      1030,3149848956,  5876.1,PostSelectionSampler,de7802156273fef24875ed81b286f3cacfad4d0061a0a95f4592a37e21568d88,"{""c"":""init-cx"",""d1"":3,""noise"":""uniform"",""num_ghz_measurements"":3,""p"":0.001,""transversal_cx"":""True""}",
1132679714,      1021,1044022261,  1779.2,PostSelectionSampler,c6c2ac3eb92db7a230af47efc6ad26d4e1b33a51881d4bc59609b7055e8271c5,"{""c"":""init-cx"",""d1"":3,""noise"":""uniform"",""num_ghz_measurements"":3,""p"":0.002,""transversal_cx"":""False""}",
1991276612,      1082,1898936180,  3182.3,PostSelectionSampler,d41161a644f2fd94281ad4f414557aaf067121612069d8b6a985a97fb7abcb2f,"{""c"":""init-cx"",""d1"":3,""noise"":""uniform"",""num_ghz_measurements"":3,""p"":0.002,""transversal_cx"":""True""}",
100000000000,        34,30604987532,150982.3,PostSelectionSampler,60fcdbad78fa21a99e66c5d55d9d1f6540e41b179b37b752e909f4469346dcb6,"{""c"":""init-injection-ghz"",""d1"":5,""noise"":""uniform"",""p"":0.0001}",
     28945,         0,      8847,   0.036,PostSelectionSampler,70f8e665de654a457bcb9490193b8a7924e624fde36aab439300c91a0c1d7c04,"{""c"":""init-injection-ghz"",""d1"":5,""noise"":""uniform"",""p"":0.0001}",
100000000000,       190,51826204112,150652.8,PostSelectionSampler,09356b97595eda888e550a6c4967fe581593cba6935bcaa27f45b8d6c1fbb29d,"{""c"":""init-injection-ghz"",""d1"":5,""noise"":""uniform"",""p"":0.0002}",
     25873,         0,     13368,   0.038,PostSelectionSampler,07ae136f7dbd6a3a6c78b3dd37601981c1c9734b110e87661bf6ff3376637062,"{""c"":""init-injection-ghz"",""d1"":5,""noise"":""uniform"",""p"":0.0002}",
100000000000,       471,66546141321,150298.6,PostSelectionSampler,e3b8701b328ac4f71b0cf23a434b5b682b5f474376f2cdb102d6ffac98ddebff,"{""c"":""init-injection-ghz"",""d1"":5,""noise"":""uniform"",""p"":0.0003}",
     28945,         0,     19175,   0.038,PostSelectionSampler,9f7aca1db941f40334b5c7ad93a5655d0f76774feda9d38cf552ee9e257d4cff,"{""c"":""init-injection-ghz"",""d1"":5,""noise"":""uniform"",""p"":0.0003}",
93801382160,      1004,78652112061,143689.1,PostSelectionSampler,eafa6fe62f6923502a8321af744adb9d6489856293440b3b3f39076d6ce0b07d,"{""c"":""init-injection-ghz"",""d1"":5,""noise"":""uniform"",""p"":0.0005}",
     15633,         0,     13054,   0.022,PostSelectionSampler,2daa653a76aca03215bbb599bc5f4f50f670d3365b5ac8187e632587be455da7,"{""c"":""init-injection-ghz"",""d1"":5,""noise"":""uniform"",""p"":0.0005}",
69493977087,      1004,67664828251,115621.3,PostSelectionSampler,ad84432698627619ede2619faee158a7e684fc7aa0dc8e3076807aeb0853e5f5,"{""c"":""init-injection-ghz"",""d1"":5,""noise"":""uniform"",""p"":0.001}",
     28945,         0,     28206,   0.041,PostSelectionSampler,e571f3e7f4f9917751068a8762ccb664e7dc9c833d7952316992346c51424f7f,"{""c"":""init-injection-ghz"",""d1"":5,""noise"":""uniform"",""p"":0.001}",
100000000000,       404,99928047205,198116.9,PostSelectionSampler,d445d527fb67413623f3b44abf2cb0db538932ca8dc0d9becc1a4f12e18b93c7,"{""c"":""init-injection-ghz"",""d1"":5,""noise"":""uniform"",""p"":0.002}",
     19729,         0,     19717,   0.041,PostSelectionSampler,043daf7ff2d397af63bac942546d71b3b7d8bee7f798ff1b831bf46e9e680882,"{""c"":""init-injection-ghz"",""d1"":5,""noise"":""uniform"",""p"":0.002}",
100000000000,         0,49544426996,278421.6,PostSelectionSampler,93bb1151c9dcfe98ca72bc8f497dec1e7033b85fae139d090327b6e49731f318,"{""c"":""init-injection-syndrome-ghz"",""d1"":5,""noise"":""uniform"",""p"":0.0001}",
100000000000,         0,74528144025,278106.7,PostSelectionSampler,4b8334e84760cfce94365534d60a9e4f0b016d055dc72493c3869904b61e97cb,"{""c"":""init-injection-syndrome-ghz"",""d1"":5,""noise"":""uniform"",""p"":0.0002}",
100000000000,         0,87133647346,279577.0,PostSelectionSampler,bfb478e60408aafdfdfbe7e125378c955548b563e915111f5a72149b6140d6ae,"{""c"":""init-injection-syndrome-ghz"",""d1"":5,""noise"":""uniform"",""p"":0.0003}",
      2321,         0,      2025,   0.010,PostSelectionSampler,2279da6c6059e4c49866d2d6cc2475740c90c574078a433d999d18d7dbe55f9a,"{""c"":""init-injection-syndrome-ghz"",""d1"":5,""noise"":""uniform"",""p"":0.0003}",
100000000000,         0,96711466434,288040.7,PostSelectionSampler,80557971bfa965d5198e4740da5982d772b55583eab6e2b84640935f471d491c,"{""c"":""init-injection-syndrome-ghz"",""d1"":5,""noise"":""uniform"",""p"":0.0005}",
      3345,         0,      3219,   0.013,PostSelectionSampler,1fc7519e4cc7348f28b93704e4072f29b44b37e95ba3cb5d04500fd28bd33fa4,"{""c"":""init-injection-syndrome-ghz"",""d1"":5,""noise"":""uniform"",""p"":0.0005}",
100000000000,         0,99890274752,315541.7,PostSelectionSampler,6e0f0547b0a8ecbb6354a03ae8711ef61620ae7280adbdd5a4a858d9c4d09cbd,"{""c"":""init-injection-syndrome-ghz"",""d1"":5,""noise"":""uniform"",""p"":0.001}",
100000000000,         0,99999871746,376451.6,PostSelectionSampler,b6ccf39d6cd87838cac6c21fa60155a06fc78c505a4deae8bc35a635dfaaa224,"{""c"":""init-injection-syndrome-ghz"",""d1"":5,""noise"":""uniform"",""p"":0.002}",
